,Theta1,Theta2,Theta3,Power,Ancho_espectral
0,0.0,0.0,0,0.02816,68.16380628717093
1,4.0,0.0,0,0.02814475,68.35887850467293
2,8.0,0.0,0,0.02811,69.78011894647398
3,12.0,0.0,0,0.028035,71.87017841971124
4,16.0,0.0,0,0.027984333,73.20781648258276
5,20.0,0.0,0,0.02801125,72.78980458793535
6,24.0,0.0,0,0.02810775,72.6504672897197
7,28.0,0.0,0,0.0282135,68.1638062871707
8,32.0,0.0,0,0.02825575,70.19813084112161
9,36.0,0.0,0,0.02825575,68.94409515717939
10,40.0,0.0,0,0.0282345,69.6686491079015
11,44.0,0.0,0,0.0281885,70.56040781648267
12,48.0,0.0,0,0.02813975,71.61937128292266
13,52.0,0.0,0,0.02807075,71.39643160577748
14,56.0,0.0,0,0.028026,72.09311809685641
15,60.0,0.0,0,0.0279834,73.23568394222593
16,64.0,0.0,0,0.027827,76.05029736618508
17,68.0,0.0,0,0.02800325,72.37179269328794
18,72.0,0.0,0,0.0280685,70.0587935429055
19,76.0,0.0,0,0.02822275,64.73610875106215
20,80.0,0.0,0,0.0283175,62.59031435853876
21,84.0,0.0,0,0.028382,59.97077315208139
22,88.0,0.0,0,0.02842175,59.41342395921856
23,92.0,0.0,0,0.0284385,59.329821580289035
24,96.0,0.0,0,0.02843525,59.16261682242998
25,100.0,0.0,0,0.0284348,59.30195412064586
26,104.0,0.0,0,0.0284295,59.608496176720564
27,108.0,0.0,0,0.02842175,59.97077315208162
28,112.0,0.0,0,0.028377667,61.33627867459654
29,116.0,0.0,0,0.02838225,63.23126593033135
30,120.0,0.0,0,0.02829,65.76720475785896
31,124.0,0.0,0,0.028237,65.79507221750214
32,128.0,0.0,0,0.02814325,68.99983007646551
33,132.0,0.0,0,0.028116,71.03415463041642
34,136.0,0.0,0,0.02823375,62.86898895497029
35,140.0,0.0,0,0.028221,65.59999999999991
36,144.0,0.0,0,0.0280355,72.09311809685641
37,148.0,0.0,0,0.02786375,75.5208156329652
38,152.0,0.0,0,0.0277465,78.61410365335587
39,156.0,0.0,0,0.027685,79.17145284621915
40,160.0,0.0,0,0.0277468,77.02565845369577
41,164.0,0.0,0,0.027871,74.29464740866615
42,168.0,0.0,0,0.0279595,70.64401019541197
43,172.0,0.0,0,0.0280555,69.52931180968562
44,176.0,0.0,0,0.02810025,68.13593882752775
45,180.0,0.0,0,0.02809325,69.27850467289727
46,184.0,0.0,0,0.028069,70.08666100254891
47,188.0,0.0,0,0.02804525,71.75870858113854
48,192.0,0.0,0,0.028041,72.09311809685641
49,196.0,0.0,0,0.02810475,71.39643160577748
50,0.0,4.0,0,0.028097,74.04384027187757
51,4.0,4.0,0,0.028047,74.26677994902298
52,8.0,4.0,0,0.0280442,75.60441801189472
53,12.0,4.0,0,0.02800225,75.38147833474932
54,16.0,4.0,0,0.028028,72.09311809685641
55,20.0,4.0,0,0.028122,70.00305862361938
56,24.0,4.0,0,0.0282195,69.50144435004245
57,28.0,4.0,0,0.028274,69.72438402718763
58,32.0,4.0,0,0.0282855,70.08666100254891
59,36.0,4.0,0,0.028268,70.75548003398467
60,40.0,4.0,0,0.028237,72.98487680543758
61,44.0,4.0,0,0.02818225,71.89804587935441
62,48.0,4.0,0,0.02812675,72.4275276125743
63,52.0,4.0,0,0.0280725,72.67833474936288
64,56.0,4.0,0,0.0280425,75.99456244689895
65,60.0,4.0,0,0.0279815,74.26677994902298
66,64.0,4.0,0,0.0279692,71.98164825828371
67,68.0,4.0,0,0.0280715,69.80798640611715
68,72.0,4.0,0,0.028126667,63.426338147833576
69,76.0,4.0,0,0.02828775,60.55598980458808
70,80.0,4.0,0,0.02839075,59.21835174171633
71,84.0,4.0,0,0.0284615,58.77247238742575
72,88.0,4.0,0,0.0284815,58.13152081563294
73,92.0,4.0,0,0.0284825,58.10365335598976
74,96.0,4.0,0,0.02848425,58.18725573491929
75,100.0,4.0,0,0.02848425,59.27408666100246
76,104.0,4.0,0,0.02847975,59.692098555649864
77,108.0,4.0,0,0.0284745,60.3051826677995
78,112.0,4.0,0,0.0284545,63.53780798640605
79,116.0,4.0,0,0.02840425,64.62463891248944
80,120.0,4.0,0,0.028397,65.51639762107061
81,124.0,4.0,0,0.02829325,68.49821580288881
82,128.0,4.0,0,0.028187333,69.89158878504668
83,132.0,4.0,0,0.028157,68.60968564146128
84,136.0,4.0,0,0.02822125,62.72965165675441
85,140.0,4.0,0,0.0282855,69.38997451146975
86,144.0,4.0,0,0.02816775,74.93559898045896
87,148.0,4.0,0,0.02797325,77.44367034834318
88,152.0,4.0,0,0.02783525,79.2271877655055
89,156.0,4.0,0,0.02775575,78.30756159728116
90,160.0,4.0,0,0.02774875,75.66015293118107
91,164.0,4.0,0,0.02786575,73.45862361937111
92,168.0,4.0,0,0.027967,70.22599830076456
93,172.0,4.0,0,0.02806,69.4457094307561
94,176.0,4.0,0,0.0281044,69.52931180968562
95,180.0,4.0,0,0.02810675,69.94732370433303
96,184.0,4.0,0,0.028086,71.5636363636363
97,188.0,4.0,0,0.028084,71.73084112149536
98,192.0,4.0,0,0.02809375,71.5636363636363
99,196.0,4.0,0,0.028116,68.91622769753599
100,0.0,8.0,0,0.028381,70.36533559898044
101,4.0,8.0,0,0.0281325,70.56040781648267
102,8.0,8.0,0,0.02818625,70.58827527612561
103,12.0,8.0,0,0.02817575,70.67187765505514
104,16.0,8.0,0,0.02815125,72.17672047578594
105,20.0,8.0,0,0.02811975,73.17994902293958
106,24.0,8.0,0,0.0280812,72.87340696686488
107,28.0,8.0,0,0.028052667,70.42107051826679
108,32.0,8.0,0,0.02808775,68.74902293967716
109,36.0,8.0,0,0.02819625,68.52608326253198
110,40.0,8.0,0,0.02829025,69.86372132540373
111,44.0,8.0,0,0.02832075,70.03092608326256
112,48.0,8.0,0,0.02831225,71.3685641461343
113,52.0,8.0,0,0.0282595,71.70297366185218
114,56.0,8.0,0,0.02822925,74.96346644010191
115,60.0,8.0,0,0.02811025,73.87663551401874
116,64.0,8.0,0,0.0279815,76.18963466440096
117,68.0,8.0,0,0.02802075,74.96346644010191
118,72.0,8.0,0,0.0279824,75.68802039082402
119,76.0,8.0,0,0.028047333,68.88836023789281
120,80.0,8.0,0,0.02795025,63.00832625318617
121,84.0,8.0,0,0.028163,62.70178419711124
122,88.0,8.0,0,0.0283915,58.21512319456224
123,92.0,8.0,0,0.02846825,58.63313508920987
124,96.0,8.0,0,0.0285535,58.883942225998226
125,100.0,8.0,0,0.0285705,59.05114698385728
126,104.0,8.0,0,0.02856575,58.99541206457093
127,108.0,8.0,0,0.0285575,60.16584536958362
128,112.0,8.0,0,0.02854425,60.11011045029727
129,116.0,8.0,0,0.0285705,61.33627867459654
130,120.0,8.0,0,0.0285476,62.450977060322884
131,124.0,8.0,0,0.028529667,66.3802888700086
132,128.0,8.0,0,0.0285355,65.68360237892966
133,132.0,8.0,0,0.02851475,65.96227697536096
134,136.0,8.0,0,0.028461,68.99983007646574
135,140.0,8.0,0,0.028343,72.31605777400182
136,144.0,8.0,0,0.02823075,68.08020390824117
137,148.0,8.0,0,0.0281385,68.72115548003399
138,152.0,8.0,0,0.02830775,72.92914188615123
139,156.0,8.0,0,0.028336,76.16176720475778
140,160.0,8.0,0,0.02815,77.75021240441811
141,164.0,8.0,0,0.02795,77.16499575191165
142,168.0,8.0,0,0.0278825,74.3503823279525
143,172.0,8.0,0,0.027892,73.26355140186911
144,176.0,8.0,0,0.02796,72.56686491079017
145,180.0,8.0,0,0.0280395,71.73084112149536
146,184.0,8.0,0,0.028093,71.0341546304162
147,188.0,8.0,0,0.028156,69.38997451146975
148,192.0,8.0,0,0.02822725,68.49821580288881
149,196.0,8.0,0,0.02832325,65.0983857264232
150,0.0,12.0,0,0.0285715,73.79303313508922
151,4.0,12.0,0,0.028473,73.90450297366192
152,8.0,12.0,0,0.02804,74.68479184367038
153,12.0,12.0,0,0.028060333,75.35361087510614
154,16.0,12.0,0,0.02805525,74.85199660152944
155,20.0,12.0,0,0.02800975,74.76839422259991
156,24.0,12.0,0,0.02797825,74.60118946474086
157,28.0,12.0,0,0.02796475,73.09634664401005
158,32.0,12.0,0,0.02796,70.9226847918435
159,36.0,12.0,0,0.027985,68.97196261682234
160,40.0,12.0,0,0.0280725,70.19813084112138
161,44.0,12.0,0,0.0281875,70.42107051826679
162,48.0,12.0,0,0.02825425,71.53576890399313
163,52.0,12.0,0,0.0282585,70.05879354290573
164,56.0,12.0,0,0.028239,75.99456244689895
165,60.0,12.0,0,0.02820975,66.71469838572648
166,64.0,12.0,0,0.0282202,72.48326253186065
167,68.0,12.0,0,0.028088333,70.92268479184372
168,72.0,12.0,0,0.028253,76.60764655904859
169,76.0,12.0,0,0.02824975,73.48649107901429
170,80.0,12.0,0,0.028219,62.47884451996583
171,84.0,12.0,0,0.02793375,61.47561597281242
172,88.0,12.0,0,0.02792925,58.7167374681394
173,92.0,12.0,0,0.0283245,58.29872557349199
174,96.0,12.0,0,0.028466,58.85607476635528
175,100.0,12.0,0,0.02855475,58.85607476635505
176,104.0,12.0,0,0.0285775,58.800339847068926
177,108.0,12.0,0,0.02855975,58.15938827527634
178,112.0,12.0,0,0.0285544,58.828207306711874
179,116.0,12.0,0,0.02854125,60.58385726423103
180,120.0,12.0,0,0.028585667,61.97723024638913
181,124.0,12.0,0,0.0285815,64.26236193712839
182,128.0,12.0,0,0.02856175,65.54426508071379
183,132.0,12.0,0,0.02855275,63.06406117247229
184,136.0,12.0,0,0.028536,71.92591333899736
185,140.0,12.0,0,0.028542,77.69447748513176
186,144.0,12.0,0,0.0285145,71.5636363636363
187,148.0,12.0,0,0.0282685,70.11452846219208
188,152.0,12.0,0,0.027999,68.49821580288858
189,156.0,12.0,0,0.028202,71.39643160577725
190,160.0,12.0,0,0.028396,72.20458793542912
191,164.0,12.0,0,0.028398,70.9505522514869
192,168.0,12.0,0,0.028239,68.44248088360246
193,172.0,12.0,0,0.02817625,67.10484282073071
194,176.0,12.0,0,0.028195,65.82293967714531
195,180.0,12.0,0,0.02831525,64.9869158878505
196,184.0,12.0,0,0.02844375,61.057604078164786
197,188.0,12.0,0,0.028514,60.94613423959231
198,192.0,12.0,0,0.02852625,60.583857264231256
199,196.0,12.0,0,0.0285805,63.23126593033135
200,0.0,16.0,0,0.02865525,72.09311809685664
201,4.0,16.0,0,0.0286226,72.28819031435842
202,8.0,16.0,0,0.028536,72.87340696686488
203,12.0,16.0,0,0.02821425,73.37502124044181
204,16.0,16.0,0,0.028105,73.8209005947324
205,20.0,16.0,0,0.0280895,73.98810535259145
206,24.0,16.0,0,0.02807975,74.96346644010191
207,28.0,16.0,0,0.02806325,74.09957519116392
208,32.0,16.0,0,0.0280305,73.40288870008499
209,36.0,16.0,0,0.028005,71.08988954970278
210,40.0,16.0,0,0.02799025,68.77689039932034
211,44.0,16.0,0,0.02801725,67.74579439252352
212,48.0,16.0,0,0.0280508,67.32778249787611
213,52.0,16.0,0,0.02812,68.83262531860669
214,56.0,16.0,0,0.0281835,69.27850467289727
215,60.0,16.0,0,0.02827975,66.0737468139339
216,64.0,16.0,0,0.028333,68.72115548003399
217,68.0,16.0,0,0.02834225,64.12302463891251
218,72.0,16.0,0,0.028301,68.52608326253198
219,76.0,16.0,0,0.02833525,66.71469838572648
220,80.0,16.0,0,0.028329,75.32574341546297
221,84.0,16.0,0,0.02842025,75.29787595581979
222,88.0,16.0,0,0.0283915,63.5099405267631
223,92.0,16.0,0,0.0283655,63.00832625318617
224,96.0,16.0,0,0.0280535,59.88717077315209
225,100.0,16.0,0,0.0278048,57.74137638062871
226,104.0,16.0,0,0.028265,58.07578589634659
227,108.0,16.0,0,0.028419667,58.66100254885305
228,112.0,16.0,0,0.028483,58.63313508920987
229,116.0,16.0,0,0.028569,58.18725573491929
230,120.0,16.0,0,0.02858075,59.552761257433986
231,124.0,16.0,0,0.02855775,60.5002548853015
232,128.0,16.0,0,0.02855825,62.311639762107006
233,132.0,16.0,0,0.02857725,63.67714528462193
234,136.0,16.0,0,0.02858,64.8754460492778
235,140.0,16.0,0,0.02857175,65.18198810535273
236,144.0,16.0,0,0.0285515,71.31282922684795
237,148.0,16.0,0,0.0285425,78.64197111299927
238,152.0,16.0,0,0.0285018,76.96992353440965
239,156.0,16.0,0,0.02846725,71.08988954970278
240,160.0,16.0,0,0.028271,72.09311809685641
241,164.0,16.0,0,0.02798825,68.16380628717093
242,168.0,16.0,0,0.02809175,66.6868309260833
243,172.0,16.0,0,0.02834825,67.69005947323717
244,176.0,16.0,0,0.02839175,64.81971112999145
245,180.0,16.0,0,0.0284235,64.37383177570086
246,184.0,16.0,0,0.0284045,63.34273576890405
247,188.0,16.0,0,0.028406,62.785386576040764
248,192.0,16.0,0,0.02845625,63.17553101104522
249,196.0,16.0,0,0.028538,65.0983857264232
250,0.0,20.0,0,0.028639,73.98810535259122
251,4.0,20.0,0,0.0286045,74.09957519116392
252,8.0,20.0,0,0.028547333,74.4339847068818
253,12.0,20.0,0,0.02837375,74.37824978759545
254,16.0,20.0,0,0.0282485,74.43398470688203
255,20.0,20.0,0,0.02802175,73.65369583687334
256,24.0,20.0,0,0.02800475,73.48649107901451
257,28.0,20.0,0,0.027993,73.01274426508076
258,32.0,20.0,0,0.027987,70.67187765505514
259,36.0,20.0,0,0.027981,69.11129991503822
260,40.0,20.0,0,0.02797975,67.46711979609177
261,44.0,20.0,0,0.02798525,66.6868309260833
262,48.0,20.0,0,0.02803475,66.51962616822448
263,52.0,20.0,0,0.028131,68.24740866610045
264,56.0,20.0,0,0.0282455,66.46389124893813
265,60.0,20.0,0,0.028355667,64.5689039932031
266,64.0,20.0,0,0.028425,62.70178419711124
267,68.0,20.0,0,0.028453,61.921495327103
268,72.0,20.0,0,0.02843875,66.04587935429072
269,76.0,20.0,0,0.0284345,64.26236193712839
270,80.0,20.0,0,0.0285295,70.53254035683949
271,84.0,20.0,0,0.02856825,77.025658453696
272,88.0,20.0,0,0.028555,66.04587935429049
273,92.0,20.0,0,0.02846275,61.50348343245537
274,96.0,20.0,0,0.028431,62.95259133389982
275,100.0,20.0,0,0.0281652,59.24621920135928
276,104.0,20.0,0,0.0277775,57.76924384027188
277,108.0,20.0,0,0.028129,57.79711129991506
278,112.0,20.0,0,0.02839625,58.10365335598976
279,116.0,20.0,0,0.02849375,59.99864061172457
280,120.0,20.0,0,0.028544,61.08547153780796
281,124.0,20.0,0,0.02858075,60.277315208156324
282,128.0,20.0,0,0.02859425,63.56567544604923
283,132.0,20.0,0,0.02857625,65.51639762107061
284,136.0,20.0,0,0.0285795,65.32132540356838
285,140.0,20.0,0,0.02857925,68.55395072217493
286,144.0,20.0,0,0.02858675,79.86813933729832
287,148.0,20.0,0,0.0285478,87.19728122344941
288,152.0,20.0,0,0.028494,74.46185216652498
289,156.0,20.0,0,0.02851875,71.39643160577748
290,160.0,20.0,0,0.0284415,76.38470688190318
291,164.0,20.0,0,0.0281475,72.42752761257452
292,168.0,20.0,0,0.027877,65.96227697536096
293,172.0,20.0,0,0.02813825,64.48530161427357
294,176.0,20.0,0,0.02832375,63.64927782497875
295,180.0,20.0,0,0.0282725,64.95904842820732
296,184.0,20.0,0,0.02820825,71.25709430756183
297,188.0,20.0,0,0.028325,79.19932030586256
298,192.0,20.0,0,0.0284884,83.74171622769745
299,196.0,20.0,0,0.028587333,86.86287170773153
300,0.0,24.0,0,0.028383,75.99456244689873
301,4.0,24.0,0,0.0279895,76.38470688190318
302,8.0,24.0,0,0.02783225,76.2453695836873
303,12.0,24.0,0,0.02806875,76.18963466440096
304,16.0,24.0,0,0.02830375,75.07493627867461
305,20.0,24.0,0,0.02828775,74.74052676295673
306,24.0,24.0,0,0.02797,74.12744265080732
307,28.0,24.0,0,0.0279536,73.26355140186934
308,32.0,24.0,0,0.027931667,72.51112999150382
309,36.0,24.0,0,0.02794325,71.56363636363653
310,40.0,24.0,0,0.027959,70.64401019541219
311,44.0,24.0,0,0.02798425,69.19490229396774
312,48.0,24.0,0,0.027997,67.52285471537812
313,52.0,24.0,0,0.02803575,66.71469838572648
314,56.0,24.0,0,0.028074,67.80152931180987
315,60.0,24.0,0,0.02817775,67.43925233644859
316,64.0,24.0,0,0.02829475,65.85080713678849
317,68.0,24.0,0,0.02838625,63.90008496176711
318,72.0,24.0,0,0.028468,62.311639762107006
319,76.0,24.0,0,0.0285264,61.837892948173476
320,80.0,24.0,0,0.028547333,67.04910790144436
321,84.0,24.0,0,0.0285495,63.14766355140182
322,88.0,24.0,0,0.02858425,66.1852166525066
323,92.0,24.0,0,0.02862875,77.97315208156328
324,96.0,24.0,0,0.028666,68.60968564146151
325,100.0,24.0,0,0.02865725,61.64282073067125
326,104.0,24.0,0,0.02852675,60.862531860662784
327,108.0,24.0,0,0.02847725,60.36091758708608
328,112.0,24.0,0,0.02841025,57.96431605777411
329,116.0,24.0,0,0.02797125,58.52166525063717
330,120.0,24.0,0,0.02806325,57.434834324554004
331,124.0,24.0,0,0.0283955,59.44129141886151
332,128.0,24.0,0,0.02852225,63.67714528462193
333,132.0,24.0,0,0.0285715,61.336278674596315
334,136.0,24.0,0,0.0286135,61.8100254885303
335,140.0,24.0,0,0.02861325,64.20662701784204
336,144.0,24.0,0,0.02860775,65.04265080713685
337,148.0,24.0,0,0.02861125,69.19490229396774
338,152.0,24.0,0,0.02859725,82.79422259982994
339,156.0,24.0,0,0.028615,87.33661852166529
340,160.0,24.0,0,0.02861825,74.60118946474086
341,164.0,24.0,0,0.02860225,72.9570093457944
342,168.0,24.0,0,0.028573,75.57655055225155
343,172.0,24.0,0,0.0284522,82.84995751911651
344,176.0,24.0,0,0.02807325,79.05998300764668
345,180.0,24.0,0,0.027981333,78.9206457094308
346,184.0,24.0,0,0.028161,80.98283772302466
347,188.0,24.0,0,0.02834325,84.10399320305851
348,192.0,24.0,0,0.02834375,85.74817332200519
349,196.0,24.0,0,0.02812425,72.31605777400159
350,0.0,28.0,0,0.02816925,77.30433305012752
351,4.0,28.0,0,0.0280215,77.02565845369577
352,8.0,28.0,0,0.0278345,76.60764655904859
353,12.0,28.0,0,0.028176,75.85522514868308
354,16.0,28.0,0,0.0284366,74.07170773152097
355,20.0,28.0,0,0.028390667,72.7619371282924
356,24.0,28.0,0,0.028235,71.61937128292288
357,28.0,28.0,0,0.0279185,70.69974511469854
358,32.0,28.0,0,0.02790475,68.52608326253198
359,36.0,28.0,0,0.027941,67.71792693288035
360,40.0,28.0,0,0.0279815,65.71146983857284
361,44.0,28.0,0,0.02807925,65.40492778249791
362,48.0,28.0,0,0.02816875,65.60000000000014
363,52.0,28.0,0,0.02826525,65.46066270178426
364,56.0,28.0,0,0.02834875,64.37383177570109
365,60.0,28.0,0,0.028413,63.23126593033135
366,64.0,28.0,0,0.0284792,62.08870008496183
367,68.0,28.0,0,0.028549667,60.86253186066256
368,72.0,28.0,0,0.028598,62.450977060322884
369,76.0,28.0,0,0.02866475,66.32455395072225
370,80.0,28.0,0,0.02869075,65.43279524214108
371,84.0,28.0,0,0.02867575,60.55598980458785
372,88.0,28.0,0,0.02868125,69.50144435004245
373,92.0,28.0,0,0.02869525,81.40084961767207
374,96.0,28.0,0,0.0287205,64.40169923534427
375,100.0,28.0,0,0.02869475,62.39524214103653
376,104.0,28.0,0,0.0285755,60.83466440101961
377,108.0,28.0,0,0.02856225,61.30841121495337
378,112.0,28.0,0,0.028627,61.28054375531019
379,116.0,28.0,0,0.028392,61.614953271027844
380,120.0,28.0,0,0.02799625,62.450977060322884
381,124.0,28.0,0,0.028316333,62.33950722175041
382,128.0,28.0,0,0.0285185,62.172302463891356
383,132.0,28.0,0,0.028582,64.01155480034004
384,136.0,28.0,0,0.02859725,65.79507221750214
385,140.0,28.0,0,0.02855475,64.6525063721324
386,144.0,28.0,0,0.02854825,75.99456244689895
387,148.0,28.0,0,0.02855175,88.42344944774868
388,152.0,28.0,0,0.02855375,76.99779099405282
389,156.0,28.0,0,0.028609,74.87986406117261
390,160.0,28.0,0,0.02859975,74.90773152081579
391,164.0,28.0,0,0.0285248,77.30433305012752
392,168.0,28.0,0,0.02849825,84.94001699235355
393,172.0,28.0,0,0.028295667,87.11367884452011
394,176.0,28.0,0,0.0279365,87.7546304163127
395,180.0,28.0,0,0.0279705,75.96669498725578
396,184.0,28.0,0,0.02823225,72.14885301614277
397,188.0,28.0,0,0.0282845,75.49294817332202
398,192.0,28.0,0,0.028285,76.18963466440096
399,196.0,28.0,0,0.02810675,76.46830926083271
400,0.0,32.0,0,0.028138,78.97638062871715
401,4.0,32.0,0,0.0284086,78.55836873406975
402,8.0,32.0,0,0.0283615,77.91741716227693
403,12.0,32.0,0,0.028288333,76.55191163976224
404,16.0,32.0,0,0.02825025,75.18640611724732
405,20.0,32.0,0,0.0282095,73.17994902293981
406,24.0,32.0,0,0.02819225,71.64723874256583
407,28.0,32.0,0,0.0282445,70.22599830076479
408,32.0,32.0,0,0.0279045,69.33423959218362
409,36.0,32.0,0,0.0279225,66.96550552251483
410,40.0,32.0,0,0.027948,65.85080713678849
411,44.0,32.0,0,0.028039,63.5935429056924
412,48.0,32.0,0,0.02814225,61.28054375531019
413,52.0,32.0,0,0.0282585,60.723194562446906
414,56.0,32.0,0,0.0283518,60.08224299065432
415,60.0,32.0,0,0.028413,58.828207306711874
416,64.0,32.0,0,0.02846,58.63313508920987
417,68.0,32.0,0,0.02853725,57.96431605777411
418,72.0,32.0,0,0.028609,57.04468988954977
419,76.0,32.0,0,0.02869025,55.59558198810555
420,80.0,32.0,0,0.02877425,56.23653355989791
421,84.0,32.0,0,0.02886975,60.97400169923549
422,88.0,32.0,0,0.02895925,62.36737468139336
423,92.0,32.0,0,0.029016,64.17875955819886
424,96.0,32.0,0,0.029041,62.450977060322884
425,100.0,32.0,0,0.0290624,66.90977060322871
426,104.0,32.0,0,0.029063,78.66983857264245
427,108.0,32.0,0,0.029053333,62.95259133389959
428,112.0,32.0,0,0.029026,61.89362786745983
429,116.0,32.0,0,0.028912,60.97400169923549
430,120.0,32.0,0,0.02876475,62.08870008496183
431,124.0,32.0,0,0.028713,62.25590484282088
432,128.0,32.0,0,0.02874875,62.28377230246406
433,132.0,32.0,0,0.028617,61.22480883602384
434,136.0,32.0,0,0.02827375,70.50467289719631
435,140.0,32.0,0,0.028369,68.47034834324563
436,144.0,32.0,0,0.028552,68.99983007646551
437,148.0,32.0,0,0.0285772,73.7372982158031
438,152.0,32.0,0,0.02856725,87.47595581988116
439,156.0,32.0,0,0.028535,77.94528462192011
440,160.0,32.0,0,0.0285395,76.16176720475801
441,164.0,32.0,0,0.02861025,74.93559898045874
442,168.0,32.0,0,0.0285545,74.79626168224308
443,172.0,32.0,0,0.0284095,76.85845369583694
444,176.0,32.0,0,0.02830675,76.71911639762106
445,180.0,32.0,0,0.0282,72.2324553950723
446,184.0,32.0,0,0.02789875,73.54222599830064
447,188.0,32.0,0,0.027931,75.88309260832625
448,192.0,32.0,0,0.02815975,76.44044180118954
449,196.0,32.0,0,0.02820675,79.05998300764668
450,0.0,36.0,0,0.0282645,78.97638062871692
451,4.0,36.0,0,0.0283445,77.80594732370446
452,8.0,36.0,0,0.02839625,76.63551401869177
453,12.0,36.0,0,0.02833375,74.18317757009368
454,16.0,36.0,0,0.028258,70.92268479184372
455,20.0,36.0,0,0.028163,69.2506372132541
456,24.0,36.0,0,0.02803775,67.49498725573494
457,28.0,36.0,0,0.0279645,65.73933729821579
458,32.0,36.0,0,0.02829225,63.98368734069686
459,36.0,36.0,0,0.0280036,63.091928632115696
460,40.0,36.0,0,0.028088,62.646049277824886
461,44.0,36.0,0,0.028163667,62.59031435853876
462,48.0,36.0,0,0.02824,62.56244689889559
463,52.0,36.0,0,0.02835325,62.53457943925241
464,56.0,36.0,0,0.0284675,62.255904842820655
465,60.0,36.0,0,0.0285675,60.277315208156324
466,64.0,36.0,0,0.028667,59.99864061172457
467,68.0,36.0,0,0.0287755,59.85930331350892
468,72.0,36.0,0,0.028894,59.83143585386574
469,76.0,36.0,0,0.02899325,59.747833474936215
470,80.0,36.0,0,0.02904575,59.079014443500455
471,84.0,36.0,0,0.0290606,58.549532710280346
472,88.0,36.0,0,0.029060333,58.29872557349199
473,92.0,36.0,0,0.02904875,60.3051826677995
474,96.0,36.0,0,0.029046,61.726423109600546
475,100.0,36.0,0,0.02903775,62.56244689889559
476,104.0,36.0,0,0.02904175,63.53780798640605
477,108.0,36.0,0,0.0290385,69.08343245539527
478,112.0,36.0,0,0.029046,81.31724723874254
479,116.0,36.0,0,0.02905125,76.2453695836873
480,120.0,36.0,0,0.02903475,75.91096006796943
481,124.0,36.0,0,0.028984,76.49617672047589
482,128.0,36.0,0,0.02891075,76.57977909940541
483,132.0,36.0,0,0.0288086,76.16176720475801
484,136.0,36.0,0,0.028768333,75.5208156329652
485,140.0,36.0,0,0.02873625,76.99779099405282
486,144.0,36.0,0,0.028541,83.65811384876793
487,148.0,36.0,0,0.02818275,78.19609175870869
488,152.0,36.0,0,0.027995,76.32897196261683
489,156.0,36.0,0,0.02795625,75.91096006796943
490,160.0,36.0,0,0.02787175,75.04706881903144
491,164.0,36.0,0,0.027885,74.93559898045896
492,168.0,36.0,0,0.02798775,74.85199660152944
493,172.0,36.0,0,0.028082,73.79303313508922
494,176.0,36.0,0,0.0280474,75.10280373831779
495,180.0,36.0,0,0.027815667,75.91096006796943
496,184.0,36.0,0,0.02784675,76.32897196261683
497,188.0,36.0,0,0.02804975,80.0074766355142
498,192.0,36.0,0,0.02813975,79.84027187765514
499,196.0,36.0,0,0.0281595,78.30756159728139
500,0.0,40.0,0,0.02830875,77.58300764655905
501,4.0,40.0,0,0.02832025,77.69447748513153
502,8.0,40.0,0,0.02829325,76.69124893797789
503,12.0,40.0,0,0.0282445,74.04384027187757
504,16.0,40.0,0,0.0281246,70.53254035683949
505,20.0,40.0,0,0.02798075,69.19490229396774
506,24.0,40.0,0,0.027981,67.74579439252352
507,28.0,40.0,0,0.02804375,65.62786745964331
508,32.0,40.0,0,0.0281065,65.26559048428203
509,36.0,40.0,0,0.02839525,63.73288020390828
510,40.0,40.0,0,0.02811275,63.67714528462193
511,44.0,40.0,0,0.02814625,65.32132540356838
512,48.0,40.0,0,0.028186,62.53457943925241
513,52.0,40.0,0,0.028309,60.611724723874204
514,56.0,40.0,0,0.0284675,60.918266779949136
515,60.0,40.0,0,0.02863325,60.94613423959231
516,64.0,40.0,0,0.0287664,60.862531860662784
517,68.0,40.0,0,0.02889125,60.723194562446906
518,72.0,40.0,0,0.028977333,60.63959218351738
519,76.0,40.0,0,0.0290365,60.36091758708585
520,80.0,40.0,0,0.0290645,60.277315208156324
521,84.0,40.0,0,0.029063,59.274086661002684
522,88.0,40.0,0,0.029088,58.63313508920987
523,92.0,40.0,0,0.02912175,57.04468988954977
524,96.0,40.0,0,0.02913875,58.9118096856414
525,100.0,40.0,0,0.02914875,57.54630416312648
526,104.0,40.0,0,0.02915025,59.63636363636374
527,108.0,40.0,0,0.02915925,60.333050127442675
528,112.0,40.0,0,0.0291615,59.357689039931984
529,116.0,40.0,0,0.0291584,66.65896346644013
530,120.0,40.0,0,0.029143333,74.01597281223462
531,124.0,40.0,0,0.0291385,76.60764655904859
532,128.0,40.0,0,0.0291325,76.35683942226001
533,132.0,40.0,0,0.02910325,75.96669498725578
534,136.0,40.0,0,0.0290735,74.51758708581133
535,140.0,40.0,0,0.0290355,75.5208156329652
536,144.0,40.0,0,0.02897,79.00424808836033
537,148.0,40.0,0,0.028914,75.66015293118107
538,152.0,40.0,0,0.028875,73.90450297366192
539,156.0,40.0,0,0.028696,74.46185216652498
540,160.0,40.0,0,0.0283008,74.85199660152944
541,164.0,40.0,0,0.027983333,74.82412914188603
542,168.0,40.0,0,0.027885,74.79626168224308
543,172.0,40.0,0,0.0279465,75.07493627867461
544,176.0,40.0,0,0.02808075,75.18640611724732
545,180.0,40.0,0,0.028147,74.40611724723885
546,184.0,40.0,0,0.028068,74.85199660152944
547,188.0,40.0,0,0.0280185,78.75344095157175
548,192.0,40.0,0,0.02809125,78.47476635514022
549,196.0,40.0,0,0.02815075,76.38470688190318
550,0.0,44.0,0,0.028233,77.44367034834318
551,4.0,44.0,0,0.02826575,74.4339847068818
552,8.0,44.0,0,0.0282895,69.08343245539504
553,12.0,44.0,0,0.028304,68.05233644859823
554,16.0,44.0,0,0.02828475,65.34919286321156
555,20.0,44.0,0,0.0281625,62.86898895497029
556,24.0,44.0,0,0.02803025,63.3984706881904
557,28.0,44.0,0,0.0280525,65.04265080713662
558,32.0,44.0,0,0.0281255,63.34273576890405
559,36.0,44.0,0,0.02816725,59.469158878504686
560,40.0,44.0,0,0.0284122,58.32659303313517
561,44.0,44.0,0,0.028239333,57.0168224299066
562,48.0,44.0,0,0.028365,58.96754460492775
563,52.0,44.0,0,0.0285765,58.77247238742575
564,56.0,44.0,0,0.02878175,58.465930331351046
565,60.0,44.0,0,0.028966,58.6331350892101
566,64.0,44.0,0,0.0291265,58.85607476635505
567,68.0,44.0,0,0.02917175,59.24621920135928
568,72.0,44.0,0,0.02913775,59.91503823279527
569,76.0,44.0,0,0.02909375,59.71996601529327
570,80.0,44.0,0,0.029139,59.998640611724795
571,84.0,44.0,0,0.02924525,60.05437553101115
572,88.0,44.0,0,0.029296333,60.44451996601515
573,92.0,44.0,0,0.029299,60.50025488530173
574,96.0,44.0,0,0.029291,59.58062871707739
575,100.0,44.0,0,0.02929375,57.40696686491083
576,104.0,44.0,0,0.029286,56.626677994902366
577,108.0,44.0,0,0.02929125,57.65777400169918
578,112.0,44.0,0,0.0292765,59.274086661002684
579,116.0,44.0,0,0.0292515,59.55276125743421
580,120.0,44.0,0,0.0292336,68.33101104502975
581,124.0,44.0,0,0.029223,66.85403568394213
582,128.0,44.0,0,0.029206333,66.74256584536943
583,132.0,44.0,0,0.029197,66.8819031435853
584,136.0,44.0,0,0.02919,70.39320305862361
585,140.0,44.0,0,0.0291685,73.45862361937134
586,144.0,44.0,0,0.02913775,75.49294817332202
587,148.0,44.0,0,0.029111,74.2389124893798
588,152.0,44.0,0,0.029106,74.2389124893798
589,156.0,44.0,0,0.0290615,74.40611724723885
590,160.0,44.0,0,0.0289574,74.07170773152075
591,164.0,44.0,0,0.028669333,73.84876805437557
592,168.0,44.0,0,0.028471,73.65369583687334
593,172.0,44.0,0,0.0283925,72.56686491079017
594,176.0,44.0,0,0.028415,72.78980458793535
595,180.0,44.0,0,0.0284275,75.96669498725578
596,184.0,44.0,0,0.02833825,77.38793542905682
597,188.0,44.0,0,0.0282085,75.24214103653367
598,192.0,44.0,0,0.0281645,73.90450297366192
599,196.0,44.0,0,0.0281635,73.79303313508922
600,0.0,48.0,0,0.028263,76.1338997451146
601,4.0,48.0,0,0.0282965,71.31282922684795
602,8.0,48.0,0,0.02833,68.1638062871707
603,12.0,48.0,0,0.0283285,62.03296516567548
604,16.0,48.0,0,0.02823625,59.274086661002684
605,20.0,48.0,0,0.02811425,61.41988105352607
606,24.0,48.0,0,0.02809025,61.44774851316902
607,28.0,48.0,0,0.028155,58.99541206457093
608,32.0,48.0,0,0.02819075,56.84961767204754
609,36.0,48.0,0,0.028193,59.747833474936215
610,40.0,48.0,0,0.028186333,60.1101104502975
611,44.0,48.0,0,0.02851,61.977230246389354
612,48.0,48.0,0,0.02836675,62.841121495327116
613,52.0,48.0,0,0.02852675,64.76397621070532
614,56.0,48.0,0,0.028704,65.32132540356815
615,60.0,48.0,0,0.0289785,66.79830076465578
616,64.0,48.0,0,0.02919675,66.5753610875106
617,68.0,48.0,0,0.02925125,64.5689039932031
618,72.0,48.0,0,0.02924125,62.61818181818171
619,76.0,48.0,0,0.0292094,60.77892948173326
620,80.0,48.0,0,0.029211333,62.75751911639759
621,84.0,48.0,0,0.02925025,62.255904842820655
622,88.0,48.0,0,0.0292725,59.803568394222566
623,92.0,48.0,0,0.029254,60.63959218351738
624,96.0,48.0,0,0.029261,60.611724723874204
625,100.0,48.0,0,0.02924725,59.91503823279527
626,104.0,48.0,0,0.02920125,59.023279524214104
627,108.0,48.0,0,0.02917325,58.828207306711874
628,112.0,48.0,0,0.0291765,59.10688190314363
629,116.0,48.0,0,0.0292202,59.32982158028881
630,120.0,48.0,0,0.029247,59.49702633814786
631,124.0,48.0,0,0.02925425,59.44129141886151
632,128.0,48.0,0,0.02921925,64.42956669498722
633,132.0,48.0,0,0.0291805,66.32455395072202
634,136.0,48.0,0,0.02921325,63.76074766355168
635,140.0,48.0,0,0.0292475,66.24095157179272
636,144.0,48.0,0,0.02927025,69.94732370433303
637,148.0,48.0,0,0.02924125,69.52931180968562
638,152.0,48.0,0,0.02921825,72.92914188615123
639,156.0,48.0,0,0.02920475,74.74052676295673
640,160.0,48.0,0,0.0291714,74.0438402718778
641,164.0,48.0,0,0.029149,73.09634664401028
642,168.0,48.0,0,0.0291065,72.81767204757853
643,172.0,48.0,0,0.02901425,71.73084112149536
644,176.0,48.0,0,0.028851,71.50790144435018
645,180.0,48.0,0,0.028633,72.78980458793535
646,184.0,48.0,0,0.02848075,74.60118946474086
647,188.0,48.0,0,0.028512,74.6569243840272
648,192.0,48.0,0,0.02849125,73.65369583687334
649,196.0,48.0,0,0.0284335,73.34715378079864
650,0.0,52.0,0,0.028208,64.93118096856415
651,4.0,52.0,0,0.028253,62.95259133389982
652,8.0,52.0,0,0.0283015,60.83466440101938
653,12.0,52.0,0,0.028346,59.97077315208162
654,16.0,52.0,0,0.02838,60.4166525063722
655,20.0,52.0,0,0.0283475,59.55276125743421
656,24.0,52.0,0,0.0282365,57.90858113848776
657,28.0,52.0,0,0.028153,59.469158878504686
658,32.0,52.0,0,0.02816925,62.255904842820655
659,36.0,52.0,0,0.02821075,61.22480883602384
660,40.0,52.0,0,0.0282236,62.67391673746829
661,44.0,52.0,0,0.0282025,69.8637213254035
662,48.0,52.0,0,0.028702333,76.60764655904859
663,52.0,52.0,0,0.02875075,78.25182667799481
664,56.0,52.0,0,0.02899175,78.33542905692434
665,60.0,52.0,0,0.029104,78.25182667799481
666,64.0,52.0,0,0.0292105,77.97315208156328
667,68.0,52.0,0,0.02924225,76.71911639762106
668,72.0,52.0,0,0.02926675,73.20781648258276
669,76.0,52.0,0,0.0292305,66.35242141036542
670,80.0,52.0,0,0.02922375,63.900084961767334
671,84.0,52.0,0,0.0292738,64.62463891248944
672,88.0,52.0,0,0.029256667,64.42956669498722
673,92.0,52.0,0,0.0292185,61.837892948173476
674,96.0,52.0,0,0.029046,62.75751911639759
675,100.0,52.0,0,0.028746,62.75751911639759
676,104.0,52.0,0,0.02859675,60.4166525063722
677,108.0,52.0,0,0.0285715,60.75106202209008
678,112.0,52.0,0,0.028584,60.22158028886997
679,116.0,52.0,0,0.0285995,60.24944774851315
680,120.0,52.0,0,0.02862575,60.55598980458785
681,124.0,52.0,0,0.0287014,61.00186915887866
682,128.0,52.0,0,0.028887667,59.24621920135951
683,132.0,52.0,0,0.0290705,59.10688190314363
684,136.0,52.0,0,0.02917025,62.86898895497029
685,140.0,52.0,0,0.0292045,61.280543755309964
686,144.0,52.0,0,0.02924725,65.26559048428203
687,148.0,52.0,0,0.02921775,66.6868309260833
688,152.0,52.0,0,0.02918625,66.43602378929472
689,156.0,52.0,0,0.02922725,67.71792693288035
690,160.0,52.0,0,0.02926175,70.22599830076456
691,164.0,52.0,0,0.0292716,71.3685641461343
692,168.0,52.0,0,0.029243,70.95055225148667
693,172.0,52.0,0,0.02919925,69.7522514868308
694,176.0,52.0,0,0.0291425,69.44570943075632
695,180.0,52.0,0,0.029118,70.28173322005091
696,184.0,52.0,0,0.02904225,72.48326253186087
697,188.0,52.0,0,0.0288955,73.31928632115546
698,192.0,52.0,0,0.0286955,72.20458793542912
699,196.0,52.0,0,0.02859525,72.98487680543758
700,0.0,56.0,0,0.0285192,60.862531860662784
701,4.0,56.0,0,0.02841275,60.80679694137643
702,8.0,56.0,0,0.028359667,60.63959218351738
703,12.0,56.0,0,0.02835775,60.47238742565855
704,16.0,56.0,0,0.0283955,60.24944774851315
705,20.0,56.0,0,0.02842375,58.32659303313517
706,24.0,56.0,0,0.0284035,58.9118096856414
707,28.0,56.0,0,0.02831975,60.52812234494468
708,32.0,56.0,0,0.02823875,60.5002548853015
709,36.0,56.0,0,0.028226,69.7522514868308
710,40.0,56.0,0,0.02824075,78.11248937977916
711,44.0,56.0,0,0.0282292,79.61733220050974
712,48.0,56.0,0,0.0282125,79.50586236193703
713,52.0,56.0,0,0.028759333,78.02888700084964
714,56.0,56.0,0,0.0290195,76.69124893797789
715,60.0,56.0,0,0.02914175,76.13389974511483
716,64.0,56.0,0,0.0291665,75.60441801189472
717,68.0,56.0,0,0.029204,75.04706881903144
718,72.0,56.0,0,0.029231,75.46508071367884
719,76.0,56.0,0,0.02924025,76.27323704333048
720,80.0,56.0,0,0.02920825,76.55191163976224
721,84.0,56.0,0,0.02922525,74.87986406117238
722,88.0,56.0,0,0.0292398,68.88836023789281
723,92.0,56.0,0,0.029071333,61.726423109600546
724,96.0,56.0,0,0.02877975,62.59031435853876
725,100.0,56.0,0,0.02857975,64.42956669498744
726,104.0,56.0,0,0.02853875,62.785386576040764
727,108.0,56.0,0,0.02856375,61.782158028887125
728,112.0,56.0,0,0.0286055,62.92472387425664
729,116.0,56.0,0,0.0286465,62.28377230246383
730,120.0,56.0,0,0.02867975,62.06083262531865
731,124.0,56.0,0,0.028702,58.93967714528458
732,128.0,56.0,0,0.0287264,59.21835174171633
733,132.0,56.0,0,0.02873,60.388785046729026
734,136.0,56.0,0,0.028716,60.277315208156324
735,140.0,56.0,0,0.02870875,58.6052676295667
736,144.0,56.0,0,0.0288005,61.8936278674596
737,148.0,56.0,0,0.0290255,62.95259133389982
738,152.0,56.0,0,0.029204,65.23772302463908
739,156.0,56.0,0,0.029237,63.900084961767334
740,160.0,56.0,0,0.02923925,63.5935429056924
741,164.0,56.0,0,0.02923475,68.88836023789304
742,168.0,56.0,0,0.0292005,69.66864910790127
743,172.0,56.0,0,0.0291714,68.63755310110469
744,176.0,56.0,0,0.029172,67.38351741716247
745,180.0,56.0,0,0.029255,67.52285471537812
746,184.0,56.0,0,0.02924875,69.61291418861515
747,188.0,56.0,0,0.02916425,71.3685641461343
748,192.0,56.0,0,0.029117,71.5636363636363
749,196.0,56.0,0,0.029011,71.95378079864054
750,0.0,60.0,0,0.02863825,60.862531860662784
751,4.0,60.0,0,0.0286182,60.47238742565855
752,8.0,60.0,0,0.02865725,60.77892948173326
753,12.0,60.0,0,0.028567333,60.36091758708585
754,16.0,60.0,0,0.02847175,58.828207306711874
755,20.0,60.0,0,0.02845375,60.723194562446906
756,24.0,60.0,0,0.02846675,60.97400169923526
757,28.0,60.0,0,0.02847375,61.865760407816424
758,32.0,60.0,0,0.028433,73.76516567544604
759,36.0,60.0,0,0.02835325,78.11248937977916
760,40.0,60.0,0,0.0283075,79.89600679694149
761,44.0,60.0,0,0.0282865,79.72880203908244
762,48.0,60.0,0,0.0282714,78.64197111299927
763,52.0,60.0,0,0.028249,78.39116397621069
764,56.0,60.0,0,0.02868875,78.22395921835164
765,60.0,60.0,0,0.02915125,77.97315208156328
766,64.0,60.0,0,0.02917,76.85845369583672
767,68.0,60.0,0,0.02918775,76.21750212404413
768,72.0,60.0,0,0.02919975,74.76839422259968
769,76.0,60.0,0,0.02921725,74.37824978759545
770,80.0,60.0,0,0.0292095,74.26677994902298
771,84.0,60.0,0,0.02919675,74.68479184367038
772,88.0,60.0,0,0.0292085,75.29787595582002
773,92.0,60.0,0,0.0290835,75.4093457943925
774,96.0,60.0,0,0.0286914,71.11775700934572
775,100.0,60.0,0,0.028569667,61.6985556499576
776,104.0,60.0,0,0.028526,61.83789294817325
777,108.0,60.0,0,0.02852175,60.83466440101961
778,112.0,60.0,0,0.028534,60.5002548853015
779,116.0,60.0,0,0.0285455,64.15089209855569
780,120.0,60.0,0,0.02855925,64.8754460492778
781,124.0,60.0,0,0.028592,64.54103653355969
782,128.0,60.0,0,0.02862375,62.86898895497029
783,132.0,60.0,0,0.0286906,58.57740016992352
784,136.0,60.0,0,0.0287395,59.32982158028881
785,140.0,60.0,0,0.028779,59.608496176720564
786,144.0,60.0,0,0.02879825,59.274086661002684
787,148.0,60.0,0,0.0287905,62.61818181818194
788,152.0,60.0,0,0.0287655,66.01801189464732
789,156.0,60.0,0,0.028792,61.72642310960077
790,160.0,60.0,0,0.028956,62.39524214103653
791,164.0,60.0,0,0.02916375,63.287000849617925
792,168.0,60.0,0,0.0292285,68.69328802039081
793,172.0,60.0,0,0.02923875,66.63109600679718
794,176.0,60.0,0,0.0292115,66.71469838572648
795,180.0,60.0,0,0.02919,66.68683092608353
796,184.0,60.0,0,0.02914975,67.32778249787589
797,188.0,60.0,0,0.029173667,69.38997451146975
798,192.0,60.0,0,0.02922475,71.11775700934572
799,196.0,60.0,0,0.02923275,71.81444350042489
800,0.0,64.0,0,0.028958,69.2506372132541
801,4.0,64.0,0,0.028757,61.11333899745114
802,8.0,64.0,0,0.02868375,61.02973661852161
803,12.0,64.0,0,0.028738,61.001869158878435
804,16.0,64.0,0,0.0287416,60.75106202209008
805,20.0,64.0,0,0.0286345,58.63313508920987
806,24.0,64.0,0,0.028547333,69.6686491079015
807,28.0,64.0,0,0.02857075,66.603228547154
808,32.0,64.0,0,0.0285515,61.22480883602361
809,36.0,64.0,0,0.02850125,75.57655055225132
810,40.0,64.0,0,0.0284335,77.69447748513176
811,44.0,64.0,0,0.02838575,80.03534409515714
812,48.0,64.0,0,0.02834275,80.14681393372985
813,52.0,64.0,0,0.0283095,80.06321155480032
814,56.0,64.0,0,0.0283045,80.0910790144435
815,60.0,64.0,0,0.0286874,80.06321155480032
816,64.0,64.0,0,0.028817,79.95174171622762
817,68.0,64.0,0,0.028864,80.00747663551397
818,72.0,64.0,0,0.0290955,79.25505522514868
819,76.0,64.0,0,0.029169,77.72234494477493
820,80.0,64.0,0,0.029184,76.07816482582825
821,84.0,64.0,0,0.0292,74.48971962616815
822,88.0,64.0,0,0.02911725,73.31928632115546
823,92.0,64.0,0,0.028936,73.43075615972816
824,96.0,64.0,0,0.0290755,74.32251486830933
825,100.0,64.0,0,0.0290398,74.60118946474086
826,104.0,64.0,0,0.028686,74.5454545454545
827,108.0,64.0,0,0.02859225,72.78980458793558
828,112.0,64.0,0,0.02850375,71.1734919286323
829,116.0,64.0,0,0.0284765,68.80475785896328
830,120.0,64.0,0,0.02846875,64.01155480034004
831,124.0,64.0,0,0.028472,61.67068819031442
832,128.0,64.0,0,0.02848775,60.36091758708585
833,132.0,64.0,0,0.02850925,61.55921835174149
834,136.0,64.0,0,0.028536,63.67714528462193
835,140.0,64.0,0,0.0285824,62.841121495327116
836,144.0,64.0,0,0.028640667,58.7167374681394
837,148.0,64.0,0,0.02870025,60.137977909940446
838,152.0,64.0,0,0.0287685,58.549532710280346
839,156.0,64.0,0,0.02881675,62.75751911639759
840,160.0,64.0,0,0.02883525,65.90654205607484
841,164.0,64.0,0,0.02882925,61.16907391673749
842,168.0,64.0,0,0.02880875,61.16907391673749
843,172.0,64.0,0,0.02880475,63.78861512319463
844,176.0,64.0,0,0.028834,67.27204757858954
845,180.0,64.0,0,0.028902,65.04265080713662
846,184.0,64.0,0,0.029003333,65.54426508071356
847,188.0,64.0,0,0.02913675,67.18844519966024
848,192.0,64.0,0,0.02924,68.88836023789281
849,196.0,64.0,0,0.02922425,69.52931180968562
850,0.0,68.0,0,0.02918475,67.77366185216647
851,4.0,68.0,0,0.029178,65.37706032285473
852,8.0,68.0,0,0.0291555,60.91826677994891
853,12.0,68.0,0,0.0290148,62.06083262531865
854,16.0,68.0,0,0.028778,60.918266779949136
855,20.0,68.0,0,0.02870675,59.60849617672034
856,24.0,68.0,0,0.0288125,72.2324553950723
857,28.0,68.0,0,0.02880525,69.13916737468162
858,32.0,68.0,0,0.02872225,61.921495327103
859,36.0,68.0,0,0.02865125,75.07493627867461
860,40.0,68.0,0,0.02867575,76.55191163976201
861,44.0,68.0,0,0.028617,79.36652506372138
862,48.0,68.0,0,0.0285475,80.75989804587925
863,52.0,68.0,0,0.02848475,81.31724723874277
864,56.0,68.0,0,0.0284274,81.26151231945641
865,60.0,68.0,0,0.028413,80.87136788445196
866,64.0,68.0,0,0.02872575,80.56482582837725
867,68.0,68.0,0,0.02901875,80.5090909090909
868,72.0,68.0,0,0.028885,80.03534409515714
869,76.0,68.0,0,0.02903,79.56159728122338
870,80.0,68.0,0,0.02917175,78.14035683942211
871,84.0,68.0,0,0.02919,76.41257434154636
872,88.0,68.0,0,0.02922575,74.68479184367038
873,92.0,68.0,0,0.0291165,73.26355140186911
874,96.0,68.0,0,0.028809,72.92914188615123
875,100.0,68.0,0,0.028953333,72.98487680543758
876,104.0,68.0,0,0.0290685,72.90127442650828
877,108.0,68.0,0,0.0287505,72.62259983007652
878,112.0,68.0,0,0.02866125,71.00628717077325
879,116.0,68.0,0,0.02853475,70.75548003398467
880,120.0,68.0,0,0.02845475,70.50467289719631
881,124.0,68.0,0,0.028434,70.42107051826679
882,128.0,68.0,0,0.02843825,70.19813084112161
883,132.0,68.0,0,0.028446,68.10807136788435
884,136.0,68.0,0,0.028474,62.172302463891356
885,140.0,68.0,0,0.028495,60.63959218351738
886,144.0,68.0,0,0.0285135,64.03942225998321
887,148.0,68.0,0,0.0285635,63.2870008496177
888,152.0,68.0,0,0.028624,58.800339847068926
889,156.0,68.0,0,0.0286925,59.69209855565009
890,160.0,68.0,0,0.02876675,60.36091758708585
891,164.0,68.0,0,0.028826,65.37706032285473
892,168.0,68.0,0,0.02886925,61.11333899745114
893,172.0,68.0,0,0.02888625,59.91503823279527
894,176.0,68.0,0,0.0289048,65.46066270178426
895,180.0,68.0,0,0.028929333,66.82616822429918
896,184.0,68.0,0,0.02895675,64.59677145284604
897,188.0,68.0,0,0.0289745,66.01801189464732
898,192.0,68.0,0,0.028988,68.2752761257434
899,196.0,68.0,0,0.02899925,68.97196261682257
900,0.0,72.0,0,0.0292205,80.00747663551397
901,4.0,72.0,0,0.0292212,78.83704333050127
902,8.0,72.0,0,0.029198,74.99133389974509
903,12.0,72.0,0,0.02917875,61.25267629566679
904,16.0,72.0,0,0.02916275,60.63959218351738
905,20.0,72.0,0,0.02912675,61.22480883602361
906,24.0,72.0,0,0.02891975,60.80679694137643
907,28.0,72.0,0,0.02873475,60.77892948173326
908,32.0,72.0,0,0.02883825,73.93237043330487
909,36.0,72.0,0,0.028863,68.4703483432454
910,40.0,72.0,0,0.02875925,61.94936278674595
911,44.0,72.0,0,0.0287346,74.96346644010214
912,48.0,72.0,0,0.028733,75.43721325403567
913,52.0,72.0,0,0.02869525,78.78130841121492
914,56.0,72.0,0,0.02864375,80.48122344944773
915,60.0,72.0,0,0.02859125,81.12217502124031
916,64.0,72.0,0,0.0285705,81.15004248088371
917,68.0,72.0,0,0.02874875,80.89923534409513
918,72.0,72.0,0,0.028347,80.28615123194572
919,76.0,72.0,0,0.0282035,79.86813933729832
920,80.0,72.0,0,0.028328,79.58946474086656
921,84.0,72.0,0,0.0286725,78.5026338147834
922,88.0,72.0,0,0.0290868,76.88632115547989
923,92.0,72.0,0,0.029153333,76.07816482582848
924,96.0,72.0,0,0.0291775,74.48971962616815
925,100.0,72.0,0,0.02920875,73.29141886151228
926,104.0,72.0,0,0.0291055,72.8455395072217
927,108.0,72.0,0,0.02876625,72.70620220900605
928,112.0,72.0,0,0.028933,71.11775700934572
929,116.0,72.0,0,0.029055,70.61614273576902
930,120.0,72.0,0,0.0287525,69.11129991503822
931,124.0,72.0,0,0.0286785,68.77689039932034
932,128.0,72.0,0,0.0285354,68.52608326253176
933,132.0,72.0,0,0.0284755,68.1638062871707
934,136.0,72.0,0,0.028437,68.05233644859823
935,140.0,72.0,0,0.028435,68.02446898895505
936,144.0,72.0,0,0.0284525,67.52285471537812
937,148.0,72.0,0,0.02847325,61.97723024638913
938,152.0,72.0,0,0.02849925,63.25913338997452
939,156.0,72.0,0,0.02853875,62.980458793542994
940,160.0,72.0,0,0.02859175,58.688870008496224
941,164.0,72.0,0,0.02864575,60.13797790994067
942,168.0,72.0,0,0.0287095,58.52166525063717
943,172.0,72.0,0,0.0287755,64.6803738317758
944,176.0,72.0,0,0.0288295,61.44774851316902
945,180.0,72.0,0,0.02886525,61.41988105352607
946,184.0,72.0,0,0.0288985,65.79507221750214
947,188.0,72.0,0,0.02893675,65.79507221750214
948,192.0,72.0,0,0.0289625,64.81971112999167
949,196.0,72.0,0,0.02898725,66.43602378929472
950,0.0,76.0,0,0.02906125,81.40084961767207
951,4.0,76.0,0,0.029072,79.08785046728963
952,8.0,76.0,0,0.02907125,72.39966015293112
953,12.0,76.0,0,0.02911,63.119796091758644
954,16.0,76.0,0,0.02919975,59.887170773151865
955,20.0,76.0,0,0.029176,61.22480883602384
956,24.0,76.0,0,0.029175,60.66745964316078
957,28.0,76.0,0,0.0291945,59.19048428207316
958,32.0,76.0,0,0.029144,74.87986406117238
959,36.0,76.0,0,0.0289845,70.58827527612584
960,40.0,76.0,0,0.02877925,61.19694137638089
961,44.0,76.0,0,0.0288195,72.39966015293112
962,48.0,76.0,0,0.028827,75.07493627867461
963,52.0,76.0,0,0.02877825,76.30110450297366
964,56.0,76.0,0,0.02877925,79.05998300764668
965,60.0,76.0,0,0.02874875,80.25828377230255
966,64.0,76.0,0,0.02867975,80.56482582837725
967,68.0,76.0,0,0.028637,80.39762107051843
968,72.0,76.0,0,0.02873875,79.86813933729832
969,76.0,76.0,0,0.028284,79.67306711979609
970,80.0,76.0,0,0.028148,78.39116397621069
971,84.0,76.0,0,0.02836575,77.88954970263376
972,88.0,76.0,0,0.0287655,76.44044180118954
973,92.0,76.0,0,0.029052,75.24214103653344
974,96.0,76.0,0,0.029157,74.62905692438403
975,100.0,76.0,0,0.02917925,73.09634664401028
976,104.0,76.0,0,0.029231667,72.8734069668651
977,108.0,76.0,0,0.02902375,72.48326253186087
978,112.0,76.0,0,0.02866575,70.86694987255737
979,116.0,76.0,0,0.028859,70.56040781648267
980,120.0,76.0,0,0.0291045,68.91622769753599
981,124.0,76.0,0,0.028833,68.58181818181811
982,128.0,76.0,0,0.02874425,66.7704333050126
983,132.0,76.0,0,0.028656,66.29668649107884
984,136.0,76.0,0,0.02854875,65.76720475785919
985,140.0,76.0,0,0.02848625,65.65573491928626
986,144.0,76.0,0,0.02846475,65.62786745964308
987,148.0,76.0,0,0.02847575,66.12948173322002
988,152.0,76.0,0,0.0284965,62.81325403568394
989,156.0,76.0,0,0.0285245,63.25913338997452
990,160.0,76.0,0,0.02857075,63.34273576890405
991,164.0,76.0,0,0.0286175,59.10688190314363
992,168.0,76.0,0,0.02867025,57.99218351741729
993,172.0,76.0,0,0.02872575,59.19048428207316
994,176.0,76.0,0,0.028788,61.001869158878435
995,180.0,76.0,0,0.02883825,61.25267629566679
996,184.0,76.0,0,0.02887875,65.57213254035696
997,188.0,76.0,0,0.02889875,65.2934579439252
998,192.0,76.0,0,0.02892,65.59999999999991
999,196.0,76.0,0,0.0289445,65.62786745964308
1000,0.0,80.0,0,0.02904525,82.097536108751
1001,4.0,80.0,0,0.02908975,82.26474086661005
1002,8.0,80.0,0,0.02912475,82.3204757858964
1003,12.0,80.0,0,0.02914275,81.37298215802889
1004,16.0,80.0,0,0.02914825,78.50263381478317
1005,20.0,80.0,0,0.02917775,70.08666100254891
1006,24.0,80.0,0,0.0292045,61.16907391673749
1007,28.0,80.0,0,0.029191,61.22480883602361
1008,32.0,80.0,0,0.02919275,61.47561597281219
1009,36.0,80.0,0,0.0291865,59.97077315208162
1010,40.0,80.0,0,0.029124,62.95259133389982
1011,44.0,80.0,0,0.02897325,72.87340696686488
1012,48.0,80.0,0,0.028902,70.47680543755291
1013,52.0,80.0,0,0.0288515,62.95259133389982
1014,56.0,80.0,0,0.02883025,66.54749362786765
1015,60.0,80.0,0,0.02883125,74.79626168224308
1016,64.0,80.0,0,0.02881375,75.3257434154632
1017,68.0,80.0,0,0.02876825,76.71911639762106
1018,72.0,80.0,0,0.028748,78.39116397621069
1019,76.0,80.0,0,0.028767,80.00747663551397
1020,80.0,80.0,0,0.02805625,79.97960917587102
1021,84.0,80.0,0,0.02802975,79.53372982158044
1022,88.0,80.0,0,0.02803425,78.30756159728116
1023,92.0,80.0,0,0.028065,77.05352591333917
1024,96.0,80.0,0,0.0281575,76.21750212404436
1025,100.0,80.0,0,0.02837825,75.10280373831779
1026,104.0,80.0,0,0.02881775,74.29464740866615
1027,108.0,80.0,0,0.02913875,73.0684791843671
1028,112.0,80.0,0,0.0291745,72.81767204757875
1029,116.0,80.0,0,0.0291915,72.62259983007652
1030,120.0,80.0,0,0.02922725,72.39966015293135
1031,124.0,80.0,0,0.02908075,72.14885301614277
1032,128.0,80.0,0,0.028774,70.64401019541197
1033,132.0,80.0,0,0.028879,69.08343245539504
1034,136.0,80.0,0,0.02915075,68.83262531860669
1035,140.0,80.0,0,0.0289535,66.82616822429895
1036,144.0,80.0,0,0.02878575,66.04587935429072
1037,148.0,80.0,0,0.0287435,65.32132540356838
1038,152.0,80.0,0,0.02866975,64.8754460492778
1039,156.0,80.0,0,0.02859275,64.56890399320287
1040,160.0,80.0,0,0.0285375,65.07051826678003
1041,164.0,80.0,0,0.02852625,62.08870008496183
1042,168.0,80.0,0,0.02855,62.39524214103653
1043,172.0,80.0,0,0.02859275,59.10688190314363
1044,176.0,80.0,0,0.02864425,60.277315208156324
1045,180.0,80.0,0,0.0286905,57.79711129991529
1046,184.0,80.0,0,0.02874825,60.1937128292268
1047,188.0,80.0,0,0.02880025,58.29872557349199
1048,192.0,80.0,0,0.02884525,62.86898895497052
1049,196.0,80.0,0,0.02887375,64.68037383177557
1050,0.0,84.0,0,0.02889575,81.26151231945619
1051,4.0,84.0,0,0.02891625,81.45658453695819
1052,8.0,84.0,0,0.02893775,82.04180118946465
1053,12.0,84.0,0,0.02896625,81.84672897196288
1054,16.0,84.0,0,0.0290265,80.09107901444372
1055,20.0,84.0,0,0.02908975,76.49617672047566
1056,24.0,84.0,0,0.02914025,65.68360237892944
1057,28.0,84.0,0,0.029169,61.16907391673749
1058,32.0,84.0,0,0.02917775,62.116567544605005
1059,36.0,84.0,0,0.02919625,61.41988105352584
1060,40.0,84.0,0,0.02922875,59.83143585386574
1061,44.0,84.0,0,0.02922025,60.75106202209008
1062,48.0,84.0,0,0.029207,69.61291418861515
1063,52.0,84.0,0,0.0291645,62.200169923534304
1064,56.0,84.0,0,0.02912625,70.00305862361938
1065,60.0,84.0,0,0.02901075,63.98368734069663
1066,64.0,84.0,0,0.02898125,61.6985556499576
1067,68.0,84.0,0,0.028879,69.3621070518268
1068,72.0,84.0,0,0.02890225,75.46508071367907
1069,76.0,84.0,0,0.0288855,76.99779099405282
1070,80.0,84.0,0,0.02874025,78.30756159728139
1071,84.0,84.0,0,0.028078,79.64519966015291
1072,88.0,84.0,0,0.028048,79.45012744265091
1073,92.0,84.0,0,0.02805375,77.91741716227716
1074,96.0,84.0,0,0.02807025,76.07816482582848
1075,100.0,84.0,0,0.028113,74.6569243840272
1076,104.0,84.0,0,0.02824625,73.87663551401874
1077,108.0,84.0,0,0.02856725,73.04061172472393
1078,112.0,84.0,0,0.02899675,73.70943075615969
1079,116.0,84.0,0,0.0291615,74.1553101104505
1080,120.0,84.0,0,0.02918875,74.71265930331356
1081,124.0,84.0,0,0.02920425,74.07170773152097
1082,128.0,84.0,0,0.02924775,74.37824978759568
1083,132.0,84.0,0,0.0291765,74.74052676295673
1084,136.0,84.0,0,0.02897275,73.87663551401874
1085,140.0,84.0,0,0.0290005,72.31605777400159
1086,144.0,84.0,0,0.028845,70.44893797790996
1087,148.0,84.0,0,0.0291815,66.88190314358553
1088,152.0,84.0,0,0.02915425,65.0983857264232
1089,156.0,84.0,0,0.02890575,64.23449447748521
1090,160.0,84.0,0,0.02874775,62.22803738317771
1091,164.0,84.0,0,0.0286815,62.95259133389982
1092,168.0,84.0,0,0.028611,61.16907391673749
1093,172.0,84.0,0,0.02859075,61.97723024638913
1094,176.0,84.0,0,0.02859525,59.58062871707716
1095,180.0,84.0,0,0.02865975,58.66100254885282
1096,184.0,84.0,0,0.028728333,58.215123194562466
1097,188.0,84.0,0,0.028775,55.6234494477485
1098,192.0,84.0,0,0.028829,59.079014443500455
1099,196.0,84.0,0,0.028847,61.8100254885303
1100,0.0,88.0,0,0.028799,77.4158028887
1101,4.0,88.0,0,0.02880125,78.41903143585387
1102,8.0,88.0,0,0.02880375,79.70093457943949
1103,12.0,88.0,0,0.02880725,81.54018691588794
1104,16.0,88.0,0,0.0288186,82.09753610875123
1105,20.0,88.0,0,0.028846333,82.29260832625323
1106,24.0,88.0,0,0.028908,81.59592183517407
1107,28.0,88.0,0,0.029013,78.05675446049281
1108,32.0,88.0,0,0.0291215,71.1734919286323
1109,36.0,88.0,0,0.0291775,61.72642310960077
1110,40.0,88.0,0,0.0292155,60.778929481733485
1111,44.0,88.0,0,0.029226,62.14443500424818
1112,48.0,88.0,0,0.029246,61.47561597281219
1113,52.0,88.0,0,0.0292594,60.388785046729026
1114,56.0,88.0,0,0.029299667,59.469158878504686
1115,60.0,88.0,0,0.0292145,60.30518266779973
1116,64.0,88.0,0,0.0291445,61.97723024638913
1117,68.0,88.0,0,0.02918125,72.17672047578594
1118,72.0,88.0,0,0.02907925,64.23449447748521
1119,76.0,88.0,0,0.029007,63.81648258283758
1120,80.0,88.0,0,0.0290225,63.92795242141028
1121,84.0,88.0,0,0.02898175,60.08224299065432
1122,88.0,88.0,0,0.02808675,62.56244689889559
1123,92.0,88.0,0,0.0281,72.59473237043312
1124,96.0,88.0,0,0.028074667,77.24859813084117
1125,100.0,88.0,0,0.028059,79.25505522514868
1126,104.0,88.0,0,0.028045,77.77807986406128
1127,108.0,88.0,0,0.028051,74.82412914188603
1128,112.0,88.0,0,0.02808,72.92914188615123
1129,116.0,88.0,0,0.02814325,72.62259983007652
1130,120.0,88.0,0,0.02836325,72.45539507221747
1131,124.0,88.0,0,0.028743,73.9323704333051
1132,128.0,88.0,0,0.029099,74.1553101104505
1133,132.0,88.0,0,0.029165333,73.76516567544604
1134,136.0,88.0,0,0.02918975,73.68156329651674
1135,140.0,88.0,0,0.0292075,73.84876805437557
1136,144.0,88.0,0,0.02924875,74.40611724723885
1137,148.0,88.0,0,0.029263,73.8487680543758
1138,152.0,88.0,0,0.02927,70.9226847918435
1139,156.0,88.0,0,0.02919775,66.71469838572648
1140,160.0,88.0,0,0.02897525,65.15412064570933
1141,164.0,88.0,0,0.02916725,63.760747663551456
1142,168.0,88.0,0,0.02913375,61.7821580288869
1143,172.0,88.0,0,0.02918125,63.09192863211547
1144,176.0,88.0,0,0.02935,60.02650807136797
1145,180.0,88.0,0,0.0291632,63.2870008496177
1146,184.0,88.0,0,0.028853333,60.58385726423103
1147,188.0,88.0,0,0.0286975,57.54630416312648
1148,192.0,88.0,0,0.0286275,58.04791843670364
1149,196.0,88.0,0,0.028697,57.79711129991506
1150,0.0,92.0,0,0.0288995,75.54868309260837
1151,4.0,92.0,0,0.028851,76.13389974511483
1152,8.0,92.0,0,0.02880725,77.220730671198
1153,12.0,92.0,0,0.028816,78.69770603228562
1154,16.0,92.0,0,0.028817,80.23041631265914
1155,20.0,92.0,0,0.028812,81.45658453695842
1156,24.0,92.0,0,0.02881125,82.1254035683944
1157,28.0,92.0,0,0.02881275,81.93033135089195
1158,32.0,92.0,0,0.02881725,81.15004248088371
1159,36.0,92.0,0,0.0288895,78.39116397621069
1160,40.0,92.0,0,0.029012,72.00951571792689
1161,44.0,92.0,0,0.0291095,65.65573491928649
1162,48.0,92.0,0,0.0291935,61.252676295667015
1163,52.0,92.0,0,0.02923325,59.85930331350892
1164,56.0,92.0,0,0.0292408,61.72642310960077
1165,60.0,92.0,0,0.029284,60.77892948173326
1166,64.0,92.0,0,0.02925825,60.27731520815655
1167,68.0,92.0,0,0.0292525,59.747833474936215
1168,72.0,92.0,0,0.0292315,58.57740016992352
1169,76.0,92.0,0,0.02916425,58.46593033135082
1170,80.0,92.0,0,0.02921575,58.939677145284804
1171,84.0,92.0,0,0.029133,58.883942225998226
1172,88.0,92.0,0,0.02903675,60.277315208156324
1173,92.0,92.0,0,0.02813875,61.55921835174172
1174,96.0,92.0,0,0.0281882,62.42310960067971
1175,100.0,92.0,0,0.028162333,72.26032285471547
1176,104.0,92.0,0,0.02813325,77.97315208156328
1177,108.0,92.0,0,0.02809575,75.85522514868308
1178,112.0,92.0,0,0.02807875,72.734069668649
1179,116.0,92.0,0,0.02807875,72.70620220900605
1180,120.0,92.0,0,0.0280875,74.68479184367038
1181,124.0,92.0,0,0.02810925,72.37179269328817
1182,128.0,92.0,0,0.0281855,69.58504672897197
1183,132.0,92.0,0,0.02835925,68.21954120645728
1184,136.0,92.0,0,0.028704,67.99660152931187
1185,140.0,92.0,0,0.0290466,68.13593882752775
1186,144.0,92.0,0,0.029176333,68.58181818181811
1187,148.0,92.0,0,0.02921925,69.91945624468985
1188,152.0,92.0,0,0.0292495,72.39966015293135
1189,156.0,92.0,0,0.02926075,73.37502124044181
1190,160.0,92.0,0,0.02931675,72.734069668649
1191,164.0,92.0,0,0.029328,67.7457943925233
1192,168.0,92.0,0,0.0293305,65.18198810535273
1193,172.0,92.0,0,0.029307,63.23126593033135
1194,176.0,92.0,0,0.02931275,62.47884451996606
1195,180.0,92.0,0,0.02932,63.370603228547225
1196,184.0,92.0,0,0.0293534,63.34273576890405
1197,188.0,92.0,0,0.02932,60.08224299065432
1198,192.0,92.0,0,0.029291,57.96431605777411
1199,196.0,92.0,0,0.028886,58.52166525063717
1200,0.0,96.0,0,0.028914,72.67833474936288
1201,4.0,96.0,0,0.02887375,73.51435853865769
1202,8.0,96.0,0,0.028826,73.96023789294827
1203,12.0,96.0,0,0.0289065,75.01920135938826
1204,16.0,96.0,0,0.028976,76.35683942226001
1205,20.0,96.0,0,0.0289776,77.69447748513176
1206,24.0,96.0,0,0.028974667,79.53372982158021
1207,28.0,96.0,0,0.028989,80.53695836873408
1208,32.0,96.0,0,0.02897625,81.20577740016984
1209,36.0,96.0,0,0.0289155,81.65165675446042
1210,40.0,96.0,0,0.02883875,81.90246389124877
1211,44.0,96.0,0,0.028812,80.89923534409513
1212,48.0,96.0,0,0.028852,79.64519966015291
1213,52.0,96.0,0,0.02897675,76.74698385726424
1214,56.0,96.0,0,0.029111,72.17672047578594
1215,60.0,96.0,0,0.0292045,65.34919286321156
1216,64.0,96.0,0,0.029257,60.89039932030596
1217,68.0,96.0,0,0.0292166,60.388785046729026
1218,72.0,96.0,0,0.029231667,59.97077315208139
1219,76.0,96.0,0,0.0293495,61.447748513169245
1220,80.0,96.0,0,0.0292725,59.77570093457962
1221,84.0,96.0,0,0.02922625,59.77570093457939
1222,88.0,96.0,0,0.02926625,58.075785896346815
1223,92.0,96.0,0,0.0291725,57.15615972812225
1224,96.0,96.0,0,0.028269,59.803568394222566
1225,100.0,96.0,0,0.028291,62.701784197111465
1226,104.0,96.0,0,0.02827,61.531350892098544
1227,108.0,96.0,0,0.028254,74.90773152081556
1228,112.0,96.0,0,0.0282164,76.2453695836873
1229,116.0,96.0,0,0.028179667,72.734069668649
1230,120.0,96.0,0,0.0281375,73.65369583687334
1231,124.0,96.0,0,0.028101,73.17994902293981
1232,128.0,96.0,0,0.028098,68.58181818181811
1233,132.0,96.0,0,0.02809675,67.74579439252352
1234,136.0,96.0,0,0.02810625,67.8851316907394
1235,140.0,96.0,0,0.02812875,67.80152931180987
1236,144.0,96.0,0,0.02818,67.88513169073917
1237,148.0,96.0,0,0.02828025,67.24418011894659
1238,152.0,96.0,0,0.0284895,67.43925233644882
1239,156.0,96.0,0,0.0287722,68.10807136788458
1240,160.0,96.0,0,0.029035,69.6686491079015
1241,164.0,96.0,0,0.029196,72.45539507221747
1242,168.0,96.0,0,0.029287,73.48649107901451
1243,172.0,96.0,0,0.029329,72.12098555649959
1244,176.0,96.0,0,0.02936325,66.18521665250637
1245,180.0,96.0,0,0.02940825,63.70501274426488
1246,184.0,96.0,0,0.02939,61.67068819031442
1247,188.0,96.0,0,0.02933225,63.87221750212393
1248,192.0,96.0,0,0.029353,62.646049277824886
1249,196.0,96.0,0,0.0293785,59.942905692438444
1250,0.0,100.0,0,0.028781333,71.89804587935441
1251,4.0,100.0,0,0.0287915,71.92591333899759
1252,8.0,100.0,0,0.028916,72.28819031435864
1253,12.0,100.0,0,0.02884325,72.8455395072217
1254,16.0,100.0,0,0.028866,73.93237043330487
1255,20.0,100.0,0,0.02898675,74.68479184367038
1256,24.0,100.0,0,0.028995,76.30110450297366
1257,28.0,100.0,0,0.02902175,77.58300764655905
1258,32.0,100.0,0,0.02901825,78.72557349192857
1259,36.0,100.0,0,0.02900125,79.47799490229386
1260,40.0,100.0,0,0.0289864,80.23041631265937
1261,44.0,100.0,0,0.028981,80.2861512319455
1262,48.0,100.0,0,0.028982,80.23041631265937
1263,52.0,100.0,0,0.0289105,80.00747663551397
1264,56.0,100.0,0,0.028815,79.05998300764645
1265,60.0,100.0,0,0.0288015,78.19609175870869
1266,64.0,100.0,0,0.028882,76.80271877655036
1267,68.0,100.0,0,0.028998,73.20781648258276
1268,72.0,100.0,0,0.02916325,68.69328802039081
1269,76.0,100.0,0,0.029255,64.34596431605769
1270,80.0,100.0,0,0.02920375,60.61172472387443
1271,84.0,100.0,0,0.02927425,58.52166525063717
1272,88.0,100.0,0,0.029354,61.252676295667015
1273,92.0,100.0,0,0.029286,59.44129141886151
1274,96.0,100.0,0,0.02918075,56.180798640611556
1275,100.0,100.0,0,0.028324,59.85930331350892
1276,104.0,100.0,0,0.0283305,64.9869158878505
1277,108.0,100.0,0,0.0283295,68.58181818181811
1278,112.0,100.0,0,0.02831475,75.77162276975355
1279,116.0,100.0,0,0.02829275,72.538997451147
1280,120.0,100.0,0,0.0282535,74.85199660152944
1281,124.0,100.0,0,0.028227,68.55395072217516
1282,128.0,100.0,0,0.02817125,66.6868309260833
1283,132.0,100.0,0,0.0281466,67.91299915038235
1284,136.0,100.0,0,0.028134,66.4917587085813
1285,140.0,100.0,0,0.02813575,65.82293967714531
1286,144.0,100.0,0,0.02814775,65.40492778249791
1287,148.0,100.0,0,0.0281695,65.1819881053525
1288,152.0,100.0,0,0.0281895,65.65573491928626
1289,156.0,100.0,0,0.028219,67.55072217502129
1290,160.0,100.0,0,0.02826375,68.77689039932034
1291,164.0,100.0,0,0.02835375,71.34069668649113
1292,168.0,100.0,0,0.02852,73.04061172472393
1293,172.0,100.0,0,0.028731,73.09634664401028
1294,176.0,100.0,0,0.02896525,73.65369583687357
1295,180.0,100.0,0,0.029149333,68.77689039932034
1296,184.0,100.0,0,0.0293425,64.6803738317758
1297,188.0,100.0,0,0.029417,63.426338147833576
1298,192.0,100.0,0,0.02933425,63.00832625318594
1299,196.0,100.0,0,0.0293125,61.531350892098544
1300,0.0,104.0,0,0.029283,69.2506372132541
1301,4.0,104.0,0,0.029007,70.9505522514869
1302,8.0,104.0,0,0.0288626,71.70297366185218
1303,12.0,104.0,0,0.0289035,71.98164825828394
1304,16.0,104.0,0,0.028802,72.45539507221747
1305,20.0,104.0,0,0.02897325,72.8455395072217
1306,24.0,104.0,0,0.0290465,73.76516567544604
1307,28.0,104.0,0,0.02910625,74.32251486830933
1308,32.0,104.0,0,0.029155,75.7437553101106
1309,36.0,104.0,0,0.02916975,76.88632115548012
1310,40.0,104.0,0,0.02916775,77.610875106202
1311,44.0,104.0,0,0.02913525,78.14035683942234
1312,48.0,104.0,0,0.02903475,78.66983857264222
1313,52.0,104.0,0,0.0289548,78.30756159728139
1314,56.0,104.0,0,0.028928333,78.11248937977916
1315,60.0,104.0,0,0.0288635,77.8338147833474
1316,64.0,104.0,0,0.02877475,77.30433305012752
1317,68.0,104.0,0,0.02876675,76.10603228547166
1318,72.0,104.0,0,0.02882025,74.26677994902298
1319,76.0,104.0,0,0.02891125,70.72761257434172
1320,80.0,104.0,0,0.02908875,68.77689039932011
1321,84.0,104.0,0,0.029221,65.60000000000014
1322,88.0,104.0,0,0.0292425,62.81325403568394
1323,92.0,104.0,0,0.0292775,62.92472387425664
1324,96.0,104.0,0,0.0293544,60.55598980458808
1325,100.0,104.0,0,0.02904425,58.38232795242152
1326,104.0,104.0,0,0.028372,59.747833474936215
1327,108.0,104.0,0,0.028505,63.81648258283781
1328,112.0,104.0,0,0.02844625,76.27323704333048
1329,116.0,104.0,0,0.02835975,72.28819031435864
1330,120.0,104.0,0,0.02832925,74.1553101104505
1331,124.0,104.0,0,0.02830325,68.0802039082414
1332,128.0,104.0,0,0.028283,67.94086661002552
1333,132.0,104.0,0,0.02824925,66.60322854715378
1334,136.0,104.0,0,0.028216,66.1573491928632
1335,140.0,104.0,0,0.02818575,65.0705182667798
1336,144.0,104.0,0,0.028162333,64.40169923534404
1337,148.0,104.0,0,0.028159,63.62141036533558
1338,152.0,104.0,0,0.028172,63.509940526762875
1339,156.0,104.0,0,0.028191,63.62141036533558
1340,160.0,104.0,0,0.02823075,63.67714528462193
1341,164.0,104.0,0,0.0282675,66.88190314358553
1342,168.0,104.0,0,0.028312,71.59150382327948
1343,172.0,104.0,0,0.02834975,75.01920135938826
1344,176.0,104.0,0,0.02844475,74.99133389974509
1345,180.0,104.0,0,0.0285935,74.5454545454545
1346,184.0,104.0,0,0.0288034,72.78980458793558
1347,188.0,104.0,0,0.028907667,68.2752761257434
1348,192.0,104.0,0,0.02913475,64.29022939677157
1349,196.0,104.0,0,0.029299,61.587085811384895
1350,0.0,108.0,0,0.02941875,64.76397621070532
1351,4.0,108.0,0,0.02940075,65.37706032285473
1352,8.0,108.0,0,0.02928075,67.43925233644859
1353,12.0,108.0,0,0.028782,69.27850467289727
1354,16.0,108.0,0,0.0289298,70.95055225148667
1355,20.0,108.0,0,0.028820333,71.2570943075616
1356,24.0,108.0,0,0.028984,71.87017841971124
1357,28.0,108.0,0,0.02908125,72.2324553950723
1358,32.0,108.0,0,0.0291655,72.538997451147
1359,36.0,108.0,0,0.02917525,73.48649107901451
1360,40.0,108.0,0,0.02918425,74.09957519116392
1361,44.0,108.0,0,0.029176,75.07493627867461
1362,48.0,108.0,0,0.02917425,75.60441801189472
1363,52.0,108.0,0,0.029169,76.21750212404413
1364,56.0,108.0,0,0.0291534,75.91096006796943
1365,60.0,108.0,0,0.029122667,75.71588785046742
1366,64.0,108.0,0,0.02891,75.5208156329652
1367,68.0,108.0,0,0.028799,74.71265930331356
1368,72.0,108.0,0,0.02868225,72.67833474936288
1369,76.0,108.0,0,0.0286715,70.75548003398467
1370,80.0,108.0,0,0.028758,68.83262531860669
1371,84.0,108.0,0,0.02884575,67.857264231096
1372,88.0,108.0,0,0.02895025,65.57213254035696
1373,92.0,108.0,0,0.0291442,63.287000849617925
1374,96.0,108.0,0,0.029264667,65.62786745964331
1375,100.0,108.0,0,0.0291975,59.803568394222566
1376,104.0,108.0,0,0.02918675,60.05437553101115
1377,108.0,108.0,0,0.0285345,64.29022939677134
1378,112.0,108.0,0,0.02878475,74.32251486830933
1379,116.0,108.0,0,0.0287265,72.45539507221747
1380,120.0,108.0,0,0.02861375,74.99133389974509
1381,124.0,108.0,0,0.028513,68.0802039082414
1382,128.0,108.0,0,0.0284414,68.13593882752775
1383,132.0,108.0,0,0.028387,66.40815632965155
1384,136.0,108.0,0,0.028343,64.73610875106192
1385,140.0,108.0,0,0.0283265,64.12302463891274
1386,144.0,108.0,0,0.02830675,63.53780798640605
1387,148.0,108.0,0,0.028282,63.454205607476524
1388,152.0,108.0,0,0.02826025,63.509940526762875
1389,156.0,108.0,0,0.02824175,63.2870008496177
1390,160.0,108.0,0,0.02823625,61.75429056924372
1391,164.0,108.0,0,0.0282545,61.113338997451365
1392,168.0,108.0,0,0.028296,61.280543755309964
1393,172.0,108.0,0,0.0283455,66.10161427357684
1394,176.0,108.0,0,0.0284184,77.02565845369577
1395,180.0,108.0,0,0.02847525,78.78130841121492
1396,184.0,108.0,0,0.028534667,76.77485131690742
1397,188.0,108.0,0,0.02862225,74.82412914188626
1398,192.0,108.0,0,0.02880025,72.51112999150382
1399,196.0,108.0,0,0.02892525,68.1638062871707
1400,0.0,112.0,0,0.02925325,63.62141036533558
1401,4.0,112.0,0,0.029308,65.18198810535273
1402,8.0,112.0,0,0.029375,64.37383177570109
1403,12.0,112.0,0,0.0293705,64.9869158878505
1404,16.0,112.0,0,0.02883825,66.46389124893813
1405,20.0,112.0,0,0.0289484,68.72115548003421
1406,24.0,112.0,0,0.028800667,70.86694987255714
1407,28.0,112.0,0,0.02895825,71.20135938827548
1408,32.0,112.0,0,0.029151,72.09311809685641
1409,36.0,112.0,0,0.029173,71.89804587935441
1410,40.0,112.0,0,0.0291895,72.14885301614277
1411,44.0,112.0,0,0.02921125,72.45539507221747
1412,48.0,112.0,0,0.02923475,73.51435853865746
1413,52.0,112.0,0,0.02924225,73.48649107901451
1414,56.0,112.0,0,0.029231,74.0159728122344
1415,60.0,112.0,0,0.0292235,73.87663551401874
1416,64.0,112.0,0,0.0292002,73.29141886151228
1417,68.0,112.0,0,0.029161333,72.8455395072217
1418,72.0,112.0,0,0.02914975,71.61937128292266
1419,76.0,112.0,0,0.028958,70.33746813933726
1420,80.0,112.0,0,0.02851575,67.94086661002552
1421,84.0,112.0,0,0.0284405,66.2688190314359
1422,88.0,112.0,0,0.0285905,63.3984706881904
1423,92.0,112.0,0,0.02872875,62.81325403568394
1424,96.0,112.0,0,0.028851,63.06406117247252
1425,100.0,112.0,0,0.0289275,60.4166525063722
1426,104.0,112.0,0,0.029148,59.88717077315209
1427,108.0,112.0,0,0.029175,62.06083262531865
1428,112.0,112.0,0,0.028765,68.80475785896351
1429,116.0,112.0,0,0.0288315,70.8390824129142
1430,120.0,112.0,0,0.02876775,74.15531011045027
1431,124.0,112.0,0,0.028788,66.51962616822425
1432,128.0,112.0,0,0.028765,66.54749362786742
1433,132.0,112.0,0,0.028676,66.10161427357684
1434,136.0,112.0,0,0.0285705,64.17875955819886
1435,140.0,112.0,0,0.028466,63.87221750212393
1436,144.0,112.0,0,0.028413,65.04265080713685
1437,148.0,112.0,0,0.02836,65.18198810535273
1438,152.0,112.0,0,0.02834925,65.18198810535273
1439,156.0,112.0,0,0.02832775,63.78861512319463
1440,160.0,112.0,0,0.02830575,61.97723024638913
1441,164.0,112.0,0,0.028276,61.8936278674596
1442,168.0,112.0,0,0.0282915,61.75429056924395
1443,172.0,112.0,0,0.02830275,60.862531860662784
1444,176.0,112.0,0,0.0283722,60.75106202209008
1445,180.0,112.0,0,0.028428,74.3225148683091
1446,184.0,112.0,0,0.0284945,80.5090909090909
1447,188.0,112.0,0,0.02857425,77.97315208156328
1448,192.0,112.0,0,0.02864975,75.68802039082425
1449,196.0,112.0,0,0.0287315,73.51435853865746
1450,0.0,116.0,0,0.0292005,68.91622769753599
1451,4.0,116.0,0,0.0292575,63.53780798640628
1452,8.0,116.0,0,0.0292742,65.99014443500437
1453,12.0,116.0,0,0.029413,61.14120645709454
1454,16.0,116.0,0,0.02939075,64.06728971962616
1455,20.0,116.0,0,0.02904425,65.46066270178426
1456,24.0,116.0,0,0.02898925,65.01478334749368
1457,28.0,116.0,0,0.0288335,65.32132540356838
1458,32.0,116.0,0,0.0289955,67.04910790144436
1459,36.0,116.0,0,0.02915225,68.83262531860669
1460,40.0,116.0,0,0.029178,69.5571792693288
1461,44.0,116.0,0,0.0292142,70.67187765505537
1462,48.0,116.0,0,0.029254667,70.8390824129142
1463,52.0,116.0,0,0.0292465,70.92268479184395
1464,56.0,116.0,0,0.0292295,70.8669498725576
1465,60.0,116.0,0,0.02922275,70.86694987255737
1466,64.0,116.0,0,0.02923475,70.67187765505514
1467,68.0,116.0,0,0.02924975,70.44893797790996
1468,72.0,116.0,0,0.02924,69.52931180968562
1469,76.0,116.0,0,0.02919925,68.74902293967716
1470,80.0,116.0,0,0.0291074,66.0737468139339
1471,84.0,116.0,0,0.028953,64.40169923534404
1472,88.0,116.0,0,0.028471667,61.30841121495337
1473,92.0,116.0,0,0.0283195,62.14443500424818
1474,96.0,116.0,0,0.0284955,62.33950722175041
1475,100.0,116.0,0,0.02863575,60.22158028886997
1476,104.0,116.0,0,0.02878175,59.357689039931984
1477,108.0,116.0,0,0.028864,63.900084961767334
1478,112.0,116.0,0,0.029005,74.1553101104505
1479,116.0,116.0,0,0.02876175,70.30960067969409
1480,120.0,116.0,0,0.02856925,71.50790144435018
1481,124.0,116.0,0,0.0286754,67.662192013594
1482,128.0,116.0,0,0.028677,66.26881903143567
1483,132.0,116.0,0,0.0288215,64.40169923534427
1484,136.0,116.0,0,0.0288065,64.23449447748499
1485,140.0,116.0,0,0.0287655,65.15412064570955
1486,144.0,116.0,0,0.02877625,65.82293967714531
1487,148.0,116.0,0,0.028733,66.43602378929495
1488,152.0,116.0,0,0.028649,66.99337298215801
1489,156.0,116.0,0,0.028583,67.27204757858976
1490,160.0,116.0,0,0.0285104,67.41138487680541
1491,164.0,116.0,0,0.02847,67.49498725573494
1492,168.0,116.0,0,0.0284385,66.82616822429918
1493,172.0,116.0,0,0.028427,64.42956669498722
1494,176.0,116.0,0,0.02843325,62.33950722175018
1495,180.0,116.0,0,0.02846375,62.03296516567525
1496,184.0,116.0,0,0.02850525,61.39201359388289
1497,188.0,116.0,0,0.028581,72.538997451147
1498,192.0,116.0,0,0.028645,75.88309260832625
1499,196.0,116.0,0,0.0287282,73.70943075615992
1500,0.0,120.0,0,0.029113,60.66745964316078
1501,4.0,120.0,0,0.029235,61.057604078164786
1502,8.0,120.0,0,0.02928025,59.85930331350892
1503,12.0,120.0,0,0.0292825,72.98487680543758
1504,16.0,120.0,0,0.02939225,63.42633814783335
1505,20.0,120.0,0,0.0293815,61.6985556499576
1506,24.0,120.0,0,0.02892675,60.02650807136774
1507,28.0,120.0,0,0.0290052,64.90331350892097
1508,32.0,120.0,0,0.028902333,64.09515717926934
1509,36.0,120.0,0,0.029052,64.68037383177557
1510,40.0,120.0,0,0.02916825,65.2098555649959
1511,44.0,120.0,0,0.02920775,66.49175870858107
1512,48.0,120.0,0,0.02925425,67.13271028037366
1513,52.0,120.0,0,0.0292285,68.77689039932034
1514,56.0,120.0,0,0.02917225,68.77689039932056
1515,60.0,120.0,0,0.02911425,68.91622769753599
1516,64.0,120.0,0,0.0290448,68.80475785896328
1517,68.0,120.0,0,0.029016,67.27204757858976
1518,72.0,120.0,0,0.028990333,66.96550552251483
1519,76.0,120.0,0,0.02897775,65.12625318606638
1520,80.0,120.0,0,0.029007,63.2033984706884
1521,84.0,120.0,0,0.0290605,60.723194562446906
1522,88.0,120.0,0,0.0291615,60.1937128292268
1523,92.0,120.0,0,0.029159,60.4166525063722
1524,96.0,120.0,0,0.02899625,61.69855564995737
1525,100.0,120.0,0,0.028588,58.52166525063717
1526,104.0,120.0,0,0.0284538,61.587085811384895
1527,108.0,120.0,0,0.028659,61.94936278674595
1528,112.0,120.0,0,0.028719,72.17672047578594
1529,116.0,120.0,0,0.028822,70.61614273576879
1530,120.0,120.0,0,0.02879075,69.61291418861515
1531,124.0,120.0,0,0.0291135,66.43602378929472
1532,128.0,120.0,0,0.029131,66.26881903143567
1533,132.0,120.0,0,0.029056,64.06728971962639
1534,136.0,120.0,0,0.028452,65.2934579439252
1535,140.0,120.0,0,0.02868275,66.35242141036542
1536,144.0,120.0,0,0.02879575,67.16057774001706
1537,148.0,120.0,0,0.028915,68.30314358538658
1538,152.0,120.0,0,0.028777333,68.72115548003399
1539,156.0,120.0,0,0.02880025,69.19490229396774
1540,160.0,120.0,0,0.0288075,69.50144435004268
1541,164.0,120.0,0,0.02877675,70.81121495327125
1542,168.0,120.0,0,0.028729,70.8390824129142
1543,172.0,120.0,0,0.0286945,70.72761257434149
1544,176.0,120.0,0,0.02866325,70.25386576040773
1545,180.0,120.0,0,0.02865525,68.66542056074763
1546,184.0,120.0,0,0.0286595,66.12948173322002
1547,188.0,120.0,0,0.0286708,62.172302463891356
1548,192.0,120.0,0,0.028708,62.11656754460478
1549,196.0,120.0,0,0.028755667,71.95378079864054
1550,0.0,124.0,0,0.02907125,57.99218351741729
1551,4.0,124.0,0,0.02923475,56.06932880203908
1552,8.0,124.0,0,0.02928,56.34800339847061
1553,12.0,124.0,0,0.0293005,60.416652506371975
1554,16.0,124.0,0,0.029369,59.469158878504686
1555,20.0,124.0,0,0.0293418,64.9869158878505
1556,24.0,124.0,0,0.029331,66.24095157179272
1557,28.0,124.0,0,0.02908325,64.73610875106215
1558,32.0,124.0,0,0.02896925,61.64282073067102
1559,36.0,124.0,0,0.0289745,60.16584536958385
1560,40.0,124.0,0,0.029145,61.7821580288869
1561,44.0,124.0,0,0.02919575,65.01478334749368
1562,48.0,124.0,0,0.02925525,65.0147833474939
1563,52.0,124.0,0,0.0292465,64.29022939677134
1564,56.0,124.0,0,0.02915725,64.17875955819864
1565,60.0,124.0,0,0.029056,63.87221750212393
1566,64.0,124.0,0,0.028944667,63.705012744265105
1567,68.0,124.0,0,0.0288985,63.3984706881904
1568,72.0,124.0,0,0.02883025,64.15089209855569
1569,76.0,124.0,0,0.028784,59.74783347493644
1570,80.0,124.0,0,0.028738,58.04791843670364
1571,84.0,124.0,0,0.028711,59.49702633814786
1572,88.0,124.0,0,0.0287025,59.58062871707716
1573,92.0,124.0,0,0.02873325,60.277315208156324
1574,96.0,124.0,0,0.0288172,62.116567544605005
1575,100.0,124.0,0,0.028976333,63.78861512319463
1576,104.0,124.0,0,0.02911775,70.56040781648267
1577,108.0,124.0,0,0.02906775,68.24740866610023
1578,112.0,124.0,0,0.028662,73.73729821580287
1579,116.0,124.0,0,0.0286375,67.857264231096
1580,120.0,124.0,0,0.02882425,66.07374681393367
1581,124.0,124.0,0,0.029073,64.03942225998298
1582,128.0,124.0,0,0.02916475,64.29022939677134
1583,132.0,124.0,0,0.029151,65.85080713678849
1584,136.0,124.0,0,0.029129,67.57858963466447
1585,140.0,124.0,0,0.029099333,68.60968564146151
1586,144.0,124.0,0,0.02910025,69.27850467289727
1587,148.0,124.0,0,0.02880225,70.97841971112985
1588,152.0,124.0,0,0.02865675,70.97841971113007
1589,156.0,124.0,0,0.0286975,71.00628717077325
1590,160.0,124.0,0,0.02880425,71.08988954970255
1591,164.0,124.0,0,0.02891675,70.97841971113007
1592,168.0,124.0,0,0.028912,71.08988954970255
1593,172.0,124.0,0,0.0288332,71.4521665250636
1594,176.0,124.0,0,0.028832667,72.59473237043358
1595,180.0,124.0,0,0.0288565,72.2324553950723
1596,184.0,124.0,0,0.02887175,71.67510620220924
1597,188.0,124.0,0,0.02888925,70.67187765505514
1598,192.0,124.0,0,0.02892225,66.5753610875106
1599,196.0,124.0,0,0.0289595,62.646049277824886
1600,0.0,128.0,0,0.02927575,59.469158878504686
1601,4.0,128.0,0,0.0292842,58.85607476635528
1602,8.0,128.0,0,0.029324667,58.85607476635528
1603,12.0,128.0,0,0.02934975,58.27085811384859
1604,16.0,128.0,0,0.029313,58.38232795242129
1605,20.0,128.0,0,0.0293335,57.49056924384013
1606,24.0,128.0,0,0.02909575,58.13152081563294
1607,28.0,128.0,0,0.02906,60.36091758708608
1608,32.0,128.0,0,0.0288615,59.55276125743421
1609,36.0,128.0,0,0.02898175,59.10688190314363
1610,40.0,128.0,0,0.0291674,66.82616822429895
1611,44.0,128.0,0,0.02923,66.65896346644013
1612,48.0,128.0,0,0.029253,62.75751911639759
1613,52.0,128.0,0,0.0291835,63.788615123194404
1614,56.0,128.0,0,0.0290645,65.43279524214086
1615,60.0,128.0,0,0.0289475,64.01155480033981
1616,64.0,128.0,0,0.028852,63.2033984706884
1617,68.0,128.0,0,0.0287695,61.6985556499576
1618,72.0,128.0,0,0.02870475,60.1101104502975
1619,76.0,128.0,0,0.0286516,57.76924384027188
1620,80.0,128.0,0,0.028588,58.10365335598976
1621,84.0,128.0,0,0.028559,58.688870008496224
1622,88.0,128.0,0,0.028516,60.472387425658326
1623,92.0,128.0,0,0.02849675,62.47884451996606
1624,96.0,128.0,0,0.02847925,59.52489379779104
1625,100.0,128.0,0,0.0285,68.10807136788435
1626,104.0,128.0,0,0.02854825,65.90654205607484
1627,108.0,128.0,0,0.0286425,72.34392523364477
1628,112.0,128.0,0,0.0288555,70.44893797790996
1629,116.0,128.0,0,0.0291026,66.46389124893813
1630,120.0,128.0,0,0.028865667,65.62786745964308
1631,124.0,128.0,0,0.02869825,63.64927782497898
1632,128.0,128.0,0,0.02909775,65.46066270178426
1633,132.0,128.0,0,0.029097,66.99337298215801
1634,136.0,128.0,0,0.0291075,68.30314358538658
1635,140.0,128.0,0,0.02912175,70.42107051826679
1636,144.0,128.0,0,0.02914525,70.86694987255737
1637,148.0,128.0,0,0.0291585,70.58827527612584
1638,152.0,128.0,0,0.02916175,70.56040781648267
1639,156.0,128.0,0,0.029137,69.11129991503822
1640,160.0,128.0,0,0.029119,69.27850467289727
1641,164.0,128.0,0,0.029174,69.47357689039927
1642,168.0,128.0,0,0.02912025,70.81121495327102
1643,172.0,128.0,0,0.0288095,70.97841971113007
1644,176.0,128.0,0,0.028746,71.22922684791865
1645,180.0,128.0,0,0.0288485,71.53576890399313
1646,184.0,128.0,0,0.0288235,71.64723874256606
1647,188.0,128.0,0,0.0287595,72.8455395072217
1648,192.0,128.0,0,0.0287865,73.37502124044181
1649,196.0,128.0,0,0.0288476,73.0684791843671
1650,0.0,132.0,0,0.029188,58.883942225998226
1651,4.0,132.0,0,0.02928125,59.079014443500455
1652,8.0,132.0,0,0.02933975,59.21835174171633
1653,12.0,132.0,0,0.02938075,59.49702633814786
1654,16.0,132.0,0,0.0293515,59.162616822429754
1655,20.0,132.0,0,0.02935725,58.995412064571155
1656,24.0,132.0,0,0.0291836,58.57740016992375
1657,28.0,132.0,0,0.029163333,58.21512319456269
1658,32.0,132.0,0,0.028952,56.12506372132543
1659,36.0,132.0,0,0.0289385,56.041461342395905
1660,40.0,132.0,0,0.02903,58.15938827527589
1661,44.0,132.0,0,0.029163,60.13797790994067
1662,48.0,132.0,0,0.0292455,60.13797790994067
1663,52.0,132.0,0,0.0292475,60.05437553101115
1664,56.0,132.0,0,0.029146,59.52489379779104
1665,60.0,132.0,0,0.0290014,59.859303313509145
1666,64.0,132.0,0,0.0288625,60.193712829227024
1667,68.0,132.0,0,0.028779667,62.03296516567548
1668,72.0,132.0,0,0.02872775,61.001869158878435
1669,76.0,132.0,0,0.028665,60.83466440101938
1670,80.0,132.0,0,0.02858125,62.86898895497029
1671,84.0,132.0,0,0.02849825,62.22803738317771
1672,88.0,132.0,0,0.02839375,62.785386576040764
1673,92.0,132.0,0,0.02833,63.92795242141028
1674,96.0,132.0,0,0.02827225,69.64078164825833
1675,100.0,132.0,0,0.0282514,73.90450297366192
1676,104.0,132.0,0,0.0282535,70.50467289719631
1677,108.0,132.0,0,0.02828,68.13593882752775
1678,112.0,132.0,0,0.02831575,65.40492778249791
1679,116.0,132.0,0,0.02834575,63.34273576890405
1680,120.0,132.0,0,0.0284145,63.53780798640605
1681,124.0,132.0,0,0.028533,65.85080713678849
1682,128.0,132.0,0,0.02874675,68.2752761257434
1683,132.0,132.0,0,0.02909775,69.22276975361092
1684,136.0,132.0,0,0.029057,70.81121495327102
1685,140.0,132.0,0,0.0290468,70.69974511469832
1686,144.0,132.0,0,0.029068,69.02769753610869
1687,148.0,132.0,0,0.029081333,68.94409515717916
1688,152.0,132.0,0,0.029101,69.4457094307561
1689,156.0,132.0,0,0.029125,71.45216652506383
1690,160.0,132.0,0,0.02914075,73.59796091758699
1691,164.0,132.0,0,0.02915225,74.71265930331356
1692,168.0,132.0,0,0.02916075,75.32574341546297
1693,172.0,132.0,0,0.02914775,75.32574341546297
1694,176.0,132.0,0,0.02913175,75.46508071367884
1695,180.0,132.0,0,0.02914075,75.15853865760414
1696,184.0,132.0,0,0.0291812,73.87663551401874
1697,188.0,132.0,0,0.0291585,73.31928632115546
1698,192.0,132.0,0,0.029152,72.03738317757029
1699,196.0,132.0,0,0.02917675,73.45862361937134
1700,0.0,136.0,0,0.02923675,60.63959218351738
1701,4.0,136.0,0,0.02926725,60.83466440101961
1702,8.0,136.0,0,0.029288,60.472387425658326
1703,12.0,136.0,0,0.02929775,61.057604078164786
1704,16.0,136.0,0,0.0292606,61.280543755309964
1705,20.0,136.0,0,0.029172667,59.49702633814786
1706,24.0,136.0,0,0.02902,59.55276125743421
1707,28.0,136.0,0,0.0288645,59.30195412064586
1708,32.0,136.0,0,0.02890925,59.19048428207293
1709,36.0,136.0,0,0.02896375,58.77247238742552
1710,40.0,136.0,0,0.029123,58.63313508920987
1711,44.0,136.0,0,0.0292105,58.29872557349199
1712,48.0,136.0,0,0.0292615,58.18725573491929
1713,52.0,136.0,0,0.0291725,58.04791843670341
1714,56.0,136.0,0,0.028987,57.880713678844586
1715,60.0,136.0,0,0.028862,58.43806287170764
1716,64.0,136.0,0,0.0287855,58.688870008496224
1717,68.0,136.0,0,0.028714,61.447748513169245
1718,72.0,136.0,0,0.0286445,62.22803738317771
1719,76.0,136.0,0,0.02855225,63.73288020390828
1720,80.0,136.0,0,0.0284095,65.23772302463885
1721,84.0,136.0,0,0.02828275,66.35242141036542
1722,88.0,136.0,0,0.02816775,66.6868309260833
1723,92.0,136.0,0,0.0280918,70.50467289719631
1724,96.0,136.0,0,0.028037667,74.04384027187757
1725,100.0,136.0,0,0.0280145,74.99133389974509
1726,104.0,136.0,0,0.028,73.98810535259145
1727,108.0,136.0,0,0.02798825,68.35887850467293
1728,112.0,136.0,0,0.02799775,62.67391673746806
1729,116.0,136.0,0,0.02802675,63.175531011044995
1730,120.0,136.0,0,0.0281105,63.4820730671197
1731,124.0,136.0,0,0.02820175,67.35564995751906
1732,128.0,136.0,0,0.0282955,68.66542056074763
1733,132.0,136.0,0,0.028459,70.8390824129142
1734,136.0,136.0,0,0.029121667,71.00628717077302
1735,140.0,136.0,0,0.02906425,69.16703483432457
1736,144.0,136.0,0,0.02905875,68.99983007646551
1737,148.0,136.0,0,0.029057,69.50144435004245
1738,152.0,136.0,0,0.0290505,72.98487680543758
1739,156.0,136.0,0,0.0290265,75.5208156329652
1740,160.0,136.0,0,0.02905,76.83058623619354
1741,164.0,136.0,0,0.02907625,77.4158028887
1742,168.0,136.0,0,0.0290965,77.75021240441811
1743,172.0,136.0,0,0.02912075,77.88954970263376
1744,176.0,136.0,0,0.0291364,77.72234494477493
1745,180.0,136.0,0,0.029153333,77.91741716227716
1746,184.0,136.0,0,0.0291605,77.91741716227716
1747,188.0,136.0,0,0.02916825,77.4436703483434
1748,192.0,136.0,0,0.0291725,77.1092608326253
1749,196.0,136.0,0,0.0291845,76.30110450297343
1750,0.0,140.0,0,0.02921025,62.20016992353453
1751,4.0,140.0,0,0.0291915,61.00186915887866
1752,8.0,140.0,0,0.0291426,60.77892948173303
1753,12.0,140.0,0,0.02908425,60.69532710280373
1754,16.0,140.0,0,0.029020333,60.97400169923549
1755,20.0,140.0,0,0.028977,61.057604078164786
1756,24.0,140.0,0,0.02891775,61.057604078164786
1757,28.0,140.0,0,0.0288355,59.99864061172457
1758,32.0,140.0,0,0.028741,59.38555649957539
1759,36.0,140.0,0,0.028728,59.32982158028881
1760,40.0,140.0,0,0.028864,59.10688190314386
1761,44.0,140.0,0,0.0291205,58.939677145284804
1762,48.0,140.0,0,0.0292225,59.02327952421433
1763,52.0,140.0,0,0.0292326,59.35768903993221
1764,56.0,140.0,0,0.029035333,59.91503823279527
1765,60.0,140.0,0,0.0289155,61.72642310960077
1766,64.0,140.0,0,0.02878575,63.14766355140205
1767,68.0,140.0,0,0.02870675,63.5099405267631
1768,72.0,140.0,0,0.0286345,63.900084961767334
1769,76.0,140.0,0,0.02854925,63.92795242141028
1770,80.0,140.0,0,0.028404,63.25913338997452
1771,84.0,140.0,0,0.02825025,64.01155480033981
1772,88.0,140.0,0,0.028113,64.73610875106215
1773,92.0,140.0,0,0.0280155,69.05556499575187
1774,96.0,140.0,0,0.027958333,79.11571792693303
1775,100.0,140.0,0,0.02793675,76.35683942226001
1776,104.0,140.0,0,0.02791025,61.00186915887866
1777,108.0,140.0,0,0.02789825,61.865760407816424
1778,112.0,140.0,0,0.027889,65.26559048428203
1779,116.0,140.0,0,0.02788925,68.33101104502975
1780,120.0,140.0,0,0.0278915,70.17026338147843
1781,124.0,140.0,0,0.027898,71.17349192863207
1782,128.0,140.0,0,0.0279128,70.67187765505514
1783,132.0,140.0,0,0.027958667,69.05556499575187
1784,136.0,140.0,0,0.028052,69.22276975361092
1785,140.0,140.0,0,0.02891125,72.70620220900582
1786,144.0,140.0,0,0.0288305,75.68802039082402
1787,148.0,140.0,0,0.02887475,76.74698385726424
1788,152.0,140.0,0,0.02898,77.27646559048435
1789,156.0,140.0,0,0.02899675,77.33220050977047
1790,160.0,140.0,0,0.02899725,76.9977909940526
1791,164.0,140.0,0,0.0290006,76.91418861512307
1792,168.0,140.0,0,0.02900375,76.91418861512307
1793,172.0,140.0,0,0.029022,77.05352591333894
1794,176.0,140.0,0,0.02904725,77.49940526762953
1795,180.0,140.0,0,0.02907125,77.8338147833474
1796,184.0,140.0,0,0.0290845,77.83381478334763
1797,188.0,140.0,0,0.0291005,77.6387425658454
1798,192.0,140.0,0,0.0290975,76.96992353440965
1799,196.0,140.0,0,0.029104,76.60764655904859
1800,0.0,144.0,0,0.0290574,74.1274426508071
1801,4.0,144.0,0,0.02904825,71.73084112149536
1802,8.0,144.0,0,0.029048,64.15089209855546
1803,12.0,144.0,0,0.02904725,62.311639762107234
1804,16.0,144.0,0,0.029041,60.47238742565855
1805,20.0,144.0,0,0.02904875,61.447748513169245
1806,24.0,144.0,0,0.029051,60.918266779949136
1807,28.0,144.0,0,0.0289295,60.97400169923526
1808,32.0,144.0,0,0.02855775,60.97400169923526
1809,36.0,144.0,0,0.028439,60.97400169923526
1810,40.0,144.0,0,0.02894525,60.862531860662784
1811,44.0,144.0,0,0.0291958,59.52489379779081
1812,48.0,144.0,0,0.02911075,59.38555649957516
1813,52.0,144.0,0,0.028949667,59.079014443500455
1814,56.0,144.0,0,0.028834,58.9118096856414
1815,60.0,144.0,0,0.0287225,58.99541206457093
1816,64.0,144.0,0,0.028654,59.21835174171633
1817,68.0,144.0,0,0.0285825,59.10688190314363
1818,72.0,144.0,0,0.02845475,58.77247238742552
1819,76.0,144.0,0,0.02830975,58.410195412064695
1820,80.0,144.0,0,0.02816475,57.85284621920164
1821,84.0,144.0,0,0.0280565,57.18402718776565
1822,88.0,144.0,0,0.02800625,57.3233644859813
1823,92.0,144.0,0,0.027996,61.72642310960077
1824,96.0,144.0,0,0.0280005,63.31486830926087
1825,100.0,144.0,0,0.0280114,70.89481733220055
1826,104.0,144.0,0,0.02800275,61.8100254885303
1827,108.0,144.0,0,0.027983333,62.0050977060323
1828,112.0,144.0,0,0.027969,66.32455395072202
1829,116.0,144.0,0,0.027942,68.83262531860669
1830,120.0,144.0,0,0.027908,70.8390824129142
1831,124.0,144.0,0,0.02789825,71.4521665250636
1832,128.0,144.0,0,0.027903,70.86694987255714
1833,132.0,144.0,0,0.02791675,69.13916737468139
1834,136.0,144.0,0,0.02790625,69.30637213254022
1835,140.0,144.0,0,0.027938,73.0684791843671
1836,144.0,144.0,0,0.0287825,76.0224299065419
1837,148.0,144.0,0,0.0281674,76.99779099405282
1838,152.0,144.0,0,0.02813275,77.08139337298212
1839,156.0,144.0,0,0.028445667,76.49617672047589
1840,160.0,144.0,0,0.028676,75.60441801189472
1841,164.0,144.0,0,0.02883575,74.93559898045874
1842,168.0,144.0,0,0.02887475,74.87986406117261
1843,172.0,144.0,0,0.0289495,74.51758708581133
1844,176.0,144.0,0,0.02899275,74.40611724723885
1845,180.0,144.0,0,0.0290045,74.85199660152921
1846,184.0,144.0,0,0.02901225,75.88309260832625
1847,188.0,144.0,0,0.0290285,76.83058623619377
1848,192.0,144.0,0,0.02904125,77.220730671198
1849,196.0,144.0,0,0.0290614,77.69447748513176
1850,0.0,148.0,0,0.02910525,75.96669498725578
1851,4.0,148.0,0,0.029115,75.38147833474932
1852,8.0,148.0,0,0.029119,63.25913338997452
1853,12.0,148.0,0,0.02913175,62.95259133389982
1854,16.0,148.0,0,0.02913625,60.137977909940446
1855,20.0,148.0,0,0.029142,61.30841121495337
1856,24.0,148.0,0,0.02918625,61.503483432455596
1857,28.0,148.0,0,0.029252,61.00186915887866
1858,32.0,148.0,0,0.029265,60.86253186066256
1859,36.0,148.0,0,0.0291595,60.77892948173326
1860,40.0,148.0,0,0.028813,60.80679694137643
1861,44.0,148.0,0,0.02883575,60.77892948173326
1862,48.0,148.0,0,0.0290975,60.61172472387443
1863,52.0,148.0,0,0.029075,60.36091758708585
1864,56.0,148.0,0,0.02889,58.6052676295667
1865,60.0,148.0,0,0.028739,58.298725573491765
1866,64.0,148.0,0,0.02863925,57.908581138487534
1867,68.0,148.0,0,0.0285914,58.04791843670341
1868,72.0,148.0,0,0.028515333,58.99541206457093
1869,76.0,148.0,0,0.0284245,59.38555649957516
1870,80.0,148.0,0,0.028273,59.99864061172457
1871,84.0,148.0,0,0.028136,63.95581988105346
1872,88.0,148.0,0,0.0280475,68.47034834324563
1873,92.0,148.0,0,0.0280145,62.200169923534304
1874,96.0,148.0,0,0.0280385,63.900084961767334
1875,100.0,148.0,0,0.02808875,68.55395072217493
1876,104.0,148.0,0,0.028131,71.39643160577748
1877,108.0,148.0,0,0.0281536,71.89804587935441
1878,112.0,148.0,0,0.028185,71.31282922684795
1879,116.0,148.0,0,0.028193,70.89481733220055
1880,120.0,148.0,0,0.02816525,69.72438402718785
1881,124.0,148.0,0,0.02810675,71.28496176720455
1882,128.0,148.0,0,0.02804525,75.13067119796096
1883,132.0,148.0,0,0.027992,77.1092608326253
1884,136.0,148.0,0,0.02793525,77.08139337298235
1885,140.0,148.0,0,0.0279075,76.52404418011906
1886,144.0,148.0,0,0.0279335,75.35361087510637
1887,148.0,148.0,0,0.02870575,74.62905692438403
1888,152.0,148.0,0,0.028135,72.92914188615123
1889,156.0,148.0,0,0.02804275,70.64401019541219
1890,160.0,148.0,0,0.028337,68.74902293967716
1891,164.0,148.0,0,0.02865925,68.02446898895505
1892,168.0,148.0,0,0.028837,66.43602378929472
1893,172.0,148.0,0,0.02888425,66.38028887000837
1894,176.0,148.0,0,0.028927,66.60322854715378
1895,180.0,148.0,0,0.028978,68.44248088360223
1896,184.0,148.0,0,0.02899575,72.14885301614277
1897,188.0,148.0,0,0.02901425,75.10280373831779
1898,192.0,148.0,0,0.0290325,77.2485981308414
1899,196.0,148.0,0,0.02904175,77.55514018691588
