File,WaveData20210924_012.csv,
Date/Time,21-09-24/13:31,

Trace,A
Center Wavelength,1557.8,nm
Span Wavelength,400,nm
Start Wavelength,1357.8,nm
Stop Wavelength,1757.8,nm
Value In Air/Vacuum,Vacuum,
Optical Attenuater,Off,
Resolution,0.07,nm
Actual Resolution,0.058,nm
VBW,1000,Hz
Point Average,20,
Sweep Average,4,
Smooth,Off,
Sampling Points,2001,pt
Trace Type,Write,
Trace Storage Mode,Off,
Trace Calculate Trace 1,-,
Trace Calculate Trace 2,-,
Dynamic Range,Normal,
Ext-Trigger,Off,
Interval Time,Off,
MM Mode,Off,
Start,1357.8,nm
Stop,1757.8,nm

Wavelength(A),Level(A)
1357.800000,2.5700E-008
1358.000000,3.0130E-008
1358.200000,1.3080E-008
1358.400000,6.9930E-009
1358.600000,2.3210E-008
1358.800000,1.7130E-008
1359.000000,1.2230E-008
1359.200000,2.5360E-008
1359.400000,1.8890E-008
1359.600000,2.5810E-008
1359.800000,1.6030E-008
1360.000000,2.2500E-008
1360.200000,1.6150E-008
1360.400000,1.2890E-008
1360.600000,1.6500E-008
1360.800000,2.3170E-008
1361.000000,1.1830E-008
1361.200000,1.9680E-008
1361.400000,2.2580E-008
1361.600000,1.4780E-008
1361.800000,1.4340E-008
1362.000000,1.4730E-008
1362.200000,3.1360E-009
1362.400000,1.4900E-008
1362.600000,2.1150E-008
1362.800000,1.6230E-008
1363.000000,1.3360E-008
1363.200000,1.5930E-008
1363.400000,3.2580E-008
1363.600000,3.0020E-008
1363.800000,1.7050E-008
1364.000000,1.2810E-008
1364.200000,1.0830E-008
1364.400000,1.3880E-008
1364.600000,2.4610E-008
1364.800000,1.7170E-009
1365.000000,2.3060E-008
1365.200000,2.0400E-008
1365.400000,1.9530E-008
1365.600000,2.3260E-008
1365.800000,2.1900E-008
1366.000000,2.1370E-008
1366.200000,2.1440E-008
1366.400000,2.4910E-008
1366.600000,9.8230E-009
1366.800000,2.1250E-008
1367.000000,6.2980E-010
1367.200000,2.8120E-008
1367.400000,2.6580E-008
1367.600000,2.4650E-008
1367.800000,3.2690E-008
1368.000000,2.5580E-008
1368.200000,1.3860E-008
1368.400000,1.2150E-008
1368.600000,2.5080E-008
1368.800000,1.8450E-008
1369.000000,1.5980E-008
1369.200000,2.3910E-008
1369.400000,3.3210E-008
1369.600000,2.3060E-008
1369.800000,1.9880E-008
1370.000000,2.4900E-008
1370.200000,1.1980E-008
1370.400000,2.3290E-008
1370.600000,1.4100E-008
1370.800000,2.4400E-008
1371.000000,2.6140E-008
1371.200000,7.4230E-009
1371.400000,2.0380E-008
1371.600000,1.6300E-008
1371.800000,1.6830E-008
1372.000000,2.9100E-008
1372.200000,1.7290E-008
1372.400000,1.4900E-008
1372.600000,2.2220E-008
1372.800000,1.7310E-008
1373.000000,1.3240E-008
1373.200000,7.9650E-009
1373.400000,1.1160E-008
1373.600000,2.1190E-008
1373.800000,2.2440E-008
1374.000000,2.6010E-008
1374.200000,1.2720E-008
1374.400000,3.0010E-008
1374.600000,1.3270E-008
1374.800000,2.9780E-008
1375.000000,1.2350E-008
1375.200000,3.0890E-008
1375.400000,1.6760E-008
1375.600000,3.2540E-008
1375.800000,1.5260E-008
1376.000000,7.9650E-009
1376.200000,2.6730E-008
1376.400000,1.0470E-008
1376.600000,7.0820E-009
1376.800000,2.4420E-008
1377.000000,1.8410E-008
1377.200000,5.0430E-009
1377.400000,1.8560E-008
1377.600000,4.6820E-009
1377.800000,9.6560E-009
1378.000000,2.1240E-008
1378.200000,3.1330E-008
1378.400000,2.2540E-008
1378.600000,9.0550E-009
1378.800000,8.2890E-009
1379.000000,1.3590E-008
1379.200000,9.5210E-009
1379.400000,3.3490E-008
1379.600000,2.1930E-008
1379.800000,3.5360E-008
1380.000000,2.1710E-008
1380.200000,2.4110E-008
1380.400000,1.9650E-008
1380.600000,1.1610E-008
1380.800000,1.6080E-008
1381.000000,1.4830E-008
1381.200000,2.0030E-008
1381.400000,2.0730E-008
1381.600000,1.6260E-008
1381.800000,3.2600E-008
1382.000000,1.6760E-008
1382.200000,2.5690E-008
1382.400000,2.5150E-008
1382.600000,2.3200E-008
1382.800000,9.8250E-010
1383.000000,1.7910E-008
1383.200000,1.7550E-008
1383.400000,1.4010E-008
1383.600000,2.4920E-008
1383.800000,1.8440E-008
1384.000000,1.9810E-008
1384.200000,3.5680E-008
1384.400000,1.5750E-008
1384.600000,3.0480E-009
1384.800000,1.8800E-008
1385.000000,2.2730E-008
1385.200000,3.4990E-008
1385.400000,7.3400E-009
1385.600000,2.6430E-008
1385.800000,2.0610E-008
1386.000000,1.3510E-008
1386.200000,2.2740E-008
1386.400000,1.5480E-008
1386.600000,1.4830E-008
1386.800000,9.1590E-009
1387.000000,1.4590E-008
1387.200000,2.6070E-008
1387.400000,9.0580E-009
1387.600000,1.1470E-008
1387.800000,1.4470E-008
1388.000000,8.2760E-009
1388.200000,1.3080E-008
1388.400000,2.2120E-008
1388.600000,3.0760E-008
1388.800000,1.2550E-008
1389.000000,1.5670E-008
1389.200000,6.7610E-009
1389.400000,1.3550E-008
1389.600000,2.2330E-008
1389.800000,3.9760E-008
1390.000000,6.2090E-009
1390.200000,2.9940E-008
1390.400000,1.4760E-008
1390.600000,2.5160E-008
1390.800000,6.8890E-009
1391.000000,5.0000E-009
1391.200000,2.2240E-008
1391.400000,1.6210E-008
1391.600000,2.7450E-008
1391.800000,5.0430E-010
1392.000000,2.7010E-008
1392.200000,5.4540E-009
1392.400000,1.5400E-008
1392.600000,1.8420E-008
1392.800000,1.6740E-008
1393.000000,1.7850E-008
1393.200000,2.2260E-008
1393.400000,1.8600E-008
1393.600000,2.4250E-008
1393.800000,1.1660E-008
1394.000000,1.0010E-008
1394.200000,2.7590E-008
1394.400000,2.1710E-008
1394.600000,1.6240E-008
1394.800000,1.7460E-008
1395.000000,1.1430E-008
1395.200000,1.8710E-008
1395.400000,2.0880E-008
1395.600000,7.2040E-009
1395.800000,2.3850E-008
1396.000000,2.0880E-008
1396.200000,2.7450E-008
1396.400000,1.3730E-008
1396.600000,7.5060E-009
1396.800000,1.2910E-008
1397.000000,2.5380E-008
1397.200000,2.7790E-008
1397.400000,1.6180E-008
1397.600000,3.0170E-008
1397.800000,2.8630E-008
1398.000000,1.5920E-008
1398.200000,1.2750E-008
1398.400000,1.3870E-008
1398.600000,2.5560E-008
1398.800000,5.5980E-009
1399.000000,2.2720E-008
1399.200000,1.0190E-008
1399.400000,1.1140E-008
1399.600000,1.4120E-008
1399.800000,2.2130E-008
1400.000000,1.8270E-008
1400.200000,1.7800E-008
1400.400000,2.8510E-008
1400.600000,3.3490E-008
1400.800000,1.5900E-008
1401.000000,1.9390E-008
1401.200000,3.2990E-008
1401.400000,2.5130E-008
1401.600000,2.4180E-008
1401.800000,3.7440E-008
1402.000000,1.2210E-008
1402.200000,1.6340E-008
1402.400000,1.5520E-008
1402.600000,3.0060E-008
1402.800000,1.6850E-008
1403.000000,8.2180E-009
1403.200000,2.2820E-008
1403.400000,2.0820E-008
1403.600000,1.5760E-008
1403.800000,2.2240E-008
1404.000000,1.8000E-008
1404.200000,-4.6930E-009
1404.400000,9.6670E-009
1404.600000,2.0350E-008
1404.800000,1.4040E-008
1405.000000,2.0500E-008
1405.200000,3.1050E-008
1405.400000,-2.3960E-009
1405.600000,1.5010E-008
1405.800000,6.8310E-010
1406.000000,2.8740E-008
1406.200000,3.2820E-008
1406.400000,1.9940E-008
1406.600000,2.7380E-008
1406.800000,2.0560E-008
1407.000000,2.2940E-008
1407.200000,2.0640E-008
1407.400000,2.3090E-008
1407.600000,3.1640E-008
1407.800000,2.2120E-008
1408.000000,1.0640E-008
1408.200000,2.6770E-008
1408.400000,1.0490E-008
1408.600000,1.8050E-008
1408.800000,9.9560E-009
1409.000000,2.7690E-008
1409.200000,1.6780E-008
1409.400000,1.9150E-008
1409.600000,1.3180E-008
1409.800000,1.0060E-008
1410.000000,2.0670E-008
1410.200000,3.2710E-008
1410.400000,2.5070E-008
1410.600000,1.6570E-008
1410.800000,4.0650E-008
1411.000000,2.9560E-008
1411.200000,1.7670E-008
1411.400000,2.8410E-008
1411.600000,1.7290E-008
1411.800000,9.2030E-009
1412.000000,1.1490E-008
1412.200000,2.0010E-008
1412.400000,2.0900E-008
1412.600000,2.2160E-008
1412.800000,3.4510E-008
1413.000000,2.8840E-008
1413.200000,2.4030E-008
1413.400000,1.2380E-008
1413.600000,9.4260E-009
1413.800000,2.1570E-008
1414.000000,2.9230E-008
1414.200000,1.6590E-008
1414.400000,7.5320E-009
1414.600000,2.2540E-008
1414.800000,2.3350E-008
1415.000000,1.9060E-008
1415.200000,1.6200E-008
1415.400000,2.2670E-008
1415.600000,2.3500E-008
1415.800000,2.0320E-008
1416.000000,2.6780E-008
1416.200000,1.0610E-008
1416.400000,1.1690E-008
1416.600000,1.5270E-008
1416.800000,1.7130E-008
1417.000000,2.4720E-008
1417.200000,1.1100E-008
1417.400000,3.2610E-008
1417.600000,2.1170E-008
1417.800000,1.5420E-008
1418.000000,4.5300E-009
1418.200000,2.4830E-008
1418.400000,3.3700E-008
1418.600000,1.7180E-008
1418.800000,2.4990E-008
1419.000000,1.6000E-008
1419.200000,1.7200E-008
1419.400000,1.3540E-008
1419.600000,2.0520E-008
1419.800000,1.0270E-008
1420.000000,3.5010E-008
1420.200000,1.8130E-008
1420.400000,1.8200E-008
1420.600000,1.3410E-008
1420.800000,2.7340E-008
1421.000000,2.6920E-008
1421.200000,1.3530E-008
1421.400000,2.3420E-008
1421.600000,8.5400E-009
1421.800000,2.5010E-008
1422.000000,1.8860E-008
1422.200000,4.5010E-009
1422.400000,2.6000E-008
1422.600000,2.7170E-008
1422.800000,1.7170E-008
1423.000000,5.5590E-009
1423.200000,2.1740E-008
1423.400000,1.4530E-008
1423.600000,2.6890E-008
1423.800000,1.7400E-008
1424.000000,1.5470E-008
1424.200000,1.1920E-008
1424.400000,2.7040E-008
1424.600000,2.5470E-008
1424.800000,1.2900E-008
1425.000000,2.2660E-008
1425.200000,1.9900E-008
1425.400000,2.9160E-008
1425.600000,3.4000E-008
1425.800000,1.9730E-008
1426.000000,1.7290E-008
1426.200000,2.5730E-008
1426.400000,2.7690E-008
1426.600000,1.5630E-008
1426.800000,2.2210E-008
1427.000000,2.1810E-008
1427.200000,1.7670E-008
1427.400000,1.9920E-008
1427.600000,2.7480E-008
1427.800000,7.3050E-009
1428.000000,1.4060E-008
1428.200000,1.3300E-008
1428.400000,2.8290E-008
1428.600000,2.0570E-008
1428.800000,2.0010E-008
1429.000000,8.5570E-009
1429.200000,2.4130E-008
1429.400000,1.5820E-008
1429.600000,2.7310E-008
1429.800000,1.6230E-008
1430.000000,2.4860E-008
1430.200000,1.7020E-008
1430.400000,9.7340E-009
1430.600000,2.7360E-008
1430.800000,1.9620E-008
1431.000000,2.3550E-008
1431.200000,7.3150E-009
1431.400000,2.0250E-008
1431.600000,1.0710E-008
1431.800000,2.0160E-008
1432.000000,-2.3840E-010
1432.200000,1.5890E-008
1432.400000,2.4390E-008
1432.600000,2.9640E-008
1432.800000,1.6990E-008
1433.000000,2.1880E-008
1433.200000,2.2680E-008
1433.400000,1.3390E-008
1433.600000,2.5790E-008
1433.800000,2.6150E-008
1434.000000,1.6560E-008
1434.200000,2.1230E-008
1434.400000,1.9290E-008
1434.600000,2.7100E-008
1434.800000,1.2150E-008
1435.000000,1.7560E-008
1435.200000,6.9230E-009
1435.400000,2.2740E-008
1435.600000,2.4140E-008
1435.800000,1.2670E-008
1436.000000,4.7680E-009
1436.200000,1.6590E-008
1436.400000,2.7770E-008
1436.600000,3.2160E-008
1436.800000,2.9580E-008
1437.000000,6.1940E-009
1437.200000,2.3130E-008
1437.400000,2.6510E-008
1437.600000,2.6320E-008
1437.800000,1.5480E-008
1438.000000,1.7040E-008
1438.200000,1.3400E-008
1438.400000,2.7390E-008
1438.600000,9.9940E-009
1438.800000,2.0360E-008
1439.000000,2.1320E-008
1439.200000,2.9350E-008
1439.400000,2.3020E-008
1439.600000,3.0070E-008
1439.800000,2.7280E-008
1440.000000,1.8470E-008
1440.200000,3.1280E-008
1440.400000,1.9510E-008
1440.600000,3.6390E-008
1440.800000,1.3770E-008
1441.000000,2.9520E-008
1441.200000,3.5550E-008
1441.400000,1.2530E-008
1441.600000,1.6140E-008
1441.800000,2.6180E-008
1442.000000,1.8330E-008
1442.200000,3.4350E-008
1442.400000,2.6610E-008
1442.600000,2.4870E-008
1442.800000,2.3970E-008
1443.000000,2.9430E-008
1443.200000,2.5460E-008
1443.400000,1.6640E-008
1443.600000,2.0270E-008
1443.800000,2.9430E-008
1444.000000,2.8870E-008
1444.200000,2.0030E-008
1444.400000,3.5400E-008
1444.600000,3.6440E-010
1444.800000,1.7750E-008
1445.000000,2.3110E-008
1445.200000,1.2970E-008
1445.400000,2.4250E-008
1445.600000,3.1730E-008
1445.800000,2.7010E-008
1446.000000,1.7130E-008
1446.200000,2.4320E-008
1446.400000,2.7320E-008
1446.600000,2.6880E-008
1446.800000,1.2970E-008
1447.000000,3.0230E-008
1447.200000,3.8120E-008
1447.400000,2.6620E-008
1447.600000,2.3150E-008
1447.800000,2.5170E-008
1448.000000,2.0470E-008
1448.200000,1.8270E-008
1448.400000,2.7270E-008
1448.600000,3.3980E-008
1448.800000,3.3840E-008
1449.000000,2.4490E-008
1449.200000,2.3160E-008
1449.400000,2.6400E-008
1449.600000,7.9100E-009
1449.800000,2.0470E-008
1450.000000,2.3880E-008
1450.200000,2.6800E-008
1450.400000,3.4320E-008
1450.600000,3.3130E-008
1450.800000,3.5050E-008
1451.000000,1.8820E-008
1451.200000,2.4710E-008
1451.400000,2.7940E-008
1451.600000,1.6690E-008
1451.800000,2.2960E-008
1452.000000,3.0170E-008
1452.200000,2.1970E-008
1452.400000,1.9280E-008
1452.600000,5.8500E-009
1452.800000,3.6570E-008
1453.000000,2.9200E-008
1453.200000,2.5560E-008
1453.400000,3.2730E-008
1453.600000,2.8020E-008
1453.800000,4.5920E-008
1454.000000,2.2670E-008
1454.200000,1.8660E-008
1454.400000,2.6290E-008
1454.600000,2.9870E-008
1454.800000,2.7530E-008
1455.000000,3.1690E-008
1455.200000,2.0360E-008
1455.400000,1.1520E-008
1455.600000,3.3600E-008
1455.800000,1.6690E-008
1456.000000,1.4430E-008
1456.200000,1.6020E-008
1456.400000,2.1890E-008
1456.600000,2.4740E-008
1456.800000,3.1970E-008
1457.000000,1.7770E-008
1457.200000,1.9770E-008
1457.400000,1.3880E-008
1457.600000,3.0700E-008
1457.800000,1.5850E-008
1458.000000,4.1510E-008
1458.200000,3.7500E-008
1458.400000,3.0260E-008
1458.600000,2.5760E-008
1458.800000,2.2610E-008
1459.000000,1.9800E-008
1459.200000,2.0820E-008
1459.400000,2.1570E-008
1459.600000,3.5070E-008
1459.800000,2.1610E-008
1460.000000,1.6800E-008
1460.200000,3.6950E-008
1460.400000,3.5130E-008
1460.600000,2.9100E-008
1460.800000,3.7340E-008
1461.000000,7.5970E-009
1461.200000,1.5760E-008
1461.400000,2.8780E-008
1461.600000,1.9200E-008
1461.800000,2.5800E-008
1462.000000,2.3900E-008
1462.200000,2.7910E-008
1462.400000,3.6490E-008
1462.600000,2.9010E-008
1462.800000,3.6970E-008
1463.000000,4.4540E-008
1463.200000,2.3260E-008
1463.400000,4.1360E-008
1463.600000,2.7050E-008
1463.800000,4.3870E-008
1464.000000,3.2040E-008
1464.200000,2.3930E-008
1464.400000,2.3480E-008
1464.600000,1.6250E-008
1464.800000,3.6920E-008
1465.000000,2.1990E-008
1465.200000,9.3420E-009
1465.400000,2.8000E-008
1465.600000,2.1970E-008
1465.800000,2.6020E-008
1466.000000,3.1630E-008
1466.200000,3.9280E-008
1466.400000,2.4850E-008
1466.600000,3.2970E-008
1466.800000,2.5110E-008
1467.000000,3.2300E-008
1467.200000,3.1940E-008
1467.400000,5.0640E-008
1467.600000,2.8440E-008
1467.800000,3.1560E-008
1468.000000,2.5300E-008
1468.200000,4.4560E-008
1468.400000,3.5900E-008
1468.600000,3.6920E-008
1468.800000,4.2180E-008
1469.000000,1.9780E-008
1469.200000,3.8120E-008
1469.400000,2.6950E-008
1469.600000,2.8800E-008
1469.800000,3.2710E-008
1470.000000,4.8010E-008
1470.200000,4.0900E-008
1470.400000,3.7260E-008
1470.600000,1.9690E-008
1470.800000,4.0850E-008
1471.000000,2.8630E-008
1471.200000,2.6230E-008
1471.400000,3.6640E-008
1471.600000,2.4000E-008
1471.800000,3.7440E-008
1472.000000,2.5240E-008
1472.200000,1.9200E-008
1472.400000,3.9040E-008
1472.600000,2.8360E-008
1472.800000,2.4210E-008
1473.000000,3.3980E-008
1473.200000,4.3800E-008
1473.400000,3.0670E-008
1473.600000,2.9320E-008
1473.800000,4.8970E-008
1474.000000,2.0970E-008
1474.200000,1.5860E-008
1474.400000,2.5890E-008
1474.600000,3.2800E-008
1474.800000,2.4790E-008
1475.000000,3.5260E-008
1475.200000,1.4590E-008
1475.400000,4.0310E-008
1475.600000,3.5560E-008
1475.800000,1.2730E-008
1476.000000,4.2950E-008
1476.200000,3.4180E-008
1476.400000,3.0440E-008
1476.600000,2.0990E-008
1476.800000,1.8210E-008
1477.000000,4.0960E-008
1477.200000,3.2940E-008
1477.400000,2.9300E-008
1477.600000,4.5020E-008
1477.800000,3.6970E-008
1478.000000,4.3340E-008
1478.200000,2.2300E-008
1478.400000,2.4750E-008
1478.600000,2.0170E-008
1478.800000,2.7610E-008
1479.000000,2.0720E-008
1479.200000,3.0610E-008
1479.400000,3.0350E-008
1479.600000,3.4890E-008
1479.800000,3.8300E-008
1480.000000,2.0920E-008
1480.200000,3.7050E-008
1480.400000,2.4930E-008
1480.600000,3.8080E-008
1480.800000,3.4220E-008
1481.000000,3.9080E-008
1481.200000,2.7150E-008
1481.400000,3.2680E-008
1481.600000,2.6410E-008
1481.800000,4.6620E-008
1482.000000,3.0250E-008
1482.200000,3.4540E-008
1482.400000,3.6930E-008
1482.600000,3.6140E-008
1482.800000,1.8160E-008
1483.000000,3.7540E-008
1483.200000,2.8550E-008
1483.400000,2.2360E-008
1483.600000,3.2650E-008
1483.800000,4.0410E-008
1484.000000,3.7020E-008
1484.200000,4.4770E-008
1484.400000,2.9690E-008
1484.600000,3.9690E-008
1484.800000,4.0190E-008
1485.000000,2.6570E-008
1485.200000,2.1260E-008
1485.400000,3.5240E-008
1485.600000,4.0450E-008
1485.800000,3.2880E-008
1486.000000,3.3890E-008
1486.200000,1.1180E-008
1486.400000,4.3680E-008
1486.600000,3.3320E-008
1486.800000,3.5560E-008
1487.000000,3.6220E-008
1487.200000,3.8400E-008
1487.400000,3.1130E-008
1487.600000,4.5800E-008
1487.800000,3.4720E-008
1488.000000,2.0220E-008
1488.200000,5.3470E-008
1488.400000,2.8820E-008
1488.600000,3.5980E-008
1488.800000,1.9670E-008
1489.000000,2.4680E-008
1489.200000,3.4210E-008
1489.400000,3.5490E-008
1489.600000,2.9050E-008
1489.800000,5.5090E-008
1490.000000,2.5450E-008
1490.200000,2.6870E-008
1490.400000,2.8740E-008
1490.600000,3.1380E-008
1490.800000,3.4260E-008
1491.000000,4.5220E-008
1491.200000,3.9050E-008
1491.400000,2.9060E-008
1491.600000,3.5130E-008
1491.800000,2.7940E-008
1492.000000,4.2270E-008
1492.200000,3.3260E-008
1492.400000,4.3220E-008
1492.600000,3.8930E-008
1492.800000,3.7220E-008
1493.000000,2.0200E-008
1493.200000,3.5010E-008
1493.400000,4.1010E-008
1493.600000,2.7280E-008
1493.800000,3.5490E-008
1494.000000,2.8090E-008
1494.200000,3.8720E-008
1494.400000,5.5790E-008
1494.600000,4.4040E-008
1494.800000,3.7930E-008
1495.000000,4.2870E-008
1495.200000,3.6030E-008
1495.400000,2.4860E-008
1495.600000,3.8230E-008
1495.800000,2.9830E-008
1496.000000,4.6040E-008
1496.200000,4.3040E-008
1496.400000,2.6190E-008
1496.600000,3.3730E-008
1496.800000,2.9280E-008
1497.000000,2.7730E-008
1497.200000,4.3590E-008
1497.400000,3.5280E-008
1497.600000,3.6560E-008
1497.800000,4.7530E-008
1498.000000,4.5690E-008
1498.200000,4.9720E-008
1498.400000,3.4450E-008
1498.600000,3.8200E-008
1498.800000,5.7960E-008
1499.000000,3.7170E-008
1499.200000,3.2000E-008
1499.400000,3.8790E-008
1499.600000,3.7400E-008
1499.800000,4.1270E-008
1500.000000,3.1050E-008
1500.200000,5.1650E-008
1500.400000,4.0680E-008
1500.600000,5.0030E-008
1500.800000,4.0490E-008
1501.000000,3.5410E-008
1501.200000,4.3020E-008
1501.400000,3.3680E-008
1501.600000,3.5180E-008
1501.800000,3.2760E-008
1502.000000,4.2330E-008
1502.200000,4.6400E-008
1502.400000,4.3820E-008
1502.600000,4.4110E-008
1502.800000,2.3160E-008
1503.000000,4.1610E-008
1503.200000,5.3200E-008
1503.400000,4.5900E-008
1503.600000,4.7440E-008
1503.800000,4.5090E-008
1504.000000,3.5180E-008
1504.200000,4.9100E-008
1504.400000,5.0750E-008
1504.600000,4.8950E-008
1504.800000,4.7850E-008
1505.000000,2.3820E-008
1505.200000,4.0000E-008
1505.400000,5.1020E-008
1505.600000,3.3840E-008
1505.800000,4.2610E-008
1506.000000,4.8350E-008
1506.200000,4.4080E-008
1506.400000,4.1320E-008
1506.600000,4.7360E-008
1506.800000,4.6320E-008
1507.000000,4.0470E-008
1507.200000,5.7490E-008
1507.400000,5.1930E-008
1507.600000,4.4730E-008
1507.800000,3.7680E-008
1508.000000,4.2680E-008
1508.200000,4.5100E-008
1508.400000,5.1720E-008
1508.600000,6.3290E-008
1508.800000,4.4300E-008
1509.000000,4.3110E-008
1509.200000,5.2770E-008
1509.400000,5.4580E-008
1509.600000,4.7010E-008
1509.800000,3.7100E-008
1510.000000,4.4330E-008
1510.200000,3.9880E-008
1510.400000,4.7110E-008
1510.600000,5.6860E-008
1510.800000,5.1830E-008
1511.000000,5.3710E-008
1511.200000,4.3200E-008
1511.400000,4.6350E-008
1511.600000,4.0260E-008
1511.800000,4.0260E-008
1512.000000,4.1110E-008
1512.200000,4.7090E-008
1512.400000,5.7530E-008
1512.600000,4.9430E-008
1512.800000,5.0800E-008
1513.000000,4.4350E-008
1513.200000,6.6170E-008
1513.400000,5.5950E-008
1513.600000,6.3610E-008
1513.800000,6.0320E-008
1514.000000,4.9510E-008
1514.200000,6.2440E-008
1514.400000,6.2300E-008
1514.600000,5.5760E-008
1514.800000,5.1620E-008
1515.000000,6.3810E-008
1515.200000,4.9960E-008
1515.400000,6.8940E-008
1515.600000,4.3970E-008
1515.800000,7.2990E-008
1516.000000,7.7250E-008
1516.200000,6.0570E-008
1516.400000,7.6770E-008
1516.600000,5.1380E-008
1516.800000,5.9410E-008
1517.000000,5.7740E-008
1517.200000,6.6390E-008
1517.400000,5.1870E-008
1517.600000,5.8470E-008
1517.800000,6.2240E-008
1518.000000,6.8840E-008
1518.200000,6.9890E-008
1518.400000,4.5500E-008
1518.600000,6.4790E-008
1518.800000,5.5480E-008
1519.000000,6.8780E-008
1519.200000,5.5430E-008
1519.400000,6.8280E-008
1519.600000,6.2960E-008
1519.800000,7.4650E-008
1520.000000,7.3990E-008
1520.200000,7.9310E-008
1520.400000,8.4800E-008
1520.600000,7.4540E-008
1520.800000,8.5800E-008
1521.000000,8.6740E-008
1521.200000,8.8430E-008
1521.400000,6.4520E-008
1521.600000,6.8020E-008
1521.800000,7.2460E-008
1522.000000,8.4440E-008
1522.200000,8.0160E-008
1522.400000,7.9670E-008
1522.600000,9.1820E-008
1522.800000,1.0680E-007
1523.000000,9.4500E-008
1523.200000,9.3830E-008
1523.400000,8.7010E-008
1523.600000,9.3410E-008
1523.800000,8.4210E-008
1524.000000,1.0610E-007
1524.200000,7.9590E-008
1524.400000,1.0220E-007
1524.600000,1.0320E-007
1524.800000,1.1220E-007
1525.000000,1.1890E-007
1525.200000,1.1670E-007
1525.400000,1.0900E-007
1525.600000,1.1440E-007
1525.800000,1.2640E-007
1526.000000,1.3080E-007
1526.200000,1.4280E-007
1526.400000,1.6270E-007
1526.600000,1.1850E-007
1526.800000,1.3990E-007
1527.000000,1.2470E-007
1527.200000,1.2060E-007
1527.400000,1.1720E-007
1527.600000,1.2660E-007
1527.800000,1.1500E-007
1528.000000,1.1750E-007
1528.200000,1.2830E-007
1528.400000,1.4760E-007
1528.600000,1.5190E-007
1528.800000,1.7110E-007
1529.000000,1.8990E-007
1529.200000,2.0430E-007
1529.400000,2.0810E-007
1529.600000,2.0310E-007
1529.800000,1.6610E-007
1530.000000,1.6570E-007
1530.200000,1.8400E-007
1530.400000,2.1070E-007
1530.600000,2.2800E-007
1530.800000,2.3380E-007
1531.000000,2.4800E-007
1531.200000,2.5890E-007
1531.400000,2.6850E-007
1531.600000,2.2910E-007
1531.800000,2.4630E-007
1532.000000,2.5020E-007
1532.200000,2.5880E-007
1532.400000,3.0350E-007
1532.600000,3.5300E-007
1532.800000,3.8880E-007
1533.000000,4.4270E-007
1533.200000,4.8410E-007
1533.400000,5.2020E-007
1533.600000,5.2760E-007
1533.800000,5.1330E-007
1534.000000,4.6320E-007
1534.200000,4.0590E-007
1534.400000,4.2750E-007
1534.600000,6.0560E-007
1534.800000,8.6590E-007
1535.000000,9.8670E-007
1535.200000,9.4950E-007
1535.400000,8.6650E-007
1535.600000,7.4430E-007
1535.800000,6.8990E-007
1536.000000,6.9280E-007
1536.200000,7.3190E-007
1536.400000,8.0630E-007
1536.600000,9.6030E-007
1536.800000,1.1340E-006
1537.000000,1.3630E-006
1537.200000,1.5790E-006
1537.400000,1.8050E-006
1537.600000,2.0180E-006
1537.800000,2.2150E-006
1538.000000,2.4020E-006
1538.200000,2.5500E-006
1538.400000,2.6400E-006
1538.600000,2.6290E-006
1538.800000,2.5350E-006
1539.000000,2.3430E-006
1539.200000,2.0620E-006
1539.400000,1.8530E-006
1539.600000,2.0780E-006
1539.800000,3.3570E-006
1540.000000,9.7590E-006
1540.200000,1.4840E-005
1540.400000,1.5540E-005
1540.600000,1.2810E-005
1540.800000,9.1830E-006
1541.000000,6.7480E-006
1541.200000,5.5510E-006
1541.400000,5.2520E-006
1541.600000,5.5840E-006
1541.800000,6.6540E-006
1542.000000,8.0330E-006
1542.200000,9.6250E-006
1542.400000,1.1290E-005
1542.600000,1.3060E-005
1542.800000,1.4840E-005
1543.000000,1.6050E-005
1543.200000,1.7120E-005
1543.400000,1.8060E-005
1543.600000,1.8670E-005
1543.800000,1.9900E-005
1544.000000,1.8660E-005
1544.200000,1.7830E-005
1544.400000,1.7780E-005
1544.600000,1.7440E-005
1544.800000,1.5940E-005
1545.000000,1.5150E-005
1545.200000,1.4220E-005
1545.400000,1.3180E-005
1545.600000,1.2180E-005
1545.800000,1.1560E-005
1546.000000,1.1890E-005
1546.200000,1.3840E-005
1546.400000,1.8540E-005
1546.600000,2.8040E-005
1546.800000,4.6620E-005
1547.000000,8.3540E-005
1547.200000,1.5580E-004
1547.400000,2.6000E-004
1547.600000,2.2180E-004
1547.800000,9.4960E-005
1548.000000,3.9540E-005
1548.200000,2.1910E-005
1548.400000,1.8080E-005
1548.600000,2.0280E-005
1548.800000,2.5680E-005
1549.000000,3.3010E-005
1549.200000,4.1830E-005
1549.400000,5.1650E-005
1549.600000,6.1600E-005
1549.800000,7.1130E-005
1550.000000,8.0190E-005
1550.200000,8.9160E-005
1550.400000,9.7000E-005
1550.600000,1.0320E-004
1550.800000,1.0840E-004
1551.000000,1.1270E-004
1551.200000,1.1580E-004
1551.400000,1.1700E-004
1551.600000,1.1750E-004
1551.800000,1.1790E-004
1552.000000,1.1690E-004
1552.200000,1.1460E-004
1552.400000,1.1200E-004
1552.600000,1.1050E-004
1552.800000,1.0930E-004
1553.000000,1.0860E-004
1553.200000,1.0820E-004
1553.400000,1.0900E-004
1553.600000,1.1110E-004
1553.800000,1.1340E-004
1554.000000,1.1720E-004
1554.200000,1.2310E-004
1554.400000,1.3090E-004
1554.600000,1.3930E-004
1554.800000,1.4960E-004
1555.000000,1.6180E-004
1555.200000,1.7610E-004
1555.400000,1.9090E-004
1555.600000,2.0620E-004
1555.800000,2.2340E-004
1556.000000,2.4170E-004
1556.200000,2.5900E-004
1556.400000,2.7660E-004
1556.600000,2.9580E-004
1556.800000,3.1650E-004
1557.000000,3.3600E-004
1557.200000,3.5580E-004
1557.400000,3.7660E-004
1557.600000,3.9800E-004
1557.800000,4.1870E-004
1558.000000,4.3960E-004
1558.200000,4.6230E-004
1558.400000,4.8540E-004
1558.600000,5.0540E-004
1558.800000,5.2470E-004
1559.000000,5.4740E-004
1559.200000,5.7220E-004
1559.400000,5.9720E-004
1559.600000,6.2390E-004
1559.800000,6.5380E-004
1560.000000,6.8430E-004
1560.200000,7.1180E-004
1560.400000,7.4230E-004
1560.600000,7.7560E-004
1560.800000,8.0810E-004
1561.000000,8.3630E-004
1561.200000,8.6240E-004
1561.400000,8.8870E-004
1561.600000,9.1190E-004
1561.800000,9.3550E-004
1562.000000,9.5530E-004
1562.200000,9.7200E-004
1562.400000,9.8110E-004
1562.600000,9.8130E-004
1562.800000,9.7750E-004
1563.000000,9.7070E-004
1563.200000,9.5960E-004
1563.400000,9.4230E-004
1563.600000,9.2030E-004
1563.800000,8.9510E-004
1564.000000,8.7140E-004
1564.200000,8.4240E-004
1564.400000,8.1360E-004
1564.600000,7.8500E-004
1564.800000,7.5530E-004
1565.000000,7.2430E-004
1565.200000,6.9570E-004
1565.400000,6.6960E-004
1565.600000,6.4650E-004
1565.800000,6.2390E-004
1566.000000,6.0340E-004
1566.200000,5.8640E-004
1566.400000,5.7280E-004
1566.600000,5.5910E-004
1566.800000,5.4720E-004
1567.000000,5.3690E-004
1567.200000,5.2740E-004
1567.400000,5.1850E-004
1567.600000,5.1060E-004
1567.800000,5.0280E-004
1568.000000,4.9480E-004
1568.200000,4.8760E-004
1568.400000,4.7790E-004
1568.600000,4.6770E-004
1568.800000,4.5760E-004
1569.000000,4.4690E-004
1569.200000,4.3480E-004
1569.400000,4.2130E-004
1569.600000,4.0700E-004
1569.800000,3.9120E-004
1570.000000,3.7330E-004
1570.200000,3.5380E-004
1570.400000,3.3300E-004
1570.600000,3.1090E-004
1570.800000,2.8730E-004
1571.000000,2.6190E-004
1571.200000,2.3520E-004
1571.400000,2.0820E-004
1571.600000,1.8180E-004
1571.800000,1.5580E-004
1572.000000,1.2990E-004
1572.200000,1.0550E-004
1572.400000,8.4260E-005
1572.600000,6.6400E-005
1572.800000,5.2840E-005
1573.000000,4.3920E-005
1573.200000,3.9960E-005
1573.400000,4.0960E-005
1573.600000,4.6800E-005
1573.800000,5.6050E-005
1574.000000,6.8340E-005
1574.200000,8.1460E-005
1574.400000,9.3990E-005
1574.600000,1.0390E-004
1574.800000,1.1000E-004
1575.000000,1.1180E-004
1575.200000,1.0930E-004
1575.400000,1.0340E-004
1575.600000,9.4620E-005
1575.800000,8.3240E-005
1576.000000,7.0830E-005
1576.200000,5.8360E-005
1576.400000,4.6950E-005
1576.600000,3.7650E-005
1576.800000,3.1690E-005
1577.000000,2.9230E-005
1577.200000,2.9990E-005
1577.400000,3.3180E-005
1577.600000,3.7640E-005
1577.800000,4.1730E-005
1578.000000,4.4560E-005
1578.200000,4.5670E-005
1578.400000,4.4610E-005
1578.600000,4.1180E-005
1578.800000,3.6390E-005
1579.000000,3.1010E-005
1579.200000,2.5300E-005
1579.400000,1.9930E-005
1579.600000,1.5740E-005
1579.800000,1.3070E-005
1580.000000,1.1950E-005
1580.200000,1.2450E-005
1580.400000,1.6260E-005
1580.600000,1.7270E-005
1580.800000,2.0690E-005
1581.000000,2.3740E-005
1581.200000,2.6130E-005
1581.400000,2.6990E-005
1581.600000,2.5930E-005
1581.800000,2.3030E-005
1582.000000,1.8840E-005
1582.200000,1.4040E-005
1582.400000,9.6720E-006
1582.600000,6.5850E-006
1582.800000,5.2280E-006
1583.000000,5.5620E-006
1583.200000,7.2580E-006
1583.400000,9.7470E-006
1583.600000,1.2310E-005
1583.800000,1.4030E-005
1584.000000,1.4350E-005
1584.200000,1.3210E-005
1584.400000,1.1040E-005
1584.600000,8.3740E-006
1584.800000,6.0080E-006
1585.000000,4.3650E-006
1585.200000,3.3560E-006
1585.400000,2.9060E-006
1585.600000,2.8600E-006
1585.800000,2.9920E-006
1586.000000,3.1890E-006
1586.200000,3.3600E-006
1586.400000,3.5300E-006
1586.600000,3.7750E-006
1586.800000,3.9130E-006
1587.000000,4.0120E-006
1587.200000,3.9760E-006
1587.400000,3.6750E-006
1587.600000,3.0710E-006
1587.800000,2.3840E-006
1588.000000,1.7380E-006
1588.200000,1.2060E-006
1588.400000,9.4420E-007
1588.600000,9.7230E-007
1588.800000,1.2600E-006
1589.000000,1.7550E-006
1589.200000,2.0840E-006
1589.400000,2.2270E-006
1589.600000,2.0740E-006
1589.800000,1.6370E-006
1590.000000,1.1070E-006
1590.200000,6.5430E-007
1590.400000,4.6170E-007
1590.600000,5.9840E-007
1590.800000,9.6880E-007
1591.000000,1.4220E-006
1591.200000,1.7790E-006
1591.400000,1.7850E-006
1591.600000,1.5370E-006
1591.800000,1.0700E-006
1592.000000,6.4630E-007
1592.200000,5.0270E-007
1592.400000,6.0580E-007
1592.600000,8.5310E-007
1592.800000,1.0840E-006
1593.000000,1.1990E-006
1593.200000,9.8550E-007
1593.400000,6.2810E-007
1593.600000,3.8080E-007
1593.800000,2.7960E-007
1594.000000,4.3680E-007
1594.200000,7.0210E-007
1594.400000,9.8610E-007
1594.600000,1.0980E-006
1594.800000,1.0340E-006
1595.000000,7.9730E-007
1595.200000,5.5880E-007
1595.400000,4.0980E-007
1595.600000,4.9310E-007
1595.800000,7.3050E-007
1596.000000,9.3500E-007
1596.200000,9.5080E-007
1596.400000,8.7030E-007
1596.600000,6.0130E-007
1596.800000,4.1290E-007
1597.000000,3.1870E-007
1597.200000,3.3870E-007
1597.400000,4.7360E-007
1597.600000,5.3390E-007
1597.800000,5.4440E-007
1598.000000,4.5330E-007
1598.200000,3.6400E-007
1598.400000,2.7830E-007
1598.600000,3.0050E-007
1598.800000,3.3730E-007
1599.000000,3.6760E-007
1599.200000,3.7500E-007
1599.400000,3.6280E-007
1599.600000,3.1610E-007
1599.800000,3.2800E-007
1600.000000,3.2020E-007
1600.200000,3.3710E-007
1600.400000,3.2650E-007
1600.600000,2.9080E-007
1600.800000,2.5810E-007
1601.000000,2.6280E-007
1601.200000,2.4980E-007
1601.400000,2.5060E-007
1601.600000,2.2920E-007
1601.800000,2.1710E-007
1602.000000,1.9600E-007
1602.200000,1.8760E-007
1602.400000,1.8800E-007
1602.600000,1.6700E-007
1602.800000,1.8780E-007
1603.000000,1.7390E-007
1603.200000,1.8270E-007
1603.400000,1.9390E-007
1603.600000,1.7890E-007
1603.800000,1.9130E-007
1604.000000,1.7970E-007
1604.200000,1.6640E-007
1604.400000,1.5080E-007
1604.600000,1.9000E-007
1604.800000,1.7010E-007
1605.000000,1.9620E-007
1605.200000,1.4210E-007
1605.400000,1.3960E-007
1605.600000,1.5080E-007
1605.800000,1.4130E-007
1606.000000,1.6830E-007
1606.200000,1.6770E-007
1606.400000,1.5230E-007
1606.600000,1.3540E-007
1606.800000,1.3390E-007
1607.000000,1.5360E-007
1607.200000,1.4880E-007
1607.400000,1.5650E-007
1607.600000,1.5910E-007
1607.800000,1.2440E-007
1608.000000,1.4570E-007
1608.200000,1.6530E-007
1608.400000,1.3300E-007
1608.600000,1.5490E-007
1608.800000,1.2970E-007
1609.000000,1.3600E-007
1609.200000,1.2700E-007
1609.400000,1.4800E-007
1609.600000,1.2940E-007
1609.800000,1.5010E-007
1610.000000,1.3500E-007
1610.200000,1.3350E-007
1610.400000,1.0600E-007
1610.600000,1.1040E-007
1610.800000,1.1050E-007
1611.000000,9.6090E-008
1611.200000,1.0330E-007
1611.400000,1.1190E-007
1611.600000,1.0330E-007
1611.800000,1.0930E-007
1612.000000,1.1330E-007
1612.200000,1.1240E-007
1612.400000,1.2530E-007
1612.600000,1.1830E-007
1612.800000,1.0020E-007
1613.000000,9.7710E-008
1613.200000,1.2230E-007
1613.400000,1.2100E-007
1613.600000,1.1050E-007
1613.800000,1.0280E-007
1614.000000,1.0490E-007
1614.200000,9.3820E-008
1614.400000,1.0650E-007
1614.600000,1.0430E-007
1614.800000,9.9000E-008
1615.000000,1.0050E-007
1615.200000,1.1830E-007
1615.400000,8.6740E-008
1615.600000,9.5260E-008
1615.800000,1.0580E-007
1616.000000,9.4610E-008
1616.200000,8.7530E-008
1616.400000,1.1100E-007
1616.600000,9.1730E-008
1616.800000,9.7730E-008
1617.000000,8.7930E-008
1617.200000,8.5080E-008
1617.400000,9.8480E-008
1617.600000,8.9770E-008
1617.800000,8.7550E-008
1618.000000,8.7220E-008
1618.200000,1.0170E-007
1618.400000,9.0360E-008
1618.600000,9.9060E-008
1618.800000,8.6040E-008
1619.000000,9.9270E-008
1619.200000,7.6570E-008
1619.400000,8.8020E-008
1619.600000,7.8580E-008
1619.800000,8.4290E-008
1620.000000,8.4360E-008
1620.200000,7.1650E-008
1620.400000,9.1670E-008
1620.600000,1.0010E-007
1620.800000,7.3960E-008
1621.000000,8.4960E-008
1621.200000,9.5730E-008
1621.400000,8.8080E-008
1621.600000,8.0030E-008
1621.800000,9.2450E-008
1622.000000,8.8790E-008
1622.200000,8.6380E-008
1622.400000,9.0770E-008
1622.600000,7.8190E-008
1622.800000,8.4770E-008
1623.000000,8.4120E-008
1623.200000,8.8090E-008
1623.400000,8.5730E-008
1623.600000,7.6770E-008
1623.800000,7.4770E-008
1624.000000,6.0550E-008
1624.200000,8.5540E-008
1624.400000,8.3660E-008
1624.600000,9.3340E-008
1624.800000,8.6520E-008
1625.000000,1.0210E-007
1625.200000,7.6800E-008
1625.400000,7.3670E-008
1625.600000,7.4910E-008
1625.800000,9.8910E-008
1626.000000,7.9330E-008
1626.200000,7.1080E-008
1626.400000,7.6120E-008
1626.600000,7.4580E-008
1626.800000,7.3390E-008
1627.000000,6.9110E-008
1627.200000,8.4740E-008
1627.400000,8.0700E-008
1627.600000,8.6760E-008
1627.800000,7.7720E-008
1628.000000,7.0280E-008
1628.200000,6.4770E-008
1628.400000,7.0280E-008
1628.600000,8.9790E-008
1628.800000,8.0890E-008
1629.000000,7.4110E-008
1629.200000,6.3240E-008
1629.400000,6.2410E-008
1629.600000,6.8200E-008
1629.800000,7.8840E-008
1630.000000,7.3110E-008
1630.200000,7.5820E-008
1630.400000,7.3300E-008
1630.600000,8.4710E-008
1630.800000,7.1980E-008
1631.000000,7.2160E-008
1631.200000,8.5380E-008
1631.400000,6.1020E-008
1631.600000,7.4700E-008
1631.800000,6.2010E-008
1632.000000,8.3400E-008
1632.200000,6.3580E-008
1632.400000,6.6940E-008
1632.600000,5.3080E-008
1632.800000,5.2030E-008
1633.000000,8.1470E-008
1633.200000,6.3910E-008
1633.400000,7.7710E-008
1633.600000,5.5920E-008
1633.800000,7.8300E-008
1634.000000,5.5200E-008
1634.200000,5.3750E-008
1634.400000,6.5840E-008
1634.600000,7.7410E-008
1634.800000,6.9290E-008
1635.000000,5.6320E-008
1635.200000,6.3730E-008
1635.400000,4.6330E-008
1635.600000,6.8370E-008
1635.800000,5.7160E-008
1636.000000,6.0050E-008
1636.200000,6.9250E-008
1636.400000,6.4680E-008
1636.600000,6.3630E-008
1636.800000,5.4340E-008
1637.000000,6.2880E-008
1637.200000,6.4700E-008
1637.400000,6.2720E-008
1637.600000,5.8880E-008
1637.800000,5.9670E-008
1638.000000,6.7380E-008
1638.200000,5.2160E-008
1638.400000,4.7760E-008
1638.600000,6.6090E-008
1638.800000,8.8370E-008
1639.000000,5.3810E-008
1639.200000,5.2860E-008
1639.400000,4.4200E-008
1639.600000,4.9290E-008
1639.800000,7.8070E-008
1640.000000,5.7970E-008
1640.200000,5.3010E-008
1640.400000,5.5220E-008
1640.600000,6.4340E-008
1640.800000,4.9590E-008
1641.000000,6.6570E-008
1641.200000,6.8890E-008
1641.400000,5.9940E-008
1641.600000,7.8850E-008
1641.800000,6.7700E-008
1642.000000,5.9990E-008
1642.200000,5.6020E-008
1642.400000,6.7020E-008
1642.600000,5.4760E-008
1642.800000,6.1250E-008
1643.000000,7.5300E-008
1643.200000,5.5790E-008
1643.400000,5.5000E-008
1643.600000,5.5330E-008
1643.800000,5.9020E-008
1644.000000,5.4550E-008
1644.200000,5.6460E-008
1644.400000,6.1570E-008
1644.600000,6.3910E-008
1644.800000,5.2150E-008
1645.000000,5.6740E-008
1645.200000,5.3060E-008
1645.400000,4.9440E-008
1645.600000,4.2340E-008
1645.800000,5.1100E-008
1646.000000,5.5950E-008
1646.200000,4.9780E-008
1646.400000,5.7130E-008
1646.600000,6.7380E-008
1646.800000,5.8150E-008
1647.000000,6.5640E-008
1647.200000,5.3390E-008
1647.400000,6.8930E-008
1647.600000,5.0510E-008
1647.800000,6.2220E-008
1648.000000,6.0700E-008
1648.200000,8.2140E-008
1648.400000,5.8220E-008
1648.600000,5.4970E-008
1648.800000,6.5160E-008
1649.000000,3.8900E-008
1649.200000,7.6590E-008
1649.400000,5.6510E-008
1649.600000,5.0070E-008
1649.800000,4.3430E-008
1650.000000,7.0130E-008
1650.200000,6.2540E-008
1650.400000,5.8170E-008
1650.600000,7.1110E-008
1650.800000,7.2920E-008
1651.000000,5.9020E-008
1651.200000,5.1640E-008
1651.400000,4.1180E-008
1651.600000,5.0260E-008
1651.800000,6.4340E-008
1652.000000,4.1550E-008
1652.200000,5.2120E-008
1652.400000,6.8150E-008
1652.600000,5.4450E-008
1652.800000,3.5340E-008
1653.000000,5.5510E-008
1653.200000,5.6810E-008
1653.400000,4.9750E-008
1653.600000,6.6840E-008
1653.800000,5.2460E-008
1654.000000,6.1700E-008
1654.200000,4.4980E-008
1654.400000,6.2230E-008
1654.600000,6.6740E-008
1654.800000,4.0070E-008
1655.000000,5.6250E-008
1655.200000,5.5190E-008
1655.400000,5.2890E-008
1655.600000,2.9930E-008
1655.800000,6.3430E-008
1656.000000,6.9500E-008
1656.200000,6.3000E-008
1656.400000,6.2410E-008
1656.600000,6.0770E-008
1656.800000,5.2010E-008
1657.000000,6.2140E-008
1657.200000,8.1790E-008
1657.400000,5.8770E-008
1657.600000,6.6040E-008
1657.800000,6.2350E-008
1658.000000,6.6580E-008
1658.200000,3.2770E-008
1658.400000,6.5010E-008
1658.600000,3.9410E-008
1658.800000,6.1710E-008
1659.000000,6.4520E-008
1659.200000,3.4450E-008
1659.400000,6.1880E-008
1659.600000,5.5430E-008
1659.800000,6.3270E-008
1660.000000,5.5590E-008
1660.200000,4.0070E-008
1660.400000,6.8930E-008
1660.600000,6.9230E-008
1660.800000,4.7820E-008
1661.000000,7.1180E-008
1661.200000,5.2840E-008
1661.400000,5.1290E-008
1661.600000,7.6550E-008
1661.800000,6.4390E-008
1662.000000,5.7710E-008
1662.200000,5.6430E-008
1662.400000,6.7840E-008
1662.600000,5.0200E-008
1662.800000,4.4490E-008
1663.000000,6.8920E-008
1663.200000,5.1830E-008
1663.400000,2.6940E-008
1663.600000,6.3330E-008
1663.800000,6.3070E-008
1664.000000,8.0710E-008
1664.200000,4.9400E-008
1664.400000,6.3040E-008
1664.600000,4.7610E-008
1664.800000,7.4050E-008
1665.000000,5.8930E-008
1665.200000,8.0920E-008
1665.400000,6.8190E-008
1665.600000,5.8900E-008
1665.800000,5.9480E-008
1666.000000,5.6570E-008
1666.200000,4.1400E-008
1666.400000,4.2050E-008
1666.600000,6.5360E-008
1666.800000,6.2190E-008
1667.000000,5.9470E-008
1667.200000,5.2950E-008
1667.400000,5.4880E-008
1667.600000,5.1140E-008
1667.800000,4.1310E-008
1668.000000,4.7260E-008
1668.200000,9.9640E-008
1668.400000,6.3040E-008
1668.600000,2.2080E-008
1668.800000,6.0250E-008
1669.000000,7.5070E-008
1669.200000,7.6220E-008
1669.400000,7.4220E-008
1669.600000,5.2080E-008
1669.800000,8.1440E-008
1670.000000,7.4470E-008
1670.200000,6.9800E-008
1670.400000,7.2670E-008
1670.600000,6.9710E-008
1670.800000,7.4100E-008
1671.000000,4.4490E-008
1671.200000,4.5560E-008
1671.400000,6.8340E-008
1671.600000,8.8750E-008
1671.800000,6.7180E-008
1672.000000,8.2430E-008
1672.200000,9.7810E-008
1672.400000,8.7670E-008
1672.600000,8.4070E-008
1672.800000,8.1610E-008
1673.000000,6.7730E-008
1673.200000,7.7490E-008
1673.400000,8.0820E-008
1673.600000,6.7790E-008
1673.800000,8.2360E-008
1674.000000,6.9340E-008
1674.200000,8.6830E-008
1674.400000,5.7050E-008
1674.600000,6.2820E-008
1674.800000,6.9820E-008
1675.000000,4.4520E-008
1675.200000,6.0930E-008
1675.400000,6.2850E-008
1675.600000,1.1980E-007
1675.800000,7.8290E-008
1676.000000,7.5120E-008
1676.200000,7.9580E-008
1676.400000,1.1460E-007
1676.600000,9.5090E-008
1676.800000,9.2140E-008
1677.000000,8.3600E-008
1677.200000,8.1720E-008
1677.400000,6.8460E-008
1677.600000,5.4930E-008
1677.800000,5.3080E-008
1678.000000,6.6300E-008
1678.200000,1.1650E-007
1678.400000,7.4130E-008
1678.600000,1.1900E-007
1678.800000,6.0890E-008
1679.000000,1.0680E-007
1679.200000,7.1480E-008
1679.400000,1.2230E-007
1679.600000,1.0320E-007
1679.800000,8.6130E-008
1680.000000,6.9980E-008
1680.200000,7.0270E-008
1680.400000,6.3810E-008
1680.600000,7.2890E-008
1680.800000,9.9250E-008
1681.000000,1.2490E-007
1681.200000,1.0080E-007
1681.400000,1.1670E-007
1681.600000,7.4740E-008
1681.800000,7.7030E-008
1682.000000,5.0560E-008
1682.200000,6.4670E-008
1682.400000,1.1140E-007
1682.600000,9.4550E-008
1682.800000,9.7530E-008
1683.000000,1.3170E-007
1683.200000,4.7580E-008
1683.400000,1.1510E-007
1683.600000,1.5080E-007
1683.800000,1.4020E-007
1684.000000,1.1160E-007
1684.200000,1.1770E-007
1684.400000,1.1240E-007
1684.600000,1.5250E-007
1684.800000,1.0950E-007
1685.000000,1.1490E-007
1685.200000,8.1790E-008
1685.400000,1.6750E-007
1685.600000,5.6810E-008
1685.800000,9.6870E-008
1686.000000,8.5970E-008
1686.200000,1.3180E-007
1686.400000,1.4820E-007
1686.600000,1.0620E-007
1686.800000,1.1380E-007
1687.000000,1.3280E-007
1687.200000,1.1060E-007
1687.400000,1.7300E-007
1687.600000,1.1160E-007
1687.800000,1.1970E-007
1688.000000,5.0440E-008
1688.200000,1.3260E-007
1688.400000,1.6950E-007
1688.600000,1.3380E-007
1688.800000,6.8070E-008
1689.000000,1.6220E-007
1689.200000,1.2090E-007
1689.400000,1.0340E-007
1689.600000,1.3300E-007
1689.800000,7.9140E-008
1690.000000,5.9350E-008
1690.200000,1.1790E-007
1690.400000,1.3910E-007
1690.600000,1.7730E-007
1690.800000,2.1580E-007
1691.000000,9.2050E-008
1691.200000,1.4690E-007
1691.400000,1.1410E-007
1691.600000,2.0250E-007
1691.800000,1.9650E-007
1692.000000,1.0430E-007
1692.200000,9.7170E-008
1692.400000,1.3270E-007
1692.600000,1.3670E-007
1692.800000,2.3070E-007
1693.000000,1.6030E-007
1693.200000,7.3290E-008
1693.400000,5.8960E-008
1693.600000,1.2110E-007
1693.800000,2.2880E-007
1694.000000,1.6730E-007
1694.200000,1.3500E-007
1694.400000,1.4370E-007
1694.600000,7.3270E-008
1694.800000,5.9290E-008
1695.000000,1.6190E-007
1695.200000,1.1260E-007
1695.400000,1.1570E-007
1695.600000,1.7280E-007
1695.800000,1.6780E-007
1696.000000,9.5730E-008
1696.200000,1.5150E-007
1696.400000,1.4200E-007
1696.600000,2.4050E-007
1696.800000,2.5920E-007
1697.000000,2.3260E-007
1697.200000,1.7120E-007
1697.400000,1.3400E-007
1697.600000,8.3040E-008
1697.800000,1.1890E-007
1698.000000,2.0790E-007
1698.200000,1.2950E-007
1698.400000,1.4370E-007
1698.600000,2.3850E-007
1698.800000,1.6150E-007
1699.000000,1.4320E-007
1699.200000,1.8000E-007
1699.400000,1.8280E-007
1699.600000,2.3540E-007
1699.800000,1.7500E-007
1700.000000,1.1900E-007
1700.200000,2.2990E-007
1700.400000,2.0700E-007
1700.600000,2.5030E-007
1700.800000,3.1310E-007
1701.000000,2.1530E-007
1701.200000,1.5530E-007
1701.400000,2.0560E-007
1701.600000,2.3200E-007
1701.800000,9.0910E-008
1702.000000,1.1220E-007
1702.200000,3.5600E-007
1702.400000,2.1110E-007
1702.600000,1.6610E-007
1702.800000,1.2640E-007
1703.000000,1.3090E-007
1703.200000,3.1910E-007
1703.400000,8.9540E-008
1703.600000,1.6660E-007
1703.800000,1.9370E-007
1704.000000,5.5370E-008
1704.200000,2.2200E-007
1704.400000,2.1150E-007
1704.600000,1.8040E-007
1704.800000,1.5770E-007
1705.000000,3.7420E-007
1705.200000,1.7340E-007
1705.400000,2.4300E-007
1705.600000,2.4480E-007
1705.800000,2.4310E-007
1706.000000,1.0070E-007
1706.200000,2.7490E-007
1706.400000,2.6620E-007
1706.600000,3.4470E-007
1706.800000,2.5430E-007
1707.000000,9.0570E-008
1707.200000,1.3590E-007
1707.400000,1.2150E-007
1707.600000,1.8860E-007
1707.800000,1.8120E-007
1708.000000,3.5760E-007
1708.200000,2.9690E-007
1708.400000,8.4600E-008
1708.600000,1.1400E-007
1708.800000,2.5460E-007
1709.000000,2.6620E-007
1709.200000,1.7840E-007
1709.400000,1.6020E-007
1709.600000,2.2330E-007
1709.800000,3.1970E-007
1710.000000,2.5130E-007
1710.200000,2.5230E-007
1710.400000,1.8030E-007
1710.600000,1.3590E-008
1710.800000,1.0890E-007
1711.000000,3.2440E-007
1711.200000,1.8140E-007
1711.400000,3.1840E-007
1711.600000,2.5420E-007
1711.800000,3.5300E-007
1712.000000,2.9820E-007
1712.200000,3.6450E-007
1712.400000,3.0420E-007
1712.600000,2.7620E-007
1712.800000,2.9870E-007
1713.000000,1.0600E-007
1713.200000,1.5430E-007
1713.400000,2.1650E-007
1713.600000,2.2970E-007
1713.800000,2.9020E-007
1714.000000,3.4290E-007
1714.200000,4.1520E-007
1714.400000,1.2970E-007
1714.600000,3.7550E-007
1714.800000,4.3090E-007
1715.000000,2.5900E-007
1715.200000,3.2730E-007
1715.400000,2.6530E-007
1715.600000,2.4010E-007
1715.800000,1.9910E-007
1716.000000,1.9440E-007
1716.200000,2.4590E-007
1716.400000,3.5200E-007
1716.600000,2.3250E-007
1716.800000,2.5570E-007
1717.000000,4.5070E-008
1717.200000,2.0560E-007
1717.400000,1.8400E-007
1717.600000,3.0370E-007
1717.800000,2.9480E-007
1718.000000,2.6510E-007
1718.200000,1.6570E-007
1718.400000,5.0910E-007
1718.600000,1.9490E-007
1718.800000,7.2360E-008
1719.000000,3.4920E-007
1719.200000,3.1190E-007
1719.400000,3.1110E-007
1719.600000,1.6620E-007
1719.800000,2.6790E-007
1720.000000,3.5350E-007
1720.200000,3.5470E-007
1720.400000,4.1250E-007
1720.600000,2.9470E-007
1720.800000,2.1890E-007
1721.000000,3.3750E-007
1721.200000,1.8040E-007
1721.400000,2.5930E-007
1721.600000,3.7070E-007
1721.800000,2.7630E-007
1722.000000,4.4180E-007
1722.200000,4.0290E-007
1722.400000,4.1570E-007
1722.600000,2.7350E-007
1722.800000,5.0500E-007
1723.000000,4.0050E-007
1723.200000,1.5230E-007
1723.400000,4.7330E-007
1723.600000,6.7890E-008
1723.800000,4.9270E-007
1724.000000,5.1870E-007
1724.200000,4.5400E-007
1724.400000,3.8740E-007
1724.600000,4.6140E-007
1724.800000,3.1070E-007
1725.000000,2.6630E-007
1725.200000,4.5710E-007
1725.400000,3.8280E-007
1725.600000,6.0080E-007
1725.800000,4.5380E-007
1726.000000,6.5790E-007
1726.200000,5.5580E-007
1726.400000,-5.0380E-008
1726.600000,3.5920E-007
1726.800000,1.5320E-007
1727.000000,2.5120E-007
1727.200000,1.4240E-007
1727.400000,2.3080E-007
1727.600000,3.2620E-007
1727.800000,4.8940E-007
1728.000000,4.3580E-007
1728.200000,3.6790E-007
1728.400000,2.8800E-007
1728.600000,4.3810E-007
1728.800000,4.8590E-007
1729.000000,1.5950E-007
1729.200000,3.4930E-007
1729.400000,4.0380E-007
1729.600000,3.7760E-007
1729.800000,1.9890E-007
1730.000000,2.2500E-007
1730.200000,6.6550E-007
1730.400000,2.1610E-007
1730.600000,4.6090E-007
1730.800000,3.9920E-007
1731.000000,4.8240E-007
1731.200000,2.2100E-007
1731.400000,4.6650E-007
1731.600000,8.4400E-007
1731.800000,9.2800E-007
1732.000000,5.7510E-007
1732.200000,3.1030E-007
1732.400000,1.9670E-007
1732.600000,-3.4100E-008
1732.800000,3.5470E-007
1733.000000,5.1500E-007
1733.200000,4.5440E-007
1733.400000,3.2890E-007
1733.600000,9.0970E-007
1733.800000,2.6050E-007
1734.000000,4.8500E-007
1734.200000,4.5960E-007
1734.400000,4.0960E-007
1734.600000,2.9340E-007
1734.800000,6.8100E-007
1735.000000,4.1400E-007
1735.200000,3.6800E-007
1735.400000,4.3040E-007
1735.600000,6.4420E-007
1735.800000,3.4620E-007
1736.000000,3.5560E-007
1736.200000,5.9560E-007
1736.400000,6.2320E-007
1736.600000,4.4630E-007
1736.800000,3.7960E-007
1737.000000,8.3620E-007
1737.200000,5.1010E-007
1737.400000,4.4490E-007
1737.600000,6.8030E-007
1737.800000,1.1440E-007
1738.000000,4.2140E-007
1738.200000,2.5900E-007
1738.400000,4.0050E-007
1738.600000,8.3240E-007
1738.800000,2.9330E-007
1739.000000,6.5530E-007
1739.200000,-7.1690E-008
1739.400000,2.8870E-007
1739.600000,7.7060E-007
1739.800000,6.3490E-007
1740.000000,5.6280E-007
1740.200000,6.9170E-007
1740.400000,7.1150E-007
1740.600000,1.0620E-006
1740.800000,5.4320E-007
1741.000000,3.4420E-007
1741.200000,4.8710E-007
1741.400000,5.4900E-007
1741.600000,5.6140E-007
1741.800000,5.0980E-007
1742.000000,2.4440E-007
1742.200000,5.9580E-007
1742.400000,6.5010E-007
1742.600000,6.4340E-007
1742.800000,6.2490E-007
1743.000000,5.1090E-007
1743.200000,6.3260E-007
1743.400000,4.8580E-007
1743.600000,5.9120E-007
1743.800000,2.0320E-007
1744.000000,7.3450E-007
1744.200000,8.5210E-007
1744.400000,7.1440E-007
1744.600000,1.0670E-006
1744.800000,3.4030E-007
1745.000000,8.8300E-007
1745.200000,1.1200E-007
1745.400000,8.2570E-007
1745.600000,3.7900E-007
1745.800000,7.2560E-007
1746.000000,5.9660E-007
1746.200000,9.1710E-007
1746.400000,8.2990E-007
1746.600000,6.8410E-007
1746.800000,6.0490E-007
1747.000000,2.7510E-007
1747.200000,8.3210E-007
1747.400000,3.6200E-007
1747.600000,4.9170E-007
1747.800000,4.0700E-007
1748.000000,9.5090E-007
1748.200000,4.9650E-007
1748.400000,9.7080E-007
1748.600000,5.6280E-007
1748.800000,6.1680E-007
1749.000000,5.5050E-007
1749.200000,1.1280E-006
1749.400000,7.8770E-007
1749.600000,3.9130E-007
1749.800000,3.9000E-007
1750.000000,1.1730E-006
1750.200000,1.0000E-012
1750.400000,1.0000E-012
1750.600000,1.0000E-012
1750.800000,1.0000E-012
1751.000000,1.0000E-012
1751.200000,1.0000E-012
1751.400000,1.0000E-012
1751.600000,1.0000E-012
1751.800000,1.0000E-012
1752.000000,1.0000E-012
1752.200000,1.0000E-012
1752.400000,1.0000E-012
1752.600000,1.0000E-012
1752.800000,1.0000E-012
1753.000000,1.0000E-012
1753.200000,1.0000E-012
1753.400000,1.0000E-012
1753.600000,1.0000E-012
1753.800000,1.0000E-012
1754.000000,1.0000E-012
1754.200000,1.0000E-012
1754.400000,1.0000E-012
1754.600000,1.0000E-012
1754.800000,1.0000E-012
1755.000000,1.0000E-012
1755.200000,1.0000E-012
1755.400000,1.0000E-012
1755.600000,1.0000E-012
1755.800000,1.0000E-012
1756.000000,1.0000E-012
1756.200000,1.0000E-012
1756.400000,1.0000E-012
1756.600000,1.0000E-012
1756.800000,1.0000E-012
1757.000000,1.0000E-012
1757.200000,1.0000E-012
1757.400000,1.0000E-012
1757.600000,1.0000E-012
1757.800000,1.0000E-012
