,Theta1,Theta2,Theta3,Power,Ancho_espectral
0,0.0,0.0,0,0.007032475,232.8047578589635
1,4.0,0.0,0,0.00702155,228.48530161427357
2,8.0,0.0,0,0.007020225,226.47884451996606
3,12.0,0.0,0,0.007014375,227.70501274426488
4,16.0,0.0,0,0.0070122,229.99014443500414
5,20.0,0.0,0,0.0070259,228.95904842820732
6,24.0,0.0,0,0.007041575,216.9760407816484
7,28.0,0.0,0,0.00708165,203.9062022090061
8,32.0,0.0,0,0.007135225,192.20186915887848
9,36.0,0.0,0,0.00717515,196.5491928632116
10,40.0,0.0,0,0.007115525,208.4764655904844
11,44.0,0.0,0,0.006962725,242.64197111299927
12,48.0,0.0,0,0.00671885,297.95887850467307
13,52.0,0.0,0,0.00674945,240.35683942226
14,56.0,0.0,0,0.006774875,268.2521665250638
15,60.0,0.0,0,0.00665115,273.49124893797807
16,64.0,0.0,0,0.006587525,284.7775700934578
17,68.0,0.0,0,0.0065959,289.1248937977912
18,72.0,0.0,0,0.00662345,290.60186915887857
19,76.0,0.0,0,0.006652675,283.3284621920136
20,80.0,0.0,0,0.006676375,271.26185216652516
21,84.0,0.0,0,0.006708175,260.81155480034
22,88.0,0.0,0,0.00674605,255.5724723874257
23,92.0,0.0,0,0.006789525,258.414953271028
24,96.0,0.0,0,0.0067881,284.5267629566695
25,100.0,0.0,0,0.006815375,280.1794392523366
26,104.0,0.0,0,0.0069023,236.00951571792712
27,108.0,0.0,0,0.006937675,221.26762956669495
28,112.0,0.0,0,0.00694735,218.06287170773157
29,116.0,0.0,0,0.00694645,218.67595581988098
30,120.0,0.0,0,0.006926725,224.38878504672903
31,124.0,0.0,0,0.00689195,241.02565845369577
32,128.0,0.0,0,0.006869375,246.32047578589663
33,132.0,0.0,0,0.006862125,250.50059473237047
34,136.0,0.0,0,0.006870875,247.32370433305027
35,140.0,0.0,0,0.006896425,246.26474086661005
36,144.0,0.0,0,0.006926175,239.4093457943925
37,148.0,0.0,0,0.00695835,230.3802888700086
38,152.0,0.0,0,0.006986375,227.14766355140205
39,156.0,0.0,0,0.0070271,215.33186066270196
40,160.0,0.0,0,0.006948475,266.9702633814784
41,164.0,0.0,0,0.006912425,250.24978759558212
42,168.0,0.0,0,0.006885975,249.55310110450296
43,172.0,0.0,0,0.00687865,263.6819031435855
44,176.0,0.0,0,0.00696595,256.12982158028876
45,180.0,0.0,0,0.0070036,233.05556499575187
46,184.0,0.0,0,0.0069677,247.12863211554804
47,188.0,0.0,0,0.006928525,267.52761257434145
48,192.0,0.0,0,0.006893075,283.74647408666124
49,196.0,0.0,0,0.00686875,284.58249787595605
50,0.0,4.0,0,0.00697585,201.1194562446899
51,4.0,4.0,0,0.00711405,205.82905692438408
52,8.0,4.0,0,0.00710745,213.68768054375528
53,12.0,4.0,0,0.00707745,225.36414613423972
54,16.0,4.0,0,0.007044775,229.5999999999999
55,20.0,4.0,0,0.0070045,234.1981308411216
56,24.0,4.0,0,0.00699285,237.90450297366192
57,28.0,4.0,0,0.00700315,230.43602378929472
58,32.0,4.0,0,0.007016625,235.3685641461343
59,36.0,4.0,0,0.007026475,220.06932880203908
60,40.0,4.0,0,0.007038975,205.91265930331338
61,44.0,4.0,0,0.00706675,199.44740866610027
62,48.0,4.0,0,0.00709755,201.2309260832626
63,52.0,4.0,0,0.00714535,202.56856414613435
64,56.0,4.0,0,0.00713015,219.40050977060332
65,60.0,4.0,0,0.007054925,250.2497875955819
66,64.0,4.0,0,0.0069033,302.5848768054377
67,68.0,4.0,0,0.006692375,239.4093457943925
68,72.0,4.0,0,0.00677225,266.9423959218352
69,76.0,4.0,0,0.006774825,270.565165675446
70,80.0,4.0,0,0.0066695,289.7101104502974
71,84.0,4.0,0,0.006596725,282.882582837723
72,88.0,4.0,0,0.006594675,294.55904842820723
73,92.0,4.0,0,0.00661025,290.1838572642314
74,96.0,4.0,0,0.00662415,286.0037383177571
75,100.0,4.0,0,0.006639925,289.1248937977912
76,104.0,4.0,0,0.006663075,265.85556499575205
77,108.0,4.0,0,0.00670285,254.68071367884454
78,112.0,4.0,0,0.006757575,285.50212404418016
79,116.0,4.0,0,0.006805175,275.7763806287171
80,120.0,4.0,0,0.006808125,277.83857264231096
81,124.0,4.0,0,0.006844425,221.239762107052
82,128.0,4.0,0,0.0069378,219.3169073916738
83,132.0,4.0,0,0.00697075,219.37264231096015
84,136.0,4.0,0,0.006969975,224.27731520815655
85,140.0,4.0,0,0.006966275,226.84112149532712
86,144.0,4.0,0,0.0069523,230.54749362786765
87,148.0,4.0,0,0.006945375,235.8980458793544
88,152.0,4.0,0,0.0069583,233.64078164825833
89,156.0,4.0,0,0.006968233,229.29345794392543
90,160.0,4.0,0,0.006988875,216.2236193712829
91,164.0,4.0,0,0.007018475,248.3548003398471
92,168.0,4.0,0,0.00699665,270.9274426508073
93,172.0,4.0,0,,263.82124044180114
94,176.0,4.0,0,,235.45216652506383
95,180.0,4.0,0,0.0070039,251.3087510620221
96,184.0,4.0,0,0.006958625,236.9848768054378
97,188.0,4.0,0,0.00696825,239.18640611724732
98,192.0,4.0,0,0.006976275,240.32897196261706
99,196.0,4.0,0,0.0069523,244.14681393372985
100,0.0,8.0,0,0.006962625,226.20016992353453
101,4.0,8.0,0,0.00702005,210.56652506372143
102,8.0,8.0,0,0.006961625,205.63398470688185
103,12.0,8.0,0,0.007003833,190.39048428207298
104,16.0,8.0,0,0.007051225,194.20832625318621
105,20.0,8.0,0,0.007099975,198.30484282073076
106,24.0,8.0,0,0.007120925,209.34035683942238
107,28.0,8.0,0,0.007097167,219.42837723024627
108,32.0,8.0,0,0.007059625,219.3169073916738
109,36.0,8.0,0,0.007027575,222.66100254885305
110,40.0,8.0,0,0.00700075,219.81852166525073
111,44.0,8.0,0,0.006987225,215.38759558198808
112,48.0,8.0,0,0.0069938,209.3960917587085
113,52.0,8.0,0,0.007034725,204.85369583687338
114,56.0,8.0,0,0.0070625,204.68649107901456
115,60.0,8.0,0,0.0070902,216.64163126593053
116,64.0,8.0,0,0.00710585,234.14239592183526
117,68.0,8.0,0,0.007072933,259.1673746813933
118,72.0,8.0,0,0.007015925,294.5033135089211
119,76.0,8.0,0,0.006859025,239.8552251486833
120,80.0,8.0,0,0.0066935,236.73406966864923
121,84.0,8.0,0,0.006771625,265.85556499575205
122,88.0,8.0,0,0.0068132,282.4924384027188
123,92.0,8.0,0,0.00672755,287.0627017841971
124,96.0,8.0,0,0.00662435,289.43143585386565
125,100.0,8.0,0,0.006587733,292.66406117247243
126,104.0,8.0,0,0.006584267,285.94800339847075
127,108.0,8.0,0,0.0065923,288.79048428207307
128,112.0,8.0,0,0.006618225,285.75293118096874
129,116.0,8.0,0,0.006660567,285.41852166525064
130,120.0,8.0,0,0.006690575,259.78045879354295
131,124.0,8.0,0,0.00671225,261.3689039932033
132,128.0,8.0,0,0.0067572,289.98878504672916
133,132.0,8.0,0,0.00680825,265.4654205607478
134,136.0,8.0,0,0.006821733,226.39524214103653
135,140.0,8.0,0,0.006881367,217.97926932880227
136,144.0,8.0,0,0.006944133,217.36618521665264
137,148.0,8.0,0,0.00699955,215.94494477485136
138,152.0,8.0,0,0.007008,222.74460492778235
139,156.0,8.0,0,0.007015467,224.80679694137643
140,160.0,8.0,0,0.007022825,254.7364485981309
141,164.0,8.0,0,0.007027375,286.05947323704345
142,168.0,8.0,0,0.006939467,259.3067119796094
143,172.0,8.0,0,0.006907125,235.00628717077325
144,176.0,8.0,0,0.006879675,237.34715378079864
145,180.0,8.0,0,0.00697105,222.82820730671187
146,184.0,8.0,0,0.006996,238.26677994902298
147,188.0,8.0,0,0.0070331,244.95497026338148
148,192.0,8.0,0,0.00698375,247.01716227697534
149,196.0,8.0,0,0.006959425,247.12863211554804
150,0.0,12.0,0,0.006947533,281.5449447748515
151,4.0,12.0,0,0.006960333,284.02514868309254
152,8.0,12.0,0,0.006876,255.71180968564158
153,12.0,12.0,0,0.0066875,226.95259133389982
154,16.0,12.0,0,0.0067068,210.25998300764672
155,20.0,12.0,0,0.006800067,203.40458793542894
156,24.0,12.0,0,0.0068981,189.86100254885332
157,28.0,12.0,0,0.0070054,194.51486830926092
158,32.0,12.0,0,,210.3993203058626
159,36.0,12.0,0,,212.65658453695846
160,40.0,12.0,0,0.0070101,214.7466440101955
161,44.0,12.0,0,0.007060233,208.72727272727275
162,48.0,12.0,0,0.00706705,200.9243840271879
163,52.0,12.0,0,0.0070709,200.92438402718767
164,56.0,12.0,0,0.007074575,205.41104502973667
165,60.0,12.0,0,0.0070757,211.73695836873412
166,64.0,12.0,0,0.0070713,230.32455395072225
167,68.0,12.0,0,0.0070392,246.90569243840287
168,72.0,12.0,0,0.0070351,253.48241291418867
169,76.0,12.0,0,,269.4225998300767
170,80.0,12.0,0,0.00694065,295.08853016142734
171,84.0,12.0,0,0.006875767,257.4953271028037
172,88.0,12.0,0,0.006813225,226.75751911639782
173,92.0,12.0,0,0.006732825,238.6569243840272
174,96.0,12.0,0,0.006768875,258.97230246389154
175,100.0,12.0,0,0.006824867,275.19116397621065
176,104.0,12.0,0,0.006827525,271.8192013593882
177,108.0,12.0,0,0.006774675,271.48479184367034
178,112.0,12.0,0,0.006679,272.85029736618526
179,116.0,12.0,0,0.0066706,275.6091758708583
180,120.0,12.0,0,0.0066607,275.6927782497878
181,124.0,12.0,0,0.006712867,266.6637213254037
182,128.0,12.0,0,0.0067229,279.8728971962619
183,132.0,12.0,0,0.00672915,284.8611724723876
184,136.0,12.0,0,0.0067525,260.81155480034
185,140.0,12.0,0,0.006765675,261.28530161427375
186,144.0,12.0,0,0.006787125,290.2674596431607
187,148.0,12.0,0,0.006809625,281.461342395922
188,152.0,12.0,0,0.006842025,283.83007646559076
189,156.0,12.0,0,0.006890325,286.58895497026333
190,160.0,12.0,0,0.00691725,250.63993203058635
191,164.0,12.0,0,0.00693225,258.7772302463891
192,168.0,12.0,0,0.006932825,228.48530161427357
193,172.0,12.0,0,0.0068966,233.22276975361092
194,176.0,12.0,0,0.006845175,229.29345794392543
195,180.0,12.0,0,0.0069795,242.11248937977916
196,184.0,12.0,0,0.007003875,234.69974511469854
197,188.0,12.0,0,0.0070111,230.21308411214955
198,192.0,12.0,0,0.0069913,232.55395072217493
199,196.0,12.0,0,0.0069838,230.10161427357684
200,0.0,16.0,0,0.006981,269.1996601529311
201,4.0,16.0,0,0.006988775,285.279184367035
202,8.0,16.0,0,0.006992075,284.1923534409516
203,12.0,16.0,0,0.006777675,259.25097706032307
204,16.0,16.0,0,0.00668715,245.20577740017006
205,20.0,16.0,0,0.006702,227.90008496176733
206,24.0,16.0,0,0.006757775,222.3823279524213
207,28.0,16.0,0,0.0068191,221.434834324554
208,32.0,16.0,0,0.0068814,223.1347493627868
209,36.0,16.0,0,0.0069286,229.18198810535273
210,40.0,16.0,0,0.0069513,247.93678844519968
211,44.0,16.0,0,0.00695605,270.7045029736619
212,48.0,16.0,0,0.00694925,284.9447748513169
213,52.0,16.0,0,0.0069302,292.9427357689042
214,56.0,16.0,0,0.00691095,290.3510620220902
215,60.0,16.0,0,0.0068817,286.70042480883603
216,64.0,16.0,0,0.0068563,290.21172472387434
217,68.0,16.0,0,0.0068353,281.04333050127434
218,72.0,16.0,0,0.0068231,264.3785896346644
219,76.0,16.0,0,0.0067882,262.1770603228547
220,80.0,16.0,0,0.006778975,257.46745964316074
221,84.0,16.0,0,0.0067674,253.23160577740032
222,88.0,16.0,0,0.006765275,234.67187765505537
223,92.0,16.0,0,0.006773175,226.31163976210723
224,96.0,16.0,0,0.00680245,241.220730671198
225,100.0,16.0,0,0.006827767,252.84146134239586
226,104.0,16.0,0,0.00684205,263.3753610875108
227,108.0,16.0,0,0.006845775,253.12013593882762
228,112.0,16.0,0,0.0068303,241.88954970263376
229,116.0,16.0,0,0.00679728,230.04587935429072
230,120.0,16.0,0,0.006777675,232.66542056074763
231,124.0,16.0,0,0.0067767,241.33220050977047
232,128.0,16.0,0,0.00677535,253.39881053525914
233,132.0,16.0,0,0.006799275,269.2832625318606
234,136.0,16.0,0,0.00682805,273.1011045029736
235,140.0,16.0,0,0.0068586,256.38062871707757
236,144.0,16.0,0,0.006855275,252.45131690739186
237,148.0,16.0,0,0.006809675,260.81155480034
238,152.0,16.0,0,0.006795167,261.2016992353442
239,156.0,16.0,0,0.0068087,256.4363636363637
240,160.0,16.0,0,0.006830725,287.5085811384879
241,164.0,16.0,0,0.00684225,231.3556499575193
242,168.0,16.0,0,0.00683184,232.4982158028888
243,172.0,16.0,0,0.00694195,246.59915038232793
244,176.0,16.0,0,0.006879275,234.3932030586236
245,180.0,16.0,0,0.006965,233.69651656754468
246,184.0,16.0,0,0.00698865,240.07816482582825
247,188.0,16.0,0,0.0069717,240.60764655904836
248,192.0,16.0,0,0.006975475,241.6387425658454
249,196.0,16.0,0,0.006966567,234.86694987255737
250,0.0,20.0,0,0.00696825,276.9746813933732
251,4.0,20.0,0,0.00699335,275.2468988954972
252,8.0,20.0,0,0.007010025,286.143075615973
253,12.0,20.0,0,0.0070231,287.03483432455414
254,16.0,20.0,0,0.0067412,287.369243840272
255,20.0,20.0,0,0.00670195,291.27068819031433
256,24.0,20.0,0,0.0067127,288.0380628717078
257,28.0,20.0,0,0.006713275,286.2266779949025
258,32.0,20.0,0,0.006719825,266.6358538657605
259,36.0,20.0,0,0.006734875,253.67748513169067
260,40.0,20.0,0,0.006743775,237.7094307561597
261,44.0,20.0,0,0.006757575,235.2570943075616
262,48.0,20.0,0,0.006777525,226.39524214103653
263,52.0,20.0,0,0.006802625,226.5624468988956
264,56.0,20.0,0,0.006827375,224.02650807136797
265,60.0,20.0,0,0.00686505,226.7575191163976
266,64.0,20.0,0,0.006895775,234.2259983007648
267,68.0,20.0,0,0.006913275,233.19490229396774
268,72.0,20.0,0,0.0069194,233.50144435004245
269,76.0,20.0,0,0.006926067,231.49498725573494
270,80.0,20.0,0,0.006912175,227.98368734069686
271,84.0,20.0,0,0.006903175,224.3330501274429
272,88.0,20.0,0,0.006894825,224.89039932030573
273,92.0,20.0,0,0.006897325,228.73610875106215
274,96.0,20.0,0,0.00690335,231.43925233644882
275,100.0,20.0,0,0.0069169,232.66542056074763
276,104.0,20.0,0,0.006928125,229.01478334749368
277,108.0,20.0,0,0.006931775,230.0737468139339
278,112.0,20.0,0,0.006919,231.94086661002552
279,116.0,20.0,0,0.006893375,243.47799490229386
280,120.0,20.0,0,0.00687015,270.5372982158028
281,124.0,20.0,0,0.006852025,288.45607476635496
282,128.0,20.0,0,0.00683454,298.37689039932025
283,132.0,20.0,0,0.006799425,290.18385726423116
284,136.0,20.0,0,0.0067516,297.122854715378
285,140.0,20.0,0,0.006703367,295.06066270178417
286,144.0,20.0,0,0.006715975,295.0327952421412
287,148.0,20.0,0,0.00676205,293.4443500424809
288,152.0,20.0,0,0.006797425,260.61648258283776
289,156.0,20.0,0,0.006802575,239.60441801189472
290,160.0,20.0,0,0.0067938,233.1391673746814
291,164.0,20.0,0,0.006796825,227.25913338997475
292,168.0,20.0,0,0.006805375,237.09634664401028
293,172.0,20.0,0,0.006864875,234.1702633814782
294,176.0,20.0,0,0.006955275,230.7704333050126
295,180.0,20.0,0,0.006979225,234.05879354290573
296,184.0,20.0,0,0.00698,239.57655055225132
297,188.0,20.0,0,0.006979225,238.26677994902298
298,192.0,20.0,0,0.006980875,229.04265080713685
299,196.0,20.0,0,0.00698245,223.38555649957516
300,0.0,24.0,0,0.006994625,265.91129991503817
301,4.0,24.0,0,0.0070279,265.63262531860664
302,8.0,24.0,0,0.0070402,259.9755310110452
303,12.0,24.0,0,0.007088567,241.4436703483434
304,16.0,24.0,0,0.00708766,229.18198810535273
305,20.0,24.0,0,0.00673595,213.71554800339845
306,24.0,24.0,0,0.006771925,201.4259983007646
307,28.0,24.0,0,0.0067775,199.36380628717075
308,32.0,24.0,0,0.0068069,187.54800339847088
309,36.0,24.0,0,0.0068151,188.2446898895496
310,40.0,24.0,0,0.0068722,188.96924384027193
311,44.0,24.0,0,0.006919675,189.91673746813922
312,48.0,24.0,0,0.0069621,190.0839422259985
313,52.0,24.0,0,0.007014275,196.32625318606642
314,56.0,24.0,0,0.007057525,201.42599830076483
315,60.0,24.0,0,0.007097033,208.72727272727298
316,64.0,24.0,0,0.00712495,209.98130841121497
317,68.0,24.0,0,0.007152875,215.41546304163126
318,72.0,24.0,0,0.0071709,219.37264231096015
319,76.0,24.0,0,0.00716774,215.33186066270173
320,80.0,24.0,0,0.0071518,213.2418011894647
321,84.0,24.0,0,0.00711805,211.6533559898046
322,88.0,24.0,0,0.007081375,211.1238742565847
323,92.0,24.0,0,0.007045925,212.071367884452
324,96.0,24.0,0,0.007020425,212.2943075615974
325,100.0,24.0,0,0.007008025,222.35446049277834
326,104.0,24.0,0,0.0070084,229.4049277824979
327,108.0,24.0,0,0.007009575,228.4853016142738
328,112.0,24.0,0,0.0070122,236.76193712829217
329,116.0,24.0,0,0.00700625,270.31435853865787
330,120.0,24.0,0,0.006991325,283.0219201359389
331,124.0,24.0,0,0.00694155,256.9379779099406
332,128.0,24.0,0,0.0068846,243.14358538657598
333,132.0,24.0,0,0.00684635,230.07374681393367
334,136.0,24.0,0,0.0068027,226.42310960067994
335,140.0,24.0,0,0.0067124,227.76074766355146
336,144.0,24.0,0,0.006697275,225.30841121495337
337,148.0,24.0,0,0.0068568,227.06406117247252
338,152.0,24.0,0,0.006952475,229.09838572642298
339,156.0,24.0,0,0.007017875,225.44774851316902
340,160.0,24.0,0,0.0070255,227.67714528462193
341,164.0,24.0,0,0.007024775,236.03738317757006
342,168.0,24.0,0,0.0070229,231.18844519966
343,172.0,24.0,0,0.0070189,230.26881903143567
344,176.0,24.0,0,0.00700764,237.12421410365346
345,180.0,24.0,0,0.0069952,235.95378079864076
346,184.0,24.0,0,0.0069971,229.54426508071356
347,188.0,24.0,0,0.00699265,215.47119796091783
348,192.0,24.0,0,0.0069958,207.89124893797793
349,196.0,24.0,0,0.006989925,203.73899745114704
350,0.0,28.0,0,0.007042133,216.0285471537809
351,4.0,28.0,0,0.007066325,219.45624468988944
352,8.0,28.0,0,0.007078625,221.79711129991506
353,12.0,28.0,0,0.0070712,213.79915038232798
354,16.0,28.0,0,0.007073075,210.9009345794393
355,20.0,28.0,0,0.00708182,201.64893797791
356,24.0,28.0,0,0.0068243,202.48496176720482
357,28.0,28.0,0,0.0068934,201.64893797791
358,32.0,28.0,0,0.00693345,199.02939677145287
359,36.0,28.0,0,0.00697315,192.45267629566683
360,40.0,28.0,0,0.0070259,187.1021240441803
361,44.0,28.0,0,0.007068775,182.36465590484272
362,48.0,28.0,0,0.00710275,174.06015293118094
363,52.0,28.0,0,0.0071225,175.95514018691597
364,56.0,28.0,0,0.00712475,175.95514018691597
365,60.0,28.0,0,0.007123175,175.45352591333904
366,64.0,28.0,0,0.00712935,172.75038232795237
367,68.0,28.0,0,0.0071272,168.23585386576042
368,72.0,28.0,0,0.00714442,178.240271877655
369,76.0,28.0,0,0.00717855,192.34120645709436
370,80.0,28.0,0,0.007208725,204.5192863211555
371,84.0,28.0,0,0.00725435,219.06610025488544
372,88.0,28.0,0,0.007271425,222.49379779099422
373,92.0,28.0,0,0.00726425,228.1508920985557
374,96.0,28.0,0,0.00723885,228.2344944774852
375,100.0,28.0,0,0.0072057,224.02650807136797
376,104.0,28.0,0,0.007182833,224.1101104502975
377,108.0,28.0,0,0.00714825,219.87425658453685
378,112.0,28.0,0,0.007109375,224.08224299065432
379,116.0,28.0,0,0.007081775,225.08547153780796
380,120.0,28.0,0,0.00706414,256.8265080713679
381,124.0,28.0,0,0.007060325,288.4560747663554
382,128.0,28.0,0,0.0070507,245.06644010195396
383,132.0,28.0,0,0.007024175,225.19694137638066
384,136.0,28.0,0,0.006982325,209.70263381478344
385,140.0,28.0,0,0.006915275,202.42922684791847
386,144.0,28.0,0,0.00685955,202.34562446898894
387,148.0,28.0,0,0.006765133,202.12268479184377
388,152.0,28.0,0,0.00671495,205.1881053525915
389,156.0,28.0,0,0.006821375,214.60730671197985
390,160.0,28.0,0,0.0069713,215.6662701784196
391,164.0,28.0,0,0.007071675,234.14239592183526
392,168.0,28.0,0,0.0071157,223.2462192013595
393,172.0,28.0,0,0.007110275,229.37706032285473
394,176.0,28.0,0,0.007089725,237.1520815632964
395,180.0,28.0,0,0.007068725,236.28819031435864
396,184.0,28.0,0,0.0070482,223.0232795242141
397,188.0,28.0,0,0.0070307,206.88802039082407
398,192.0,28.0,0,0.0070127,207.05522514868312
399,196.0,28.0,0,0.0070139,209.6190314358539
400,0.0,32.0,0,0.007017475,203.65539507221752
401,4.0,32.0,0,0.00705485,200.3112999150385
402,8.0,32.0,0,0.007065475,195.76890399320314
403,12.0,32.0,0,0.00704435,197.05080713678853
404,16.0,32.0,0,0.0070012,195.9082412914188
405,20.0,32.0,0,0.0069836,185.62514868309268
406,24.0,32.0,0,0.006987325,178.3517417162277
407,28.0,32.0,0,0.006956025,185.62514868309268
408,32.0,32.0,0,0.007034425,201.89974511469836
409,36.0,32.0,0,0.007101725,228.3738317757011
410,40.0,32.0,0,0.0071191,221.15615972812225
411,44.0,32.0,0,0.007119025,210.98453695836884
412,48.0,32.0,0,0.0071115,205.10450297366174
413,52.0,32.0,0,0.0071156,194.0411214953274
414,56.0,32.0,0,0.007138,182.64333050127448
415,60.0,32.0,0,0.007143075,169.35055225148676
416,64.0,32.0,0,0.007120075,164.55734919286306
417,68.0,32.0,0,0.00710175,170.96686491079026
418,72.0,32.0,0,0.007082533,173.25199660152953
419,76.0,32.0,0,0.00710325,178.35174171622748
420,80.0,32.0,0,0.007127375,193.4559048428207
421,84.0,32.0,0,0.0071628,205.60611724723867
422,88.0,32.0,0,0.00719296,222.66100254885328
423,92.0,32.0,0,0.007262875,228.48530161427357
424,96.0,32.0,0,0.00732805,228.1508920985557
425,100.0,32.0,0,0.007344925,229.12625318606615
426,104.0,32.0,0,0.007287875,227.11979609175887
427,108.0,32.0,0,0.007198567,224.75106202209008
428,112.0,32.0,0,0.00714635,217.9235344095157
429,116.0,32.0,0,0.00711155,230.88190314358553
430,120.0,32.0,0,0.007093875,289.1527612574341
431,124.0,32.0,0,0.007079675,260.3656754460492
432,128.0,32.0,0,0.00707378,229.34919286321156
433,132.0,32.0,0,0.007068825,197.97043330501265
434,136.0,32.0,0,0.00704845,193.01002548853035
435,140.0,32.0,0,0.007007075,188.467629566695
436,144.0,32.0,0,0.006946575,187.43653355989818
437,148.0,32.0,0,0.00687005,198.2491079014444
438,152.0,32.0,0,0.006759525,207.44536958368735
439,156.0,32.0,0,0.006799867,226.95259133389982
440,160.0,32.0,0,0.006905325,223.9986406117248
441,164.0,32.0,0,0.00707095,220.90535259133412
442,168.0,32.0,0,0.00715926,230.51962616822448
443,172.0,32.0,0,0.0071652,233.80798640611738
444,176.0,32.0,0,0.007148425,225.86576040781665
445,180.0,32.0,0,0.007120225,206.94375531011042
446,184.0,32.0,0,0.007090075,209.73050127442662
447,188.0,32.0,0,0.00704935,220.06932880203908
448,192.0,32.0,0,0.007034325,230.18521665250637
449,196.0,32.0,0,0.007030525,224.77892948173326
450,0.0,36.0,0,0.0070445,204.29634664401033
451,4.0,36.0,0,0.00707405,200.22769753610874
452,8.0,36.0,0,0.00704858,194.20832625318621
453,12.0,36.0,0,0.006986275,191.89532710280378
454,16.0,36.0,0,0.00695025,187.40866610025478
455,20.0,36.0,0,0.006928225,202.6242990654207
456,24.0,36.0,0,0.006941375,225.50348343245537
457,28.0,36.0,0,0.006993625,219.48411214953285
458,32.0,36.0,0,0.007015025,153.57757009345823
459,36.0,36.0,0,0.007056575,155.24961767204763
460,40.0,36.0,0,0.00706285,185.98742565845396
461,44.0,36.0,0,0.007083033,180.0516567544605
462,48.0,36.0,0,0.00710445,174.61750212404422
463,52.0,36.0,0,0.00709535,174.78470688190328
464,56.0,36.0,0,0.00705495,179.49430756159745
465,60.0,36.0,0,0.007017075,193.23296516567552
466,64.0,36.0,0,0.00706154,182.9498725573494
467,68.0,36.0,0,0.0072784,154.58079864061165
468,72.0,36.0,0,0.007298975,171.60781648258285
469,76.0,36.0,0,0.0071644,163.8885301614273
470,80.0,36.0,0,0.00714165,160.48870008496192
471,84.0,36.0,0,0.007205125,176.3174171622768
472,88.0,36.0,0,0.0072233,190.89209855565014
473,92.0,36.0,0,0.007160225,198.94579439252334
474,96.0,36.0,0,0.007093733,209.6468988954971
475,100.0,36.0,0,0.007135125,220.51520815632966
476,104.0,36.0,0,0.00727365,230.51962616822448
477,108.0,36.0,0,0.007328175,227.25913338997452
478,112.0,36.0,0,0.00726575,229.34919286321156
479,116.0,36.0,0,0.00725642,227.23126593033135
480,120.0,36.0,0,0.0072313,220.06932880203908
481,124.0,36.0,0,0.0071284,231.16057774001706
482,128.0,36.0,0,0.0070448,295.4786745964316
483,132.0,36.0,0,0.007029175,244.6205607476636
484,136.0,36.0,0,0.007041675,205.3831775700935
485,140.0,36.0,0,0.007054475,195.99184367034832
486,144.0,36.0,0,0.007062833,193.34443500424823
487,148.0,36.0,0,0.007060575,201.14732370433308
488,152.0,36.0,0,0.00703575,211.73695836873412
489,156.0,36.0,0,0.00699305,222.77247238742575
490,160.0,36.0,0,0.00690834,227.23126593033135
491,164.0,36.0,0,0.0067667,222.8282073067121
492,168.0,36.0,0,0.00684865,227.03619371282934
493,172.0,36.0,0,0.007059025,232.88836023789304
494,176.0,36.0,0,0.0071747,225.0576040781648
495,180.0,36.0,0,0.007175375,204.79796091758703
496,184.0,36.0,0,0.007140525,205.9962616822429
497,188.0,36.0,0,0.007109125,214.63517417162302
498,192.0,36.0,0,0.007078833,224.7231945624469
499,196.0,36.0,0,0.007061025,237.597960917587
500,0.0,40.0,0,0.0070398,211.59762107051824
501,4.0,40.0,0,0.0070638,212.85165675446046
502,8.0,40.0,0,0.0070984,212.46151231945646
503,12.0,40.0,0,0.0070618,209.5632965165678
504,16.0,40.0,0,0.006995825,205.27170773152102
505,20.0,40.0,0,0.0069236,191.47731520815637
506,24.0,40.0,0,0.006867825,146.38776550552257
507,28.0,40.0,0,0.0068431,167.2883602378929
508,32.0,40.0,0,0.006880675,224.27731520815632
509,36.0,40.0,0,0.007046067,219.95785896346638
510,40.0,40.0,0,0.007059975,197.88683092608335
511,44.0,40.0,0,0.007056475,208.92234494477475
512,48.0,40.0,0,0.00701135,213.43687340696692
513,52.0,40.0,0,0.0069725,214.35649957519104
514,56.0,40.0,0,0.007036175,219.51197960917602
515,60.0,40.0,0,0.00712975,228.73610875106215
516,64.0,40.0,0,0.007315775,236.95700934579463
517,68.0,40.0,0,0.007231325,229.7393372982158
518,72.0,40.0,0,0.007039775,189.38725573491934
519,76.0,40.0,0,0.0068283,198.890059473237
520,80.0,40.0,0,0.00697065,161.04604927782498
521,84.0,40.0,0,0.007102,154.5529311809687
522,88.0,40.0,0,0.007117225,162.46728971962602
523,92.0,40.0,0,0.007097225,188.1610875106203
524,96.0,40.0,0,0.0070902,215.52693288020419
525,100.0,40.0,0,,219.48411214953285
526,104.0,40.0,0,,223.6920985556501
527,108.0,40.0,0,,215.5826677994903
528,112.0,40.0,0,,219.92999150382343
529,116.0,40.0,0,,218.78742565845369
530,120.0,40.0,0,,228.03942225998298
531,124.0,40.0,0,0.00731965,228.31809685641474
532,128.0,40.0,0,0.007258275,215.694137638063
533,132.0,40.0,0,0.007174625,264.3507221750215
534,136.0,40.0,0,0.007041975,250.22192013593894
535,140.0,40.0,0,0.0069416,205.24384027187784
536,144.0,40.0,0,0.0069397,194.51486830926092
537,148.0,40.0,0,0.006981275,199.19660152931192
538,152.0,40.0,0,0.007021175,216.53016142735783
539,156.0,40.0,0,0.007052475,230.29668649107907
540,160.0,40.0,0,0.007047775,230.10161427357684
541,164.0,40.0,0,0.0070153,229.4049277824979
542,168.0,40.0,0,0.006967675,229.46066270178426
543,172.0,40.0,0,0.0068403,233.72438402718785
544,176.0,40.0,0,0.0068434,223.71996601529327
545,180.0,40.0,0,0.007010675,202.06694987255742
546,184.0,40.0,0,0.007149975,201.1194562446899
547,188.0,40.0,0,0.00713725,213.5762107051828
548,192.0,40.0,0,0.007092325,219.67918436703485
549,196.0,40.0,0,0.007062875,230.9097706032287
550,0.0,44.0,0,0.007045925,217.39405267629581
551,4.0,44.0,0,0.007046625,223.1347493627868
552,8.0,44.0,0,0.00706505,215.66627017841984
553,12.0,44.0,0,0.00710425,193.23296516567552
554,16.0,44.0,0,0.0070939,166.09005947323726
555,20.0,44.0,0,0.007030975,158.28717077315218
556,24.0,44.0,0,0.006961425,179.07629566694982
557,28.0,44.0,0,0.006898675,234.11452846219208
558,32.0,44.0,0,0.00686105,214.3286321155481
559,36.0,44.0,0,0.006856275,229.8229396771453
560,40.0,44.0,0,0.00701185,248.80067969413767
561,44.0,44.0,0,0.006997075,205.52251486830937
562,48.0,44.0,0,0.006938625,200.72931180968567
563,52.0,44.0,0,0.006939625,207.13882752761265
564,56.0,44.0,0,0.007055725,205.24384027187784
565,60.0,44.0,0,0.007187775,205.21597281223467
566,64.0,44.0,0,0.00725,229.68360237892944
567,68.0,44.0,0,0.007307975,232.30314358538658
568,72.0,44.0,0,0.007002025,223.91503823279527
569,76.0,44.0,0,0.00694925,239.91096006796943
570,80.0,44.0,0,0.0070308,241.10926083262552
571,84.0,44.0,0,0.0069458,228.8754460492778
572,88.0,44.0,0,0.007024325,187.85454545454536
573,92.0,44.0,0,0.0071611,198.4441801189464
574,96.0,44.0,0,0.00717805,169.2112149532711
575,100.0,44.0,0,0.00718325,193.8739167374681
576,104.0,44.0,0,0.00721145,243.92387425658444
577,108.0,44.0,0,0.0070862,282.7711129991503
578,112.0,44.0,0,0.0070826,256.60356839422275
579,116.0,44.0,0,0.00705775,235.61937128292266
580,120.0,44.0,0,0.00695715,216.948173322005
581,124.0,44.0,0,0.00685185,213.04672897196247
582,128.0,44.0,0,0.00675,218.50875106202216
583,132.0,44.0,0,0.006864525,234.58827527612584
584,136.0,44.0,0,0.007024025,220.1529311809686
585,140.0,44.0,0,0.007155875,267.0538657604079
586,144.0,44.0,0,0.00717465,233.44570943075632
587,148.0,44.0,0,0.007028775,203.376720475786
588,152.0,44.0,0,0.00685915,196.967204757859
589,156.0,44.0,0,0.00679195,213.93848768054386
590,160.0,44.0,0,0.006817925,226.0887000849616
591,164.0,44.0,0,0.006889575,231.46711979609177
592,168.0,44.0,0,0.006972875,229.62786745964308
593,172.0,44.0,0,0.00702555,231.9687340696687
594,176.0,44.0,0,0.00701515,229.20985556499568
595,180.0,44.0,0,0.00697025,211.59762107051824
596,184.0,44.0,0,0.006849175,195.29515717926938
597,188.0,44.0,0,0.006905975,201.0079864061172
598,192.0,44.0,0,0.0070853,213.74341546304163
599,196.0,44.0,0,0.00713175,219.0939677145284
600,0.0,48.0,0,0.007031675,224.8346644010196
601,4.0,48.0,0,0.007031275,212.09923534409518
602,8.0,48.0,0,0.007033825,183.31214953271024
603,12.0,48.0,0,0.0070449,167.37196261682243
604,16.0,48.0,0,0.00707695,177.90586236193712
605,20.0,48.0,0,0.0071088,261.0623619371281
606,24.0,48.0,0,0.007094175,223.41342395921833
607,28.0,48.0,0,0.007035925,229.12625318606615
608,32.0,48.0,0,0.0069768,218.7874256584539
609,36.0,48.0,0,0.0069264,216.92030586236183
610,40.0,48.0,0,0.00689705,242.0567544604928
611,44.0,48.0,0,0.00701495,246.79422259983016
612,48.0,48.0,0,0.006919975,246.23687340696688
613,52.0,48.0,0,0.006933575,242.1682242990655
614,56.0,48.0,0,0.00707155,238.74052676295673
615,60.0,48.0,0,0.0071963,251.0022090059474
616,64.0,48.0,0,0.0071364,264.04418011894654
617,68.0,48.0,0,0.00701805,262.51146983857257
618,72.0,48.0,0,0.006907625,225.25267629566702
619,76.0,48.0,0,0.0069024,236.14885301614277
620,80.0,48.0,0,0.0069668,268.16856414613403
621,84.0,48.0,0,0.00706205,235.95378079864076
622,88.0,48.0,0,0.00704095,240.60764655904836
623,92.0,48.0,0,0.006968125,242.22395921835164
624,96.0,48.0,0,0.006992025,210.20424808836015
625,100.0,48.0,0,0.0070266,276.8632115548003
626,104.0,48.0,0,0.0070347,221.82497875955823
627,108.0,48.0,0,0.007000475,243.5615972812236
628,112.0,48.0,0,0.006935925,268.28003398470673
629,116.0,48.0,0,0.0068642,264.8523364485982
630,120.0,48.0,0,0.00697225,298.18181818181824
631,124.0,48.0,0,0.007036225,255.90688190314359
632,128.0,48.0,0,0.0070742,231.9687340696687
633,132.0,48.0,0,0.007031975,214.4401019541208
634,136.0,48.0,0,0.006888625,227.59354290569263
635,140.0,48.0,0,0.0067715,225.6149532710283
636,144.0,48.0,0,0.006902975,244.06321155480032
637,148.0,48.0,0,0.0067655,243.11571792693303
638,152.0,48.0,0,0.0068151,203.40458793542916
639,156.0,48.0,0,0.006934925,200.89651656754472
640,160.0,48.0,0,0.0068974,214.91384876805455
641,164.0,48.0,0,0.006793675,230.4917587085813
642,168.0,48.0,0,0.0066975,226.72965165675464
643,172.0,48.0,0,0.006708675,226.95259133389982
644,176.0,48.0,0,0.00678435,225.1690739167375
645,180.0,48.0,0,0.006926075,207.44536958368758
646,184.0,48.0,0,0.007011675,192.5084112149534
647,188.0,48.0,0,0.00698865,191.28224299065437
648,192.0,48.0,0,0.0069039,208.28139337298217
649,196.0,48.0,0,0.006899525,213.2696686491081
650,0.0,52.0,0,0.007065325,224.0822429906541
651,4.0,52.0,0,0.007029575,223.2462192013595
652,8.0,52.0,0,0.0070144,192.56414613423976
653,12.0,52.0,0,0.007013425,175.8158028887001
654,16.0,52.0,0,0.00702045,177.45998300764654
655,20.0,52.0,0,0.0070563,216.58589634664418
656,24.0,52.0,0,0.00710215,209.4239592183519
657,28.0,52.0,0,0.007105725,242.41903143585387
658,32.0,52.0,0,0.00706615,183.6744265080713
659,36.0,52.0,0,0.00701765,222.38232795242152
660,40.0,52.0,0,0.006971825,242.2518266779948
661,44.0,52.0,0,0.0069279,227.00832625318617
662,48.0,52.0,0,0.0070064,222.66100254885305
663,52.0,52.0,0,0.006959725,228.2344944774852
664,56.0,52.0,0,0.006884125,230.51962616822425
665,60.0,52.0,0,0.006985725,228.2623619371284
666,64.0,52.0,0,0.00712215,222.93967714528458
667,68.0,52.0,0,0.0071823,217.7284621920137
668,72.0,52.0,0,0.007066675,222.0479184367034
669,76.0,52.0,0,0.006926,216.16788445199654
670,80.0,52.0,0,0.006907075,249.915378079864
671,84.0,52.0,0,0.007074575,267.4718776550553
672,88.0,52.0,0,0.00712195,208.1699235344097
673,92.0,52.0,0,0.0070423,235.03415463041642
674,96.0,52.0,0,0.007055625,271.3454545454547
675,100.0,52.0,0,0.007090175,236.23245539507252
676,104.0,52.0,0,0.007080125,211.70909090909095
677,108.0,52.0,0,0.0070716,206.6650807136789
678,112.0,52.0,0,0.00707675,197.636023789295
679,116.0,52.0,0,0.0070848,298.5719626168225
680,120.0,52.0,0,0.0070904,301.69311809685655
681,124.0,52.0,0,0.007093125,281.4892098555649
682,128.0,52.0,0,0.00709725,291.46576040781656
683,132.0,52.0,0,0.007021275,291.4100254885302
684,136.0,52.0,0,0.006872375,293.27714528462184
685,140.0,52.0,0,0.00709955,234.9226847918435
686,144.0,52.0,0,0.00715895,220.12506372132543
687,148.0,52.0,0,0.007093325,231.27204757858976
688,152.0,52.0,0,0.007068725,218.39728122344945
689,156.0,52.0,0,0.007003325,279.0926083262532
690,160.0,52.0,0,0.006970975,214.38436703483444
691,164.0,52.0,0,0.006981575,201.81614273576906
692,168.0,52.0,0,0.006759325,212.740186915888
693,172.0,52.0,0,0.006578625,226.33950722175018
694,176.0,52.0,0,0.006667025,229.34919286321156
695,180.0,52.0,0,0.006717975,234.03092608326256
696,184.0,52.0,0,0.0066878,219.5398470688192
697,188.0,52.0,0,0.0066989,202.1784197111299
698,192.0,52.0,0,0.006753125,190.66915887850473
699,196.0,52.0,0,0.006927225,187.01852166525077
700,0.0,56.0,0,0.006836425,224.77892948173326
701,4.0,56.0,0,0.00693685,232.58181818181833
702,8.0,56.0,0,0.007081325,192.11826677994895
703,12.0,56.0,0,0.00708955,172.24876805437566
704,16.0,56.0,0,0.0070491,198.4441801189464
705,20.0,56.0,0,0.007022975,190.33474936278685
706,24.0,56.0,0,0.0070089,225.25267629566702
707,28.0,56.0,0,0.007020575,254.76431605777407
708,32.0,56.0,0,0.00705835,215.58266779949008
709,36.0,56.0,0,0.00709485,239.38147833474954
710,40.0,56.0,0,0.007097975,225.64282073067125
711,44.0,56.0,0,0.007070425,223.9986406117248
712,48.0,56.0,0,0.0070203,226.7296516567544
713,52.0,56.0,0,0.006968025,253.95615972812243
714,56.0,56.0,0,0.006871875,267.0538657604079
715,60.0,56.0,0,0.00683845,270.5372982158028
716,64.0,56.0,0,0.006952075,269.0603228547154
717,68.0,56.0,0,0.007126525,259.52965165675437
718,72.0,56.0,0,0.0070746,259.8361937128293
719,76.0,56.0,0,0.0072139,231.04910790144436
720,80.0,56.0,0,0.007195525,217.47765505522534
721,84.0,56.0,0,0.0069478,216.6694987255737
722,88.0,56.0,0,0.007042775,231.4113848768054
723,92.0,56.0,0,0.007075675,259.3903143585387
724,96.0,56.0,0,0.007055725,251.08581138487693
725,100.0,56.0,0,0.007087075,224.86253186066278
726,104.0,56.0,0,0.0070748,227.31486830926087
727,108.0,56.0,0,0.007059675,223.02327952421433
728,112.0,56.0,0,0.007049375,242.66983857264245
729,116.0,56.0,0,0.00703125,183.42361937128294
730,120.0,56.0,0,0.007017325,189.91673746813944
731,124.0,56.0,0,0.007016025,213.43687340696692
732,128.0,56.0,0,0.007037225,298.4326253186068
733,132.0,56.0,0,0.007081725,295.4786745964318
734,136.0,56.0,0,0.0071051,281.9629566694987
735,140.0,56.0,0,0.00710325,292.6083262531861
736,144.0,56.0,0,0.007075275,277.5877655055226
737,148.0,56.0,0,0.00692685,216.22361937128312
738,152.0,56.0,0,0.006853475,226.70178419711146
739,156.0,56.0,0,0.007087875,218.48088360237898
740,160.0,56.0,0,0.00715865,259.47391673746824
741,164.0,56.0,0,0.007129575,217.56125743415464
742,168.0,56.0,0,0.0071472,203.1537807986408
743,172.0,56.0,0,0.007123775,212.18283772302493
744,176.0,56.0,0,0.00706425,221.46270178419718
745,180.0,56.0,0,0.00690165,224.05437553101115
746,184.0,56.0,0,0.006705375,218.42514868309263
747,188.0,56.0,0,0.0066347,203.59966015293116
748,192.0,56.0,0,0.006657525,194.59847068819045
749,196.0,56.0,0,0.00666335,188.63483432455382
750,0.0,60.0,0,0.0069825,219.4005097706031
751,4.0,60.0,0,0.007004275,225.00186915887843
752,8.0,60.0,0,0.0068882,239.35361087510614
753,12.0,60.0,0,0.006918875,171.49634664401037
754,16.0,60.0,0,0.007067725,172.55531011045014
755,20.0,60.0,0,0.0070822,305.09294817332193
756,24.0,60.0,0,0.00703985,203.43245539507234
757,28.0,60.0,0,0.00702125,243.2550552251489
758,32.0,60.0,0,0.007024625,212.40577740016988
759,36.0,60.0,0,0.007049925,230.88190314358553
760,40.0,60.0,0,0.007081375,224.08224299065432
761,44.0,60.0,0,0.00708575,216.97604078164818
762,48.0,60.0,0,0.0070574,233.8915887850469
763,52.0,60.0,0,0.00699175,248.74494477485132
764,56.0,60.0,0,0.0070087,258.80509770603226
765,60.0,60.0,0,0.0070209,257.04944774851333
766,64.0,60.0,0,0.0070016,259.6689889549705
767,68.0,60.0,0,0.006918325,265.60475785896347
768,72.0,60.0,0,0.0070194,273.7141886151235
769,76.0,60.0,0,0.00717095,277.14188615123203
770,80.0,60.0,0,0.006883125,267.30467289719627
771,84.0,60.0,0,0.006919675,264.8523364485982
772,88.0,60.0,0,0.007030875,250.08258283772284
773,92.0,60.0,0,0.007086125,234.4489379779102
774,96.0,60.0,0,0.007096475,219.79065420560755
775,100.0,60.0,0,0.007053925,230.43602378929495
776,104.0,60.0,0,0.007088225,229.5163976210706
777,108.0,60.0,0,0.007083675,230.6868309260833
778,112.0,60.0,0,0.0070727,233.69651656754468
779,116.0,60.0,0,0.007064775,225.14120645709454
780,120.0,60.0,0,0.007043825,206.5814783347496
781,124.0,60.0,0,0.0070296,197.9425658453697
782,128.0,60.0,0,0.007014925,214.41223449447762
783,132.0,60.0,0,0.006995375,211.26321155480036
784,136.0,60.0,0,0.006970625,230.18521665250637
785,140.0,60.0,0,0.006960125,192.42480883602389
786,144.0,60.0,0,0.00697745,253.59388275276137
787,148.0,60.0,0,0.00703715,246.48768054375523
788,152.0,60.0,0,0.007099625,290.21172472387434
789,156.0,60.0,0,0.00712865,260.75581988105364
790,160.0,60.0,0,0.007109775,217.11537807986406
791,164.0,60.0,0,0.00708735,231.52285471537834
792,168.0,60.0,0,0.0070812,209.0895497026338
793,172.0,60.0,0,0.0070228,284.0530161427357
794,176.0,60.0,0,0.00706595,216.1121495327102
795,180.0,60.0,0,0.007169375,208.28139337298217
796,184.0,60.0,0,0.00720855,207.47323704333053
797,188.0,60.0,0,0.007193075,216.69736618521665
798,192.0,60.0,0,0.0071786,214.49583687340692
799,196.0,60.0,0,0.006964,210.65012744265073
800,0.0,64.0,0,0.006739375,218.39728122344945
801,4.0,64.0,0,0.006710875,216.89243840271888
802,8.0,64.0,0,0.006693975,217.39405267629581
803,12.0,64.0,0,0.006848625,232.55395072217516
804,16.0,64.0,0,0.0069866,175.20271877655046
805,20.0,64.0,0,0.0070051,171.80288870008508
806,24.0,64.0,0,0.0068697,304.20118946474076
807,28.0,64.0,0,0.006900875,211.95989804587953
808,32.0,64.0,0,0.0070479,264.0720475785897
809,36.0,64.0,0,0.0070474,216.08428207306724
810,40.0,64.0,0,0.00701545,230.6868309260833
811,44.0,64.0,0,0.0070204,220.68241291418872
812,48.0,64.0,0,0.0070421,219.62344944774873
813,52.0,64.0,0,0.007063575,234.33746813933726
814,56.0,64.0,0,0.007051425,246.71062022090064
815,60.0,64.0,0,0.0070306,252.47918436703503
816,64.0,64.0,0,0.007024525,254.0954970263383
817,68.0,64.0,0,0.00701865,254.90365335598995
818,72.0,64.0,0,0.00701405,259.13950722175014
819,76.0,64.0,0,0.0069113,268.0570943075618
820,80.0,64.0,0,0.0070036,275.3583687340697
821,84.0,64.0,0,0.0071676,267.8062871707732
822,88.0,64.0,0,0.006872325,257.94120645709427
823,92.0,64.0,0,0.006818475,245.17790994052666
824,96.0,64.0,0,0.006967075,233.97519116397643
825,100.0,64.0,0,0.0070323,216.25148683092607
826,104.0,64.0,0,0.00709115,228.06728971962616
827,108.0,64.0,0,0.007056675,229.15412064570933
828,112.0,64.0,0,0.00709005,228.8754460492778
829,116.0,64.0,0,0.007087125,219.3169073916738
830,120.0,64.0,0,0.007077525,218.11860662701793
831,124.0,64.0,0,0.007065125,221.1282922684793
832,128.0,64.0,0,0.007049675,211.9877655055227
833,132.0,64.0,0,0.00704025,192.7313508920986
834,136.0,64.0,0,0.007029975,194.62633814783362
835,140.0,64.0,0,0.007014275,167.87357689039936
836,144.0,64.0,0,0.0069921,251.94970263381492
837,148.0,64.0,0,0.0069905,238.1274426508071
838,152.0,64.0,0,0.00700865,256.5478334749364
839,156.0,64.0,0,0.0070477,280.2630416312661
840,160.0,64.0,0,0.007094125,291.5214953271029
841,164.0,64.0,0,0.007124575,225.5870858113849
842,168.0,64.0,0,0.007109025,219.7627867459646
843,172.0,64.0,0,0.007087125,223.85930331350892
844,176.0,64.0,0,0.007082875,253.62175021240432
845,180.0,64.0,0,0.00705685,219.2054375531011
846,184.0,64.0,0,0.007045,213.99422259982998
847,188.0,64.0,0,0.0070966,217.8399320305864
848,192.0,64.0,0,0.007160125,211.73695836873412
849,196.0,64.0,0,0.00722215,209.47969413763803
850,0.0,68.0,0,0.007062725,212.35004248088376
851,4.0,68.0,0,0.006731775,216.89243840271888
852,8.0,68.0,0,0.00669865,217.56125743415487
853,12.0,68.0,0,0.00670765,220.4037383177572
854,16.0,68.0,0,0.00669935,231.27204757858976
855,20.0,68.0,0,0.006776125,177.3206457094309
856,24.0,68.0,0,0.0069572,176.31741716227702
857,28.0,68.0,0,0.00703715,305.31588785046733
858,32.0,68.0,0,0.006945425,207.83551401869158
859,36.0,68.0,0,0.006914825,252.31197960917575
860,40.0,68.0,0,0.0070281,211.37468139337307
861,44.0,68.0,0,0.00704585,228.20662701784204
862,48.0,68.0,0,0.007027375,227.03619371282934
863,52.0,68.0,0,0.007044775,215.33186066270196
864,56.0,68.0,0,0.00705545,219.28903993203062
865,60.0,68.0,0,0.0070093,230.32455395072225
866,64.0,68.0,0,0.007025525,237.4864910790145
867,68.0,68.0,0,0.007011,246.79422259982994
868,72.0,68.0,0,0.007006675,253.7610875106202
869,76.0,68.0,0,0.007011925,263.5425658453696
870,80.0,68.0,0,0.007010775,266.58011894647416
871,84.0,68.0,0,0.006919875,266.69158878504686
872,88.0,68.0,0,0.0069686,258.4985556499578
873,92.0,68.0,0,0.0071463,251.5316907391673
874,96.0,68.0,0,0.006893275,243.50586236193703
875,100.0,68.0,0,0.00693795,233.38997451146975
876,104.0,68.0,0,0.007098725,222.54953271028035
877,108.0,68.0,0,0.007071825,219.84638912489368
878,112.0,68.0,0,0.00710735,220.23653355989813
879,116.0,68.0,0,0.0070538,229.23772302463885
880,120.0,68.0,0,0.007084625,237.04061172472393
881,124.0,68.0,0,0.007094775,231.29991503823294
882,128.0,68.0,0,0.007085725,220.1250637213252
883,132.0,68.0,0,0.0070812,224.36091758708585
884,136.0,68.0,0,0.007083975,211.0402718776552
885,140.0,68.0,0,0.0070748,175.14698385726433
886,144.0,68.0,0,0.00706085,181.27782497875955
887,148.0,68.0,0,0.0070518,206.24706881903148
888,152.0,68.0,0,0.007036925,224.80679694137643
889,156.0,68.0,0,0.0070282,212.04350042480905
890,160.0,68.0,0,0.007043575,250.19405267629577
891,164.0,68.0,0,0.00707005,284.97264231096005
892,168.0,68.0,0,0.007101,288.4560747663552
893,172.0,68.0,0,0.007122725,213.7712829226848
894,176.0,68.0,0,0.0071361,230.40815632965177
895,180.0,68.0,0,0.0071345,209.14528462192038
896,184.0,68.0,0,0.00711925,256.91011045029745
897,188.0,68.0,0,0.0070914,206.525743415463
898,192.0,68.0,0,0.00707895,207.72404418011888
899,196.0,68.0,0,0.00710645,208.16992353440946
900,0.0,72.0,0,0.00722255,235.22922684791865
901,4.0,72.0,0,0.007320475,224.66745964316078
902,8.0,72.0,0,0.0072657,222.88394222599845
903,12.0,72.0,0,0.0070125,221.7971112999153
904,16.0,72.0,0,0.0068563,214.5515717926935
905,20.0,72.0,0,0.0067917,235.84231096006806
906,24.0,72.0,0,0.0067123,193.98538657604104
907,28.0,72.0,0,0.006714,171.71928632115555
908,32.0,72.0,0,0.0068278,234.75548003398467
909,36.0,72.0,0,0.00700435,215.63840271877666
910,40.0,72.0,0,0.007022475,245.1779099405269
911,44.0,72.0,0,0.00692695,197.24587935429054
912,48.0,72.0,0,0.00696365,214.49583687340692
913,52.0,72.0,0,0.00706325,226.2280373831777
914,56.0,72.0,0,0.00707405,229.90654205607484
915,60.0,72.0,0,0.007058775,216.36295666949854
916,64.0,72.0,0,0.0070233,213.6598130841121
917,68.0,72.0,0,0.0070039,217.1989804587938
918,72.0,72.0,0,0.0068912,224.3051826677995
919,76.0,72.0,0,0.00685985,222.02005097706024
920,80.0,72.0,0,0.006935475,228.8754460492778
921,84.0,72.0,0,0.006993575,226.0050977060323
922,88.0,72.0,0,0.007004575,225.92149532710278
923,92.0,72.0,0,0.0069176,223.66423109600692
924,96.0,72.0,0,0.006945825,224.38878504672903
925,100.0,72.0,0,0.007094525,219.17757009345792
926,104.0,72.0,0,0.007033875,217.31045029736606
927,108.0,72.0,0,0.006941725,219.92999150382343
928,112.0,72.0,0,0.007031925,225.00186915887843
929,116.0,72.0,0,0.0070479,221.79711129991506
930,120.0,72.0,0,0.007114525,223.3855564995754
931,124.0,72.0,0,0.007090575,230.35242141036542
932,128.0,72.0,0,0.007054725,235.84231096006806
933,132.0,72.0,0,0.00708025,230.40815632965155
934,136.0,72.0,0,0.00709665,229.43279524214108
935,140.0,72.0,0,0.007100275,223.27408666100268
936,144.0,72.0,0,0.00709455,208.69940526762957
937,148.0,72.0,0,0.007087075,178.32387425658476
938,152.0,72.0,0,0.007083075,183.8973661852167
939,156.0,72.0,0,0.00707225,167.0096856414616
940,160.0,72.0,0,0.00707025,196.8557349192863
941,164.0,72.0,0,0.00708175,258.05267629566697
942,168.0,72.0,0,0.007092025,291.18708581138503
943,172.0,72.0,0,0.00710035,289.2642310960068
944,176.0,72.0,0,0.0071076,213.01886151231952
945,180.0,72.0,0,0.00711295,231.5228547153779
946,184.0,72.0,0,0.007121525,231.77366185216647
947,188.0,72.0,0,0.007136125,256.129821580289
948,192.0,72.0,0,0.007148975,212.01563296516588
949,196.0,72.0,0,0.007124475,198.75072217502134
950,0.0,76.0,0,0.007073625,256.99371282922675
951,4.0,76.0,0,0.007124475,254.51350892098571
952,8.0,76.0,0,0.00714705,217.86779949022934
953,12.0,76.0,0,0.0072506,212.54511469838576
954,16.0,76.0,0,0.00734675,221.7692438402721
955,20.0,76.0,0,0.0072794,218.1464740866611
956,24.0,76.0,0,0.007098225,235.34069668649113
957,28.0,76.0,0,0.006839375,193.03789294817352
958,32.0,76.0,0,0.00667705,171.9979609175873
959,36.0,76.0,0,0.006679275,229.8229396771453
960,40.0,76.0,0,0.006813675,237.98810535259145
961,44.0,76.0,0,0.0070061,233.83585386576055
962,48.0,76.0,0,0.0069964,242.6977060322854
963,52.0,76.0,0,0.006899167,204.2127442650808
964,56.0,76.0,0,0.006926025,208.72727272727298
965,60.0,76.0,0,0.007020175,217.33831775700946
966,64.0,76.0,0,0.007045475,227.95581988105369
967,68.0,76.0,0,0.00700215,236.538997451147
968,72.0,76.0,0,0.00696375,232.3867459643161
969,76.0,76.0,0,0.006814975,233.8915887850469
970,80.0,76.0,0,0.0067916,230.85403568394236
971,84.0,76.0,0,0.00685385,219.7349192863212
972,88.0,76.0,0,0.006949825,219.67918436703485
973,92.0,76.0,0,0.00700125,216.47442650807147
974,96.0,76.0,0,0.00700595,217.421920135939
975,100.0,76.0,0,0.00692145,224.02650807136797
976,104.0,76.0,0,0.006914175,219.26117247238767
977,108.0,76.0,0,0.0071057,231.91299915038235
978,112.0,76.0,0,0.00704955,236.23245539507207
979,116.0,76.0,0,0.006875675,233.69651656754468
980,120.0,76.0,0,0.006917675,230.74256584536965
981,124.0,76.0,0,0.006998625,226.980458793543
982,128.0,76.0,0,0.0070183,223.71996601529304
983,132.0,76.0,0,0.007127175,227.76074766355146
984,136.0,76.0,0,0.007149925,238.29464740866615
985,140.0,76.0,0,0.00707775,231.80152931180965
986,144.0,76.0,0,0.0070295,246.04180118946488
987,148.0,76.0,0,0.007025825,226.311639762107
988,152.0,76.0,0,0.00704795,181.7794392523365
989,156.0,76.0,0,0.007062175,171.4684791843672
990,160.0,76.0,0,0.007082075,168.06864910790136
991,164.0,76.0,0,0.007099375,221.99218351741706
992,168.0,76.0,0,0.00710525,266.3293118096856
993,172.0,76.0,0,0.0071025,288.28887000849613
994,176.0,76.0,0,0.007091675,262.2885301614274
995,180.0,76.0,0,0.00709635,217.14324553950746
996,184.0,76.0,0,0.00711155,227.42633814783358
997,188.0,76.0,0,0.0071211,231.02124044180118
998,192.0,76.0,0,0.007137525,286.143075615973
999,196.0,76.0,0,0.007146275,250.72353440951565
1000,0.0,80.0,0,0.00707545,273.4076465590483
1001,4.0,80.0,0,0.0069836,270.06355140186906
1002,8.0,80.0,0,0.00694735,259.7525913338998
1003,12.0,80.0,0,0.00698915,259.55751911639777
1004,16.0,80.0,0,0.007039375,224.7231945624469
1005,20.0,80.0,0,0.007123125,215.66627017841984
1006,24.0,80.0,0,0.00729645,222.77247238742552
1007,28.0,80.0,0,0.0073747,216.61376380628735
1008,32.0,80.0,0,0.007227025,230.21308411214955
1009,36.0,80.0,0,0.006805175,218.20220900594745
1010,40.0,80.0,0,0.0066913,166.53593882752762
1011,44.0,80.0,0,0.0067281,176.59609175870855
1012,48.0,80.0,0,0.006848625,253.48241291418844
1013,52.0,80.0,0,0.00703675,248.91214953271037
1014,56.0,80.0,0,0.006979875,241.83381478334763
1015,60.0,80.0,0,0.0068663,233.86372132540373
1016,64.0,80.0,0,0.00685135,267.22107051826674
1017,68.0,80.0,0,0.006906225,274.7174171622771
1018,72.0,80.0,0,0.0069026,226.7296516567544
1019,76.0,80.0,0,0.006863275,188.662701784197
1020,80.0,80.0,0,0.006739725,217.5055225148683
1021,84.0,80.0,0,0.00672255,237.06847918436688
1022,88.0,80.0,0,0.006753975,249.72030586236178
1023,92.0,80.0,0,0.006783025,252.53491928632116
1024,96.0,80.0,0,0.006835175,250.97434154630423
1025,100.0,80.0,0,0.0069256,229.43279524214108
1026,104.0,80.0,0,0.0069984,216.27935429056924
1027,108.0,80.0,0,0.0070072,217.22684791843676
1028,112.0,80.0,0,0.006960975,231.57858963466447
1029,116.0,80.0,0,0.006930025,245.1779099405269
1030,120.0,80.0,0,0.00708765,250.91860662701788
1031,124.0,80.0,0,0.0071641,254.51350892098571
1032,128.0,80.0,0,0.006945875,252.9250637213254
1033,132.0,80.0,0,0.00679075,259.16737468139354
1034,136.0,80.0,0,0.00700115,247.74171622769768
1035,140.0,80.0,0,0.0070982,245.6795242141036
1036,144.0,80.0,0,0.006984175,261.4525063721328
1037,148.0,80.0,0,0.006883075,247.6023789294818
1038,152.0,80.0,0,0.00688415,262.14919286321174
1039,156.0,80.0,0,0.00706772,244.39762107051843
1040,160.0,80.0,0,0.0071777,206.94375531011042
1041,164.0,80.0,0,0.00708655,174.3109600679693
1042,168.0,80.0,0,0.006989325,199.89328802039108
1043,172.0,80.0,0,0.006942,208.75514018691615
1044,176.0,80.0,0,0.0069544,267.52761257434145
1045,180.0,80.0,0,0.0070257,288.7904842820733
1046,184.0,80.0,0,0.00709065,249.66457094307566
1047,188.0,80.0,0,0.0071049,221.90858113848753
1048,192.0,80.0,0,0.007103575,228.37383177570086
1049,196.0,80.0,0,0.007105425,234.30960067969409
1050,0.0,84.0,0,0.0070624,265.71622769753617
1051,4.0,84.0,0,0.0070443,267.3046728971965
1052,8.0,84.0,0,0.007014475,271.59626168224304
1053,12.0,84.0,0,0.006952325,270.98317757009363
1054,16.0,84.0,0,0.0068972,258.3313508920985
1055,20.0,84.0,0,0.00687885,234.6440101954122
1056,24.0,84.0,0,0.006899725,219.62344944774873
1057,28.0,84.0,0,0.006944733,218.28581138487675
1058,32.0,84.0,0,0.00702675,220.65454545454554
1059,36.0,84.0,0,0.00720215,217.36618521665264
1060,40.0,84.0,0,0.007324975,232.74902293967716
1061,44.0,84.0,0,0.00708586,211.51401869158894
1062,48.0,84.0,0,0.006782525,168.84893797791005
1063,52.0,84.0,0,0.006672625,169.37841971112994
1064,56.0,84.0,0,0.006742125,173.11265930331342
1065,60.0,84.0,0,0.006920925,214.77451146983867
1066,64.0,84.0,0,0.0070557,273.5469838572644
1067,68.0,84.0,0,0.007002167,205.57824978759572
1068,72.0,84.0,0,0.00686575,206.19133389974513
1069,76.0,84.0,0,0.006810275,219.0661002548852
1070,80.0,84.0,0,0.00687502,207.4732370433303
1071,84.0,84.0,0,0.0067048,229.4049277824979
1072,88.0,84.0,0,0.006683925,250.80713678844518
1073,92.0,84.0,0,0.0066993,196.91146983857288
1074,96.0,84.0,0,0.006738525,249.52523364485978
1075,100.0,84.0,0,0.006772325,266.7194562446898
1076,104.0,84.0,0,0.006810325,223.3855564995754
1077,108.0,84.0,0,0.00690045,214.85811384876797
1078,112.0,84.0,0,0.0069692,242.5026338147834
1079,116.0,84.0,0,0.007007325,267.30467289719627
1080,120.0,84.0,0,0.007004325,262.87374681393385
1081,124.0,84.0,0,0.00695505,276.94681393373
1082,128.0,84.0,0,0.0068916,283.5514018691588
1083,132.0,84.0,0,0.00706055,278.6467289719626
1084,136.0,84.0,0,0.007177,264.0720475785897
1085,140.0,84.0,0,0.00719455,268.69804587935414
1086,144.0,84.0,0,0.0070768,290.49039932030587
1087,148.0,84.0,0,0.006831225,292.07884451996597
1088,152.0,84.0,0,0.0069995,287.1463041631266
1089,156.0,84.0,0,0.00714655,271.67986406117257
1090,160.0,84.0,0,0.006962067,259.3067119796092
1091,164.0,84.0,0,0.00694025,224.30518266779973
1092,168.0,84.0,0,0.007045375,178.88122344944782
1093,172.0,84.0,0,0.00693935,219.76278674596415
1094,176.0,84.0,0,0.00697994,241.49940526762975
1095,180.0,84.0,0,0.007064225,284.55463041631265
1096,184.0,84.0,0,0.00692755,286.533220050977
1097,188.0,84.0,0,0.006994875,252.81359388275268
1098,192.0,84.0,0,0.00709925,223.85930331350892
1099,196.0,84.0,0,0.007092525,227.14766355140182
1100,0.0,88.0,0,0.0069724,223.6920985556501
1101,4.0,88.0,0,0.006950925,261.14596431605764
1102,8.0,88.0,0,0.00694015,284.8611724723876
1103,12.0,88.0,0,0.00694144,275.52557349192875
1104,16.0,88.0,0,0.0069327,272.6273576890401
1105,20.0,88.0,0,0.0069008,263.0688190314361
1106,24.0,88.0,0,0.006864625,257.9133389974511
1107,28.0,88.0,0,0.00685,235.28496176720478
1108,32.0,88.0,0,0.006861525,218.31367884451993
1109,36.0,88.0,0,0.006883967,219.92999150382343
1110,40.0,88.0,0,0.006997325,224.86253186066278
1111,44.0,88.0,0,0.00715625,218.31367884452015
1112,48.0,88.0,0,0.00727546,218.39728122344945
1113,52.0,88.0,0,0.0070481,226.2280373831777
1114,56.0,88.0,0,0.006730775,232.05233644859823
1115,60.0,88.0,0,0.006659275,193.28870008496165
1116,64.0,88.0,0,0.006741725,177.7386576040783
1117,68.0,88.0,0,0.006924725,170.1865760407818
1118,72.0,88.0,0,0.007062067,164.1114698385727
1119,76.0,88.0,0,0.00702685,165.44910790144445
1120,80.0,88.0,0,0.006911025,146.9729821580288
1121,84.0,88.0,0,0.006895325,226.03296516567548
1122,88.0,88.0,0,0.0068253,203.65539507221774
1123,92.0,88.0,0,0.00689386,216.4465590484283
1124,96.0,88.0,0,0.006784125,248.29906542056074
1125,100.0,88.0,0,0.006706375,229.23772302463885
1126,104.0,88.0,0,0.006696,261.5639762107053
1127,108.0,88.0,0,0.0067387,220.68241291418872
1128,112.0,88.0,0,0.00677495,238.21104502973662
1129,116.0,88.0,0,0.006803,290.60186915887857
1130,120.0,88.0,0,0.006872675,287.17417162277
1131,124.0,88.0,0,0.00695795,293.6672897196263
1132,128.0,88.0,0,0.00701445,292.1345794392523
1133,132.0,88.0,0,0.00701824,294.86559048428217
1134,136.0,88.0,0,0.007009575,279.42701784197106
1135,140.0,88.0,0,0.0069289,285.1677145284623
1136,144.0,88.0,0,0.00684595,280.6810535259133
1137,148.0,88.0,0,0.00696445,248.71707731520814
1138,152.0,88.0,0,0.0071319,265.019541206457
1139,156.0,88.0,0,0.0071974,283.746474086661
1140,160.0,88.0,0,0.0072951,286.50535259133403
1141,164.0,88.0,0,0.0072811,278.00577740017
1142,168.0,88.0,0,0.00721085,246.62701784197134
1143,172.0,88.0,0,0.007237125,180.77621070518262
1144,176.0,88.0,0,0.006863475,160.68377230246392
1145,180.0,88.0,0,0.00699862,218.92676295666956
1146,184.0,88.0,0,0.0069962,264.9359388275275
1147,188.0,88.0,0,0.0070098,287.31350892098544
1148,192.0,88.0,0,0.006978575,279.64995751911647
1149,196.0,88.0,0,0.00699025,218.1186066270177
1150,0.0,92.0,0,0.0069804,190.3626168224298
1151,4.0,92.0,0,0.00692505,190.41835174171615
1152,8.0,92.0,0,0.006882475,211.48615123194577
1153,12.0,92.0,0,0.00686665,240.7191163976213
1154,16.0,92.0,0,0.00686398,286.5053525913338
1155,20.0,92.0,0,0.006882875,269.0045879354291
1156,24.0,92.0,0,0.0069126,273.60271877655055
1157,28.0,92.0,0,0.006948,278.08937977909954
1158,32.0,92.0,0,0.00695155,252.61852166525068
1159,36.0,92.0,0,0.006919475,253.1201359388274
1160,40.0,92.0,0,0.006902175,216.55802888700077
1161,44.0,92.0,0,0.006900625,219.9578589634666
1162,48.0,92.0,0,0.006931433,221.49056924384035
1163,52.0,92.0,0,0.007067725,217.4776550552251
1164,56.0,92.0,0,0.007332525,211.0960067969413
1165,60.0,92.0,0,0.00718994,208.61580288870005
1166,64.0,92.0,0,0.00679495,207.9191163976211
1167,68.0,92.0,0,0.006691325,196.29838572642302
1168,72.0,92.0,0,0.00670065,198.10977060322875
1169,76.0,92.0,0,0.006834925,207.194562446899
1170,80.0,92.0,0,0.00703405,214.88598130841137
1171,84.0,92.0,0,0.0070392,153.82837723024636
1172,88.0,92.0,0,0.006962275,179.27136788445205
1173,92.0,92.0,0,0.0070088,231.43925233644882
1174,96.0,92.0,0,0.0070867,204.15700934579445
1175,100.0,92.0,0,0.007059,237.29141886151228
1176,104.0,92.0,0,0.006971175,243.5337298215802
1177,108.0,92.0,0,0.00683896,239.38147833474932
1178,112.0,92.0,0,0.00673425,243.2550552251489
1179,116.0,92.0,0,0.006692825,266.16210705182675
1180,120.0,92.0,0,0.006718125,302.30620220900596
1181,124.0,92.0,0,0.006759925,290.8805437553103
1182,128.0,92.0,0,0.00678835,249.19082412914213
1183,132.0,92.0,0,0.006835067,229.60000000000014
1184,136.0,92.0,0,0.006920425,207.7240441801191
1185,140.0,92.0,0,0.006994825,222.15938827527611
1186,144.0,92.0,0,0.0070345,226.81325403568394
1187,148.0,92.0,0,0.00703858,219.3169073916738
1188,152.0,92.0,0,0.007041225,202.512829226848
1189,156.0,92.0,0,0.00705475,225.78215802888712
1190,160.0,92.0,0,0.00706145,248.8564146134238
1191,164.0,92.0,0,0.007015325,254.31843670348348
1192,168.0,92.0,0,0.006997425,244.03534409515737
1193,172.0,92.0,0,0.0070555,256.1019541206458
1194,176.0,92.0,0,0.007168567,218.64808836023803
1195,180.0,92.0,0,0.007286775,184.48258283772316
1196,184.0,92.0,0,0.007076625,173.86508071367894
1197,188.0,92.0,0,0.00696958,242.94851316907398
1198,192.0,92.0,0,0.007111425,275.8042480883603
1199,196.0,92.0,0,0.0070245,292.66406117247243
1200,0.0,96.0,0,0.007068475,210.0649107901445
1201,4.0,96.0,0,0.0069602,208.75514018691592
1202,8.0,96.0,0,0.0068854,202.03908241291424
1203,12.0,96.0,0,0.006897733,190.61342395921838
1204,16.0,96.0,0,0.006979875,211.37468139337307
1205,20.0,96.0,0,0.00709275,247.2958368734071
1206,24.0,96.0,0,0.007128475,286.0594732370432
1207,28.0,96.0,0,0.00711908,272.265080713679
1208,32.0,96.0,0,0.007133225,278.06151231945614
1209,36.0,96.0,0,0.00715085,279.42701784197106
1210,40.0,96.0,0,0.00712375,258.30348343245555
1211,44.0,96.0,0,0.0070535,257.0773152081563
1212,48.0,96.0,0,0.00699775,231.4113848768054
1213,52.0,96.0,0,0.00698485,216.50229396771465
1214,56.0,96.0,0,0.006992275,213.18606627017857
1215,60.0,96.0,0,0.007035033,212.79592183517434
1216,64.0,96.0,0,0.007153925,203.376720475786
1217,68.0,96.0,0,0.007318525,201.53746813933753
1218,72.0,96.0,0,0.007209875,197.97043330501288
1219,76.0,96.0,0,0.00674092,179.7451146983858
1220,80.0,96.0,0,0.006640675,176.20594732370432
1221,84.0,96.0,0,0.006699525,213.29753610875127
1222,88.0,96.0,0,0.006844225,243.08785046728985
1223,92.0,96.0,0,0.007020525,160.34936278674581
1224,96.0,96.0,0,0.00704975,206.49787595582006
1225,100.0,96.0,0,0.007041525,208.448598130841
1226,104.0,96.0,0,0.007071333,231.80152931180987
1227,108.0,96.0,0,0.00707955,258.72149532710296
1228,112.0,96.0,0,0.0070587,213.96635514018703
1229,116.0,96.0,0,0.00698015,266.2735768903992
1230,120.0,96.0,0,0.006858125,299.2965165675446
1231,124.0,96.0,0,0.00675186,258.97230246389154
1232,128.0,96.0,0,0.0067017,226.78538657604076
1233,132.0,96.0,0,0.006722325,236.73406966864923
1234,136.0,96.0,0,0.006757925,224.89039932030596
1235,140.0,96.0,0,0.006781825,256.68717077315205
1236,144.0,96.0,0,0.00682155,250.194052676296
1237,148.0,96.0,0,0.006883075,264.7129991503823
1238,152.0,96.0,0,0.006947133,273.8813933729823
1239,156.0,96.0,0,0.007003,270.4815632965167
1240,160.0,96.0,0,0.007056775,237.3192863211557
1241,164.0,96.0,0,0.007077,208.50433305012757
1242,168.0,96.0,0,0.00709106,239.13067119796096
1243,172.0,96.0,0,0.0071078,230.24095157179272
1244,176.0,96.0,0,0.007132325,228.20662701784204
1245,180.0,96.0,0,0.0070924,217.89566694987252
1246,184.0,96.0,0,0.007033875,190.44621920135955
1247,188.0,96.0,0,0.007140525,181.38929481733248
1248,192.0,96.0,0,0.007115125,219.79065420560732
1249,196.0,96.0,0,0.007049925,204.77009345794386
1250,0.0,100.0,0,0.006974775,195.54596431605796
1251,4.0,100.0,0,0.007091175,210.73372982158025
1252,8.0,100.0,0,0.00696374,208.00271877655064
1253,12.0,100.0,0,0.006908,208.6994052676298
1254,16.0,100.0,0,0.006994425,208.22565845369604
1255,20.0,100.0,0,0.00706525,193.51163976210705
1256,24.0,100.0,0,0.0070767,198.58351741716228
1257,28.0,100.0,0,0.007041375,208.08632115548016
1258,32.0,100.0,0,0.00693025,255.01512319456265
1259,36.0,100.0,0,0.00690715,288.2610025488532
1260,40.0,100.0,0,0.0069222,280.0679694137639
1261,44.0,100.0,0,0.00693435,288.0101954120646
1262,48.0,100.0,0,0.006961825,280.17943925233635
1263,52.0,100.0,0,0.0070794,273.3519116397624
1264,56.0,100.0,0,0.00711944,263.8769753610877
1265,60.0,100.0,0,0.007076075,242.33542905692434
1266,64.0,100.0,0,0.0070863,214.16142735768904
1267,68.0,100.0,0,0.00709875,213.79915038232798
1268,72.0,100.0,0,0.007153575,212.57298215802894
1269,76.0,100.0,0,0.00728235,201.28666100254895
1270,80.0,100.0,0,0.00731575,203.93406966864904
1271,84.0,100.0,0,0.007117067,193.17723024638917
1272,88.0,100.0,0,0.0068368,189.58232795242156
1273,92.0,100.0,0,0.006697125,244.98283772302466
1274,96.0,100.0,0,0.0069182,175.31418861512316
1275,100.0,100.0,0,0.007057675,232.05233644859845
1276,104.0,100.0,0,0.007075675,249.88751062022084
1277,108.0,100.0,0,0.00705095,259.8361937128293
1278,112.0,100.0,0,0.0070325,214.5237043330501
1279,116.0,100.0,0,0.0070465,265.07527612574336
1280,120.0,100.0,0,0.0070688,297.2343245539507
1281,124.0,100.0,0,0.0070668,237.43075615972816
1282,128.0,100.0,0,0.007028767,232.30314358538658
1283,132.0,100.0,0,0.006940725,222.1872557349193
1284,136.0,100.0,0,0.006832075,232.86049277824986
1285,140.0,100.0,0,0.006762325,243.53372982158044
1286,144.0,100.0,0,0.00671598,244.92710280373853
1287,148.0,100.0,0,0.006732125,263.960577740017
1288,152.0,100.0,0,0.006757625,269.56193712829236
1289,156.0,100.0,0,0.00677885,264.32285471537807
1290,160.0,100.0,0,0.006809975,260.7000849617673
1291,164.0,100.0,0,0.006864875,288.28887000849613
1292,168.0,100.0,0,0.0069298,255.34953271028053
1293,172.0,100.0,0,0.0070014,244.34188615123185
1294,176.0,100.0,0,0.007074725,229.4049277824979
1295,180.0,100.0,0,0.0071071,217.9235344095157
1296,184.0,100.0,0,0.00710616,208.0305862361938
1297,188.0,100.0,0,0.00711405,200.33916737468144
1298,192.0,100.0,0,0.0070739,187.3807986406116
1299,196.0,100.0,0,0.007097275,184.70552251486833
1300,0.0,104.0,0,0.007006675,250.30552251486824
1301,4.0,104.0,0,0.007007575,290.7969413763808
1302,8.0,104.0,0,0.007089033,222.6052676295667
1303,12.0,104.0,0,0.0069748,202.93084112149518
1304,16.0,104.0,0,0.00690445,206.44214103653349
1305,20.0,104.0,0,0.00701586,206.0241291418863
1306,24.0,104.0,0,0.007050875,211.54188615123212
1307,28.0,104.0,0,0.0070181,196.6327952421409
1308,32.0,104.0,0,0.006894425,192.20186915887848
1309,36.0,104.0,0,0.0068361,214.96958368734067
1310,40.0,104.0,0,0.0068189,227.73288020390828
1311,44.0,104.0,0,0.00681285,280.1237043330502
1312,48.0,104.0,0,0.006801567,289.9330501274426
1313,52.0,104.0,0,0.006782425,289.5986406117247
1314,56.0,104.0,0,0.00675055,288.20526762956683
1315,60.0,104.0,0,0.0068075,280.23517417162293
1316,64.0,104.0,0,0.00698564,273.07323704333066
1317,68.0,104.0,0,0.0070379,252.25624468988963
1318,72.0,104.0,0,0.00712775,215.86134239592184
1319,76.0,104.0,0,0.007177475,200.98011894647425
1320,80.0,104.0,0,0.007175275,203.9062022090061
1321,84.0,104.0,0,0.007216175,204.12914188615127
1322,88.0,104.0,0,0.007313,202.26202209005942
1323,92.0,104.0,0,0.007334733,208.058453695837
1324,96.0,104.0,0,0.0072034,211.79269328802025
1325,100.0,104.0,0,0.006972125,176.70756159728126
1326,104.0,104.0,0,0.0070126,225.67068819031442
1327,108.0,104.0,0,0.00683424,230.26881903143612
1328,112.0,104.0,0,0.0068558,220.5152081563299
1329,116.0,104.0,0,0.0070178,258.1641461342397
1330,120.0,104.0,0,0.007067925,295.95242141036556
1331,124.0,104.0,0,0.007040425,227.39847068819017
1332,128.0,104.0,0,0.0070438,230.60322854715378
1333,132.0,104.0,0,0.0070627,252.78572642310974
1334,136.0,104.0,0,0.0070723,242.02888700084964
1335,140.0,104.0,0,0.007058075,263.48683092608326
1336,144.0,104.0,0,0.006998025,288.51180968564177
1337,148.0,104.0,0,0.00690352,258.08054375531015
1338,152.0,104.0,0,0.00681845,253.92829226847925
1339,156.0,104.0,0,0.0067718,265.71622769753617
1340,160.0,104.0,0,0.006739575,259.3345794392526
1341,164.0,104.0,0,0.00674885,297.31792693288025
1342,168.0,104.0,0,0.006771,289.4035683942227
1343,172.0,104.0,0,0.006799,293.6394222599831
1344,176.0,104.0,0,0.0068567,248.35480033984686
1345,180.0,104.0,0,0.0069394,232.58181818181833
1346,184.0,104.0,0,0.00704005,216.69736618521665
1347,188.0,104.0,0,0.0071113,201.64893797790978
1348,192.0,104.0,0,0.007108075,197.19014443500419
1349,196.0,104.0,0,0.007099125,193.28870008496187
1350,0.0,108.0,0,0.007042975,210.98453695836884
1351,4.0,108.0,0,0.007007275,214.69090909090892
1352,8.0,108.0,0,0.007025867,221.239762107052
1353,12.0,108.0,0,0.007083275,249.9432455395072
1354,16.0,108.0,0,0.006989025,257.85760407816474
1355,20.0,108.0,0,0.0069196,207.16669498725582
1356,24.0,108.0,0,0.00707222,206.27493627867466
1357,28.0,108.0,0,0.0070043,209.89770603228567
1358,32.0,108.0,0,0.006890925,214.71877655055232
1359,36.0,108.0,0,0.0068595,202.4013593882753
1360,40.0,108.0,0,0.00681765,195.23942225998303
1361,44.0,108.0,0,0.0067891,208.39286321155487
1362,48.0,108.0,0,0.006791133,210.2599830076465
1363,52.0,108.0,0,0.00680325,230.51962616822448
1364,56.0,108.0,0,0.006804325,285.8922684791844
1365,60.0,108.0,0,0.006774475,286.0316057774003
1366,64.0,108.0,0,0.0067559,285.0283772302464
1367,68.0,108.0,0,0.006749675,274.7174171622771
1368,72.0,108.0,0,0.0067688,226.33950722175018
1369,76.0,108.0,0,0.0069618,198.33271028037393
1370,80.0,108.0,0,0.007086475,194.8492778249788
1371,84.0,108.0,0,0.00718655,182.89413763806283
1372,88.0,108.0,0,0.0072367,186.8791843670349
1373,92.0,108.0,0,0.007224133,209.17315208156333
1374,96.0,108.0,0,0.007236625,182.67119796091765
1375,100.0,108.0,0,0.007320675,239.5208156329652
1376,104.0,108.0,0,0.007153775,222.02005097706024
1377,108.0,108.0,0,0.00688066,234.50467289719631
1378,112.0,108.0,0,0.006995975,246.93355989804604
1379,116.0,108.0,0,0.0070441,296.3983007646559
1380,120.0,108.0,0,0.006974825,225.41988105352584
1381,124.0,108.0,0,0.006875725,227.48207306711993
1382,128.0,108.0,0,0.00693965,235.42429906542066
1383,132.0,108.0,0,0.0070384,258.19201359388285
1384,136.0,108.0,0,0.007074275,259.8083262531861
1385,140.0,108.0,0,0.0070627,255.29379779099418
1386,144.0,108.0,0,0.0070607,270.4258283772301
1387,148.0,108.0,0,0.0070599,288.03806287170755
1388,152.0,108.0,0,0.007047325,299.0735768903994
1389,156.0,108.0,0,0.007014025,293.08207306711984
1390,160.0,108.0,0,0.0069587,259.3903143585385
1391,164.0,108.0,0,0.006898625,242.66983857264245
1392,168.0,108.0,0,0.0068388,236.59473237043335
1393,172.0,108.0,0,0.006801875,276.55666949872557
1394,176.0,108.0,0,0.0067942,286.4217502124045
1395,180.0,108.0,0,0.006834325,294.3918436703484
1396,184.0,108.0,0,0.006945225,238.71265930331356
1397,188.0,108.0,0,0.00708392,240.05029736618553
1398,192.0,108.0,0,0.00716115,208.61580288870005
1399,196.0,108.0,0,0.00715425,193.95751911639763
1400,0.0,112.0,0,0.007052275,272.5716227697535
1401,4.0,112.0,0,0.006965675,270.7602378929482
1402,8.0,112.0,0,0.007114,271.98640611724727
1403,12.0,112.0,0,0.0070607,218.20220900594745
1404,16.0,112.0,0,0.007053825,222.43806287170787
1405,20.0,112.0,0,0.00695442,219.06610025488544
1406,24.0,112.0,0,0.007081025,244.7041631265929
1407,28.0,112.0,0,0.0070318,272.0421410365336
1408,32.0,112.0,0,0.00691475,222.4101954120647
1409,36.0,112.0,0,0.00684285,200.14409515717944
1410,40.0,112.0,0,0.006822175,195.32302463891233
1411,44.0,112.0,0,0.0068295,194.5148683092607
1412,48.0,112.0,0,0.0068085,195.07221750212398
1413,52.0,112.0,0,0.006773125,210.12064570943085
1414,56.0,112.0,0,0.006744775,217.7284621920137
1415,60.0,112.0,0,0.006756625,231.9687340696687
1416,64.0,112.0,0,0.00681132,289.3757009345795
1417,68.0,112.0,0,0.006863925,288.4560747663554
1418,72.0,112.0,0,0.006850275,268.5587085811385
1419,76.0,112.0,0,0.006785625,214.10569243840268
1420,80.0,112.0,0,0.0067597,190.08394222599827
1421,84.0,112.0,0,0.006852375,184.81699235344104
1422,88.0,112.0,0,0.0070173,181.05488530161438
1423,92.0,112.0,0,0.0070204,182.75480033984718
1424,96.0,112.0,0,0.00720205,172.16516567544613
1425,100.0,112.0,0,0.007258325,207.11096006796947
1426,104.0,112.0,0,0.00722772,222.80033984706893
1427,108.0,112.0,0,0.007016375,254.76431605777407
1428,112.0,112.0,0,0.0068201,219.40050977060332
1429,116.0,112.0,0,0.00669815,276.6124044180119
1430,120.0,112.0,0,0.0066938,253.06440101954126
1431,124.0,112.0,0,0.006795775,233.5850467289722
1432,128.0,112.0,0,0.006969075,229.09838572642298
1433,132.0,112.0,0,0.0070424,252.36771452846233
1434,136.0,112.0,0,0.007015325,252.7021240441802
1435,140.0,112.0,0,0.006870775,264.46219201359395
1436,144.0,112.0,0,0.006852875,294.9213254035685
1437,148.0,112.0,0,0.00699416,299.7981308411215
1438,152.0,112.0,0,0.00706005,303.1422259983008
1439,156.0,112.0,0,0.0070642,301.99966015293126
1440,160.0,112.0,0,0.0070523,302.0832625318608
1441,164.0,112.0,0,0.00703975,301.47017841971115
1442,168.0,112.0,0,0.00701175,301.47017841971115
1443,172.0,112.0,0,0.00696295,274.1322005097704
1444,176.0,112.0,0,0.006910367,247.85318606627038
1445,180.0,112.0,0,0.00684955,233.47357689039927
1446,184.0,112.0,0,0.0068102,261.006627017842
1447,188.0,112.0,0,0.0068448,289.1806287170775
1448,192.0,112.0,0,0.0069949,289.1527612574341
1449,196.0,112.0,0,0.0071206,239.2142735768905
1450,0.0,116.0,0,0.007303575,196.29838572642325
1451,4.0,116.0,0,0.007161025,218.20220900594745
1452,8.0,116.0,0,0.00696265,220.01359388275273
1453,12.0,116.0,0,0.0069778,237.90450297366215
1454,16.0,116.0,0,0.00689025,275.1632965165677
1455,20.0,116.0,0,0.007150375,237.8487680543758
1456,24.0,116.0,0,0.00694725,216.08428207306724
1457,28.0,116.0,0,0.0069724,226.59031435853876
1458,32.0,116.0,0,0.00703586,217.75632965165687
1459,36.0,116.0,0,0.006923675,216.92030586236183
1460,40.0,116.0,0,0.006858925,271.56839422259986
1461,44.0,116.0,0,0.006822225,283.27272727272725
1462,48.0,116.0,0,0.0067996,288.3724723874259
1463,52.0,116.0,0,0.006719675,287.03483432455414
1464,56.0,116.0,0,0.006626775,288.31673746813954
1465,60.0,116.0,0,0.006585975,284.4988954970265
1466,64.0,116.0,0,0.006564467,253.1480033984708
1467,68.0,116.0,0,0.006564725,231.02124044180118
1468,72.0,116.0,0,0.00657485,203.2373831775701
1469,76.0,116.0,0,0.00662935,206.9716227697536
1470,80.0,116.0,0,0.00675532,168.59813084112147
1471,84.0,116.0,0,0.0068187,166.14579439252338
1472,88.0,116.0,0,0.0068134,161.51979609175874
1473,92.0,116.0,0,0.006768,169.57349192863217
1474,96.0,116.0,0,0.0067984,230.603228547154
1475,100.0,116.0,0,0.006901025,285.19558198810546
1476,104.0,116.0,0,0.0070752,241.10926083262552
1477,108.0,116.0,0,0.007172775,218.95463041631274
1478,112.0,116.0,0,0.006990033,287.75938827527625
1479,116.0,116.0,0,0.006798225,229.34919286321156
1480,120.0,116.0,0,0.00710365,230.1852166525066
1481,124.0,116.0,0,0.00698165,242.19609175870892
1482,128.0,116.0,0,0.006920475,284.6103653355992
1483,132.0,116.0,0,0.0067319,259.0001699235345
1484,136.0,116.0,0,0.006723775,294.44757858963476
1485,140.0,116.0,0,0.0068476,306.5420560747664
1486,144.0,116.0,0,0.00703535,302.33406966864914
1487,148.0,116.0,0,0.00705,303.58810535259136
1488,152.0,116.0,0,0.007005575,304.9257434154631
1489,156.0,116.0,0,0.006892525,300.2161427357689
1490,160.0,116.0,0,0.006801533,303.69957519116406
1491,164.0,116.0,0,0.006797075,301.2751062022089
1492,168.0,116.0,0,0.006826475,300.41121495327116
1493,172.0,116.0,0,0.00682488,299.9653355989806
1494,176.0,116.0,0,0.006809275,290.9920135938828
1495,180.0,116.0,0,0.006819875,287.00696686491096
1496,184.0,116.0,0,0.0068714,241.66661002548835
1497,188.0,116.0,0,0.0069563,237.65369583687357
1498,192.0,116.0,0,0.00706565,264.46219201359395
1499,196.0,116.0,0,0.0071668,284.38742565845405
1500,0.0,120.0,0,0.00722715,175.89940526762962
1501,4.0,120.0,0,0.00709264,172.4159728122345
1502,8.0,120.0,0,0.00681,167.12115548003408
1503,12.0,120.0,0,0.00702365,219.06610025488544
1504,16.0,120.0,0,0.00707695,210.4829226847919
1505,20.0,120.0,0,0.00710995,214.63517417162257
1506,24.0,120.0,0,0.00696065,265.5490229396771
1507,28.0,120.0,0,0.0070316,282.6596431605776
1508,32.0,120.0,0,0.00702355,268.6701784197112
1509,36.0,120.0,0,0.00689075,220.9053525913339
1510,40.0,120.0,0,0.006824925,218.0350042480884
1511,44.0,120.0,0,0.00681825,218.20220900594745
1512,48.0,120.0,0,0.00671395,233.11129991503822
1513,52.0,120.0,0,0.006611525,227.14766355140205
1514,56.0,120.0,0,0.006558375,223.49702633814786
1515,60.0,120.0,0,0.006551875,227.25913338997452
1516,64.0,120.0,0,0.006570375,222.91180968564163
1517,68.0,120.0,0,0.006607575,222.6052676295667
1518,72.0,120.0,0,0.00664135,213.10246389124904
1519,76.0,120.0,0,0.0066586,199.94902293967698
1520,80.0,120.0,0,0.006651625,225.75429056924395
1521,84.0,120.0,0,0.006636,225.83789294817348
1522,88.0,120.0,0,0.00664385,202.98657604078153
1523,92.0,120.0,0,0.0067162,302.5848768054377
1524,96.0,120.0,0,0.00683225,202.87510620220905
1525,100.0,120.0,0,0.006789425,219.59558198810555
1526,104.0,120.0,0,0.0067186,220.90535259133412
1527,108.0,120.0,0,0.00684005,217.67272727272734
1528,112.0,120.0,0,0.00701745,265.60475785896347
1529,116.0,120.0,0,0.00692925,227.7328802039085
1530,120.0,120.0,0,0.007252025,233.4735768903995
1531,124.0,120.0,0,0.0074352,243.61733220050974
1532,128.0,120.0,0,0.007402975,290.0445199660153
1533,132.0,120.0,0,0.007267575,261.87051826678
1534,136.0,120.0,0,0.007031825,297.6802039082413
1535,140.0,120.0,0,0.007025375,301.69311809685655
1536,144.0,120.0,0,0.006900975,300.60628717077316
1537,148.0,120.0,0,0.00671825,306.4305862361939
1538,152.0,120.0,0,0.00668295,302.1668649107903
1539,156.0,120.0,0,0.006759025,272.5158878504674
1540,160.0,120.0,0,0.0069241,262.81801189464727
1541,164.0,120.0,0,0.007032675,235.675106202209
1542,168.0,120.0,0,0.007064,233.86372132540373
1543,172.0,120.0,0,0.0070708,234.2259983007648
1544,176.0,120.0,0,0.00706685,232.30314358538658
1545,180.0,120.0,0,0.00705605,254.402039082413
1546,184.0,120.0,0,0.0070666,267.4718776550553
1547,188.0,120.0,0,0.0070751,290.29532710280387
1548,192.0,120.0,0,0.007093425,255.6839422259984
1549,196.0,120.0,0,0.0070863,233.69651656754468
1550,0.0,124.0,0,0.007001725,172.6389124893799
1551,4.0,124.0,0,0.006952125,174.72897196261692
1552,8.0,124.0,0,0.006555375,175.11911639762093
1553,12.0,124.0,0,0.0070285,181.64010195412084
1554,16.0,124.0,0,0.007124425,165.97858963466456
1555,20.0,124.0,0,0.00711345,212.40577740016988
1556,24.0,124.0,0,0.007148775,197.7196261682243
1557,28.0,124.0,0,0.0069817,212.4893797790994
1558,32.0,124.0,0,0.007059875,231.82939677145305
1559,36.0,124.0,0,0.006999175,261.92625318606633
1560,40.0,124.0,0,0.006860975,261.3967714528462
1561,44.0,124.0,0,0.00681495,289.4035683942227
1562,48.0,124.0,0,0.0068034,290.49039932030587
1563,52.0,124.0,0,0.00669235,286.92336448598144
1564,56.0,124.0,0,0.006590875,292.85913338997443
1565,60.0,124.0,0,0.006559875,296.8720475785897
1566,64.0,124.0,0,0.006579875,287.8429906542058
1567,68.0,124.0,0,0.00666085,256.15768903993217
1568,72.0,124.0,0,0.00677875,260.19847068819035
1569,76.0,124.0,0,0.006857575,302.8914188615124
1570,80.0,124.0,0,0.0068935,214.02209005947316
1571,84.0,124.0,0,0.00689645,215.22039082412903
1572,88.0,124.0,0,0.006905525,226.6460492778249
1573,92.0,124.0,0,0.006908425,213.38113848768057
1574,96.0,124.0,0,0.006865875,227.5099405267631
1575,100.0,124.0,0,0.006787275,234.17026338147843
1576,104.0,124.0,0,0.0067042,264.2949872557349
1577,108.0,124.0,0,0.006785175,220.57094307561601
1578,112.0,124.0,0,0.00682455,253.6774851316909
1579,116.0,124.0,0,0.006739775,251.4202209005948
1580,120.0,124.0,0,0.006870325,263.82124044180136
1581,124.0,124.0,0,0.0074093,268.6701784197112
1582,128.0,124.0,0,0.007420725,299.74239592183517
1583,132.0,124.0,0,0.007429225,302.02752761257443
1584,136.0,124.0,0,0.007399625,305.4552251486832
1585,140.0,124.0,0,0.007312725,306.291248937978
1586,144.0,124.0,0,0.00727035,275.1354290569245
1587,148.0,124.0,0,0.007067425,237.54222599830086
1588,152.0,124.0,0,0.007072275,261.73118096856433
1589,156.0,124.0,0,0.006900925,286.0316057774003
1590,160.0,124.0,0,0.006846875,252.20050977060328
1591,164.0,124.0,0,0.006758675,246.6270178419711
1592,168.0,124.0,0,0.006715725,262.7901444350043
1593,172.0,124.0,0,0.006661875,256.4363636363637
1594,176.0,124.0,0,0.0066687,257.2723874256585
1595,180.0,124.0,0,0.0066666,262.73440951571797
1596,184.0,124.0,0,0.006662375,283.8579439252337
1597,188.0,124.0,0,0.006663025,222.1872557349193
1598,192.0,124.0,0,0.006690775,255.6003398470691
1599,196.0,124.0,0,0.006761475,249.63670348343248
1600,0.0,128.0,0,0.006838525,240.02242990654213
1601,4.0,128.0,0,0.0069218,272.9060322854716
1602,8.0,128.0,0,0.007148325,182.53186066270177
1603,12.0,128.0,0,0.0071526,161.3247238742565
1604,16.0,128.0,0,0.007024775,172.88971962616824
1605,20.0,128.0,0,0.0070032,168.09651656754454
1606,24.0,128.0,0,0.006975875,173.0569243840273
1607,28.0,128.0,0,0.007045675,182.3089209855566
1608,32.0,128.0,0,0.0069045,171.63568394222602
1609,36.0,128.0,0,0.006834325,196.0197111299915
1610,40.0,128.0,0,0.006800475,233.5850467289722
1611,44.0,128.0,0,0.006792775,205.02090059473244
1612,48.0,128.0,0,0.006666075,214.49583687340692
1613,52.0,128.0,0,0.006572575,212.12710280373835
1614,56.0,128.0,0,0.0065688,220.54307561597284
1615,60.0,128.0,0,0.006647775,228.5689039932031
1616,64.0,128.0,0,0.0068043,229.79507221750214
1617,68.0,128.0,0,0.00686985,213.10246389124904
1618,72.0,128.0,0,0.006844075,201.84401019541224
1619,76.0,128.0,0,0.00680645,262.67867459643185
1620,80.0,128.0,0,0.00680015,172.97332200509777
1621,84.0,128.0,0,0.006792675,188.69056924384017
1622,88.0,128.0,0,0.00679425,174.28309260832634
1623,92.0,128.0,0,0.006800825,240.96992353440965
1624,96.0,128.0,0,0.006814167,237.01274426508076
1625,100.0,128.0,0,0.006832325,288.2052676295666
1626,104.0,128.0,0,0.0068691,284.74970263381465
1627,108.0,128.0,0,0.0069443,238.82412914188626
1628,112.0,128.0,0,0.00679915,240.7191163976213
1629,116.0,128.0,0,0.00680838,242.44689889549704
1630,120.0,128.0,0,0.006819875,294.0853016142737
1631,124.0,128.0,0,0.006876475,265.1867459643163
1632,128.0,128.0,0,0.007275125,296.8999150382331
1633,132.0,128.0,0,0.007036775,301.8603228547154
1634,136.0,128.0,0,0.0071378,303.58810535259136
1635,140.0,128.0,0,0.0073584,303.92251486830946
1636,144.0,128.0,0,0.00736415,273.324044180119
1637,148.0,128.0,0,0.007371167,247.63024638912498
1638,152.0,128.0,0,0.007410275,280.0401019541207
1639,156.0,128.0,0,0.007386225,250.08258283772307
1640,160.0,128.0,0,0.0072962,257.5789294817332
1641,164.0,128.0,0,0.00727706,260.0591333899747
1642,168.0,128.0,0,0.007147525,269.0603228547154
1643,172.0,128.0,0,0.00702475,267.416142735769
1644,176.0,128.0,0,0.00705835,265.54902293967734
1645,180.0,128.0,0,0.00694715,263.5704333050128
1646,184.0,128.0,0,0.006890225,262.14919286321174
1647,188.0,128.0,0,0.0068544,266.7751911639764
1648,192.0,128.0,0,0.006824775,266.2457094307563
1649,196.0,128.0,0,0.0068152,252.00543755310127
1650,0.0,132.0,0,0.00672955,258.9723024638913
1651,4.0,132.0,0,0.007274525,261.6475785896346
1652,8.0,132.0,0,0.00730602,258.61002548853
1653,12.0,132.0,0,0.007231875,288.8740866610026
1654,16.0,132.0,0,0.007045825,226.45097706032288
1655,20.0,132.0,0,0.006909625,161.63126593033144
1656,24.0,132.0,0,0.006872325,186.57264231095996
1657,28.0,132.0,0,0.0069302,170.85539507221756
1658,32.0,132.0,0,0.007026025,171.44061172472402
1659,36.0,132.0,0,0.00698975,172.8339847068819
1660,40.0,132.0,0,0.006811033,171.5520815632965
1661,44.0,132.0,0,0.006780775,167.92931180968571
1662,48.0,132.0,0,0.00681875,160.5165675446051
1663,52.0,132.0,0,0.00669185,153.41036533559918
1664,56.0,132.0,0,0.00657484,150.95802888700086
1665,60.0,132.0,0,0.006564325,150.2892098555651
1666,64.0,132.0,0,0.00666,159.48547153780805
1667,68.0,132.0,0,0.006818475,183.117077315208
1668,72.0,132.0,0,0.006857425,190.41835174171615
1669,76.0,132.0,0,0.006832833,190.39048428207298
1670,80.0,132.0,0,0.006789325,242.3911639762107
1671,84.0,132.0,0,0.0067667,265.82769753610864
1672,88.0,132.0,0,0.0067079,284.77757009345805
1673,92.0,132.0,0,0.0066884,270.7045029736621
1674,96.0,132.0,0,0.006679925,246.79422259983016
1675,100.0,132.0,0,0.0066803,238.68479184367038
1676,104.0,132.0,0,0.00667985,247.40730671197957
1677,108.0,132.0,0,0.00669045,271.37332200509763
1678,112.0,132.0,0,0.006716675,256.4363636363637
1679,116.0,132.0,0,0.00677,285.47425658453676
1680,120.0,132.0,0,0.006833033,301.2193712829228
1681,124.0,132.0,0,0.0068534,301.609515717927
1682,128.0,132.0,0,0.006859175,306.4027187765505
1683,132.0,132.0,0,0.007231925,280.9875955819882
1684,136.0,132.0,0,0.00666888,234.7554800339849
1685,140.0,132.0,0,0.0067281,283.6628717077315
1686,144.0,132.0,0,0.00688545,250.50059473237047
1687,148.0,132.0,0,0.006857375,257.52319456244686
1688,152.0,132.0,0,0.00720735,267.6669498725573
1689,156.0,132.0,0,0.007371575,268.3636363636365
1690,160.0,132.0,0,0.007349075,269.0603228547154
1691,164.0,132.0,0,0.007391475,266.3293118096856
1692,168.0,132.0,0,0.0074053,261.39677145284645
1693,172.0,132.0,0,0.007409075,264.0999150382329
1694,176.0,132.0,0,0.007392725,262.8180118946475
1695,180.0,132.0,0,0.007382725,259.7525913339
1696,184.0,132.0,0,0.0073935,257.7182667799491
1697,188.0,132.0,0,0.00745212,257.6067969413764
1698,192.0,132.0,0,0.007531225,260.08700084961765
1699,196.0,132.0,0,0.00754025,264.2671197960917
1700,0.0,136.0,0,0.007283125,215.13678844519973
1701,4.0,136.0,0,0.00720085,193.76244689889563
1702,8.0,136.0,0,0.007001975,211.31894647408672
1703,12.0,136.0,0,0.006933833,245.67952421410382
1704,16.0,136.0,0,0.006930825,258.4428207306712
1705,20.0,136.0,0,0.006943,237.17994902293958
1706,24.0,136.0,0,0.0070132,290.07238742565846
1707,28.0,136.0,0,0.00702548,241.30433305012752
1708,32.0,136.0,0,0.006839625,169.04401019541206
1709,36.0,136.0,0,0.006802875,178.63041631265946
1710,40.0,136.0,0,0.006808475,163.63772302463894
1711,44.0,136.0,0,0.00674345,173.14052676295682
1712,48.0,136.0,0,0.0066031,171.97009345794413
1713,52.0,136.0,0,0.0065535,171.9700934579439
1714,56.0,136.0,0,0.006600775,174.92404418011915
1715,60.0,136.0,0,0.00676035,186.4333050127443
1716,64.0,136.0,0,0.006862575,200.75717926932907
1717,68.0,136.0,0,0.0068394,210.7894647408666
1718,72.0,136.0,0,0.006784275,207.36176720475783
1719,76.0,136.0,0,0.0067419,205.85692438402702
1720,80.0,136.0,0,0.00668664,197.02293967714536
1721,84.0,136.0,0,0.00668565,203.90620220900587
1722,88.0,136.0,0,0.0066878,213.6876805437555
1723,92.0,136.0,0,0.006695275,227.8164825828378
1724,96.0,136.0,0,0.00669985,242.89277824978763
1725,100.0,136.0,0,0.0066991,257.13305012744263
1726,104.0,136.0,0,0.0066952,276.80747663551415
1727,108.0,136.0,0,0.006690967,262.9016142735768
1728,112.0,136.0,0,0.0066835,257.7182667799491
1729,116.0,136.0,0,0.006673525,302.41767204757866
1730,120.0,136.0,0,0.00666926,301.5259133389975
1731,124.0,136.0,0,0.006694675,303.7831775700936
1732,128.0,136.0,0,0.006792575,305.95683942226015
1733,132.0,136.0,0,0.0069254,259.8083262531861
1734,136.0,136.0,0,0.0068011,255.76754460492793
1735,140.0,136.0,0,0.0070423,267.3604078164826
1736,144.0,136.0,0,0.0071212,256.91011045029745
1737,148.0,136.0,0,0.006975333,270.00781648258294
1738,152.0,136.0,0,0.006706325,276.05505522514886
1739,156.0,136.0,0,0.006637025,263.73763806287184
1740,160.0,136.0,0,0.006899225,272.460152931181
1741,164.0,136.0,0,0.006775875,264.99167374681406
1742,168.0,136.0,0,0.0071262,268.4751062022092
1743,172.0,136.0,0,0.00738575,263.9884451996602
1744,176.0,136.0,0,0.0073656,258.4706881903144
1745,180.0,136.0,0,0.007439675,258.219881053526
1746,184.0,136.0,0,0.007427875,258.3034834324553
1747,188.0,136.0,0,0.007388325,255.87901444350064
1748,192.0,136.0,0,0.0073446,256.79864061172475
1749,196.0,136.0,0,0.0073156,251.16941376380646
1750,0.0,140.0,0,0.00719765,252.89719626168244
1751,4.0,140.0,0,0.007198575,243.00424808836033
1752,8.0,140.0,0,0.0072584,246.65488530161429
1753,12.0,140.0,0,0.00726992,198.49991503823298
1754,16.0,140.0,0,0.007219475,211.207476635514
1755,20.0,140.0,0,0.007173125,232.44248088360246
1756,24.0,140.0,0,0.00708465,263.4589634664403
1757,28.0,140.0,0,0.0069864,232.99983007646574
1758,32.0,140.0,0,0.006819575,289.960917587086
1759,36.0,140.0,0,0.006744875,225.2805437553102
1760,40.0,140.0,0,0.006797775,190.13967714528462
1761,44.0,140.0,0,0.006845133,169.15548003398476
1762,48.0,140.0,0,0.00664235,163.136108751062
1763,52.0,140.0,0,0.006550725,163.33118096856424
1764,56.0,140.0,0,0.006551525,166.06219201359386
1765,60.0,140.0,0,0.0066579,168.26372132540382
1766,64.0,140.0,0,0.00685282,172.05369583687343
1767,68.0,140.0,0,0.006848,187.8545454545456
1768,72.0,140.0,0,0.0067801,225.2805437553102
1769,76.0,140.0,0,0.006754725,234.8390824129142
1770,80.0,140.0,0,0.00668105,247.4909090909091
1771,84.0,140.0,0,0.006688225,241.69447748513176
1772,88.0,140.0,0,0.006700675,243.7845369583688
1773,92.0,140.0,0,0.006717225,285.72506372132534
1774,96.0,140.0,0,0.00673365,288.26100254885296
1775,100.0,140.0,0,0.006746267,256.2134239592183
1776,104.0,140.0,0,0.00674645,244.81563296516583
1777,108.0,140.0,0,0.006749225,303.1979609175871
1778,112.0,140.0,0,0.0067509,301.47017841971115
1779,116.0,140.0,0,0.006744025,304.98147833474945
1780,120.0,140.0,0,0.006728375,284.88903993203076
1781,124.0,140.0,0,0.0067085,233.64078164825833
1782,128.0,140.0,0,0.006696325,282.687510620221
1783,132.0,140.0,0,0.006673325,255.934749362787
1784,136.0,140.0,0,0.0068079,257.5789294817332
1785,140.0,140.0,0,0.0069961,267.8620220900593
1786,144.0,140.0,0,0.00673295,272.43228547153785
1787,148.0,140.0,0,0.006832475,280.51384876805446
1788,152.0,140.0,0,0.006866767,272.2093457943927
1789,156.0,140.0,0,0.007114175,263.7933729821582
1790,160.0,140.0,0,0.006994625,257.04944774851333
1791,164.0,140.0,0,0.006801475,251.7546304163127
1792,168.0,140.0,0,0.00664416,249.6088360237893
1793,172.0,140.0,0,0.00681515,247.26796941376392
1794,176.0,140.0,0,0.00685225,249.97111299915036
1795,180.0,140.0,0,0.007088375,252.42344944774868
1796,184.0,140.0,0,0.007334825,259.278844519966
1797,188.0,140.0,0,0.007367975,253.06440101954126
1798,192.0,140.0,0,0.007418675,254.59711129991524
1799,196.0,140.0,0,0.0074131,253.5660152931182
1800,0.0,144.0,0,0.0073657,263.7376380628716
1801,4.0,144.0,0,0.0072814,251.58742565845387
1802,8.0,144.0,0,0.007164675,268.19643160577743
1803,12.0,144.0,0,0.00707142,282.13016142735773
1804,16.0,144.0,0,0.00693755,257.9133389974511
1805,20.0,144.0,0,0.006978825,230.07374681393367
1806,24.0,144.0,0,0.006966025,230.35242141036542
1807,28.0,144.0,0,0.006734225,195.23942225998303
1808,32.0,144.0,0,0.0067775,214.3007646559049
1809,36.0,144.0,0,0.0068318,254.15123194562443
1810,40.0,144.0,0,0.006801,256.3248937977912
1811,44.0,144.0,0,0.0066581,237.98810535259122
1812,48.0,144.0,0,0.006551525,281.3220050977061
1813,52.0,144.0,0,0.006573425,288.9576890399321
1814,56.0,144.0,0,0.00674665,230.10161427357684
1815,60.0,144.0,0,0.00687955,232.4703483432454
1816,64.0,144.0,0,0.006841225,206.72081563296524
1817,68.0,144.0,0,0.00678602,206.4421410365337
1818,72.0,144.0,0,0.0067306,227.8164825828378
1819,76.0,144.0,0,0.006684675,237.12421410365346
1820,80.0,144.0,0,0.00669085,259.64112149532707
1821,84.0,144.0,0,0.006709775,269.3389974511472
1822,88.0,144.0,0,0.0067375,289.1248937977912
1823,92.0,144.0,0,0.0067489,257.6903993203059
1824,96.0,144.0,0,0.0067492,241.7502124044181
1825,100.0,144.0,0,0.006750525,239.15853865760414
1826,104.0,144.0,0,0.0067674,267.10960067969427
1827,108.0,144.0,0,0.00677652,293.4443500424809
1828,112.0,144.0,0,0.00676685,292.41325403568385
1829,116.0,144.0,0,0.006746025,256.15768903993217
1830,120.0,144.0,0,0.00674425,256.91011045029745
1831,124.0,144.0,0,0.006761825,276.8632115548003
1832,128.0,144.0,0,0.006762275,253.06440101954126
1833,132.0,144.0,0,0.00675835,259.473916737468
1834,136.0,144.0,0,0.0067303,269.81274426508094
1835,140.0,144.0,0,0.00681175,268.3636363636365
1836,144.0,144.0,0,0.006648467,271.8192013593882
1837,148.0,144.0,0,0.0067334,268.642310960068
1838,152.0,144.0,0,0.0067178,267.3325403568392
1839,156.0,144.0,0,0.00666666,246.82209005947334
1840,160.0,144.0,0,0.006640475,244.28615123194572
1841,164.0,144.0,0,0.0067133,245.73525913338995
1842,168.0,144.0,0,0.00691015,260.7836873406966
1843,172.0,144.0,0,0.0069386,255.76754460492793
1844,176.0,144.0,0,0.0071148,283.551401869159
1845,180.0,144.0,0,0.006892675,266.71945624469004
1846,184.0,144.0,0,0.006686067,281.3220050977061
1847,188.0,144.0,0,0.0066326,273.57485131690737
1848,192.0,144.0,0,0.0068424,273.96499575191183
1849,196.0,144.0,0,0.0068488,253.8725573491929
1850,0.0,148.0,0,0.0070981,258.4706881903144
1851,4.0,148.0,0,0.0072113,259.02803738317766
1852,8.0,148.0,0,0.007235725,260.8951571792695
1853,12.0,148.0,0,0.00716425,258.1084112149533
1854,16.0,148.0,0,0.0070103,268.9488530161427
1855,20.0,148.0,0,0.006889267,280.2630416312661
1856,24.0,148.0,0,0.0068922,254.12336448598148
1857,28.0,148.0,0,0.00672075,231.16057774001706
1858,32.0,148.0,0,0.006714,226.116567544605
1859,36.0,148.0,0,0.006799575,202.98657604078176
1860,40.0,148.0,0,0.006823675,220.01359388275273
1861,44.0,148.0,0,0.00669495,235.08988954970278
1862,48.0,148.0,0,0.0066208,255.01512319456242
1863,52.0,148.0,0,0.006697067,265.9949022939679
1864,56.0,148.0,0,0.006871525,259.47391673746824
1865,60.0,148.0,0,0.006875575,255.40526762956688
1866,64.0,148.0,0,0.00679804,246.90569243840287
1867,68.0,148.0,0,0.006774375,258.44282073067143
1868,72.0,148.0,0,0.0067159,261.81478334749363
1869,76.0,148.0,0,0.00668045,265.96703483432475
1870,80.0,148.0,0,0.006695225,259.947663551402
1871,84.0,148.0,0,0.00672775,247.54664401019545
1872,88.0,148.0,0,0.0067527,232.02446898895505
1873,92.0,148.0,0,0.006760567,245.40084961767207
1874,96.0,148.0,0,0.006768625,261.9541206457095
1875,100.0,148.0,0,0.00681235,249.58096856414613
1876,104.0,148.0,0,0.006860725,223.8871707731521
1877,108.0,148.0,0,0.00685876,259.89192863211565
1878,112.0,148.0,0,0.00682145,252.67425658453703
1879,116.0,148.0,0,0.0068104,264.4900594732371
1880,120.0,148.0,0,0.0068005,267.97349192863226
1881,124.0,148.0,0,0.006802025,268.89311809685637
1882,128.0,148.0,0,0.006783125,269.9520815632966
1883,132.0,148.0,0,0.006782533,262.53933729821597
1884,136.0,148.0,0,0.0067719,267.416142735769
1885,140.0,148.0,0,0.006769325,266.46864910790146
1886,144.0,148.0,0,0.00679934,255.6839422259984
1887,148.0,148.0,0,0.006749275,247.85318606627015
1888,152.0,148.0,0,0.006788725,243.7845369583688
1889,156.0,148.0,0,0.006779075,258.219881053526
1890,160.0,148.0,0,0.006758075,253.51028037383185
1891,164.0,148.0,0,0.0067217,258.5821580288871
1892,168.0,148.0,0,0.006679567,229.4049277824979
1893,172.0,148.0,0,0.006628225,227.6214103653358
1894,176.0,148.0,0,0.006709625,226.95259133389982
1895,180.0,148.0,0,0.00689076,232.1638062871707
1896,184.0,148.0,0,0.00692845,227.34273576890428
1897,188.0,148.0,0,0.00710775,228.90331350892097
1898,192.0,148.0,0,0.006951025,236.87340696686488
1899,196.0,148.0,0,0.00679105,269.2832625318608
