,Ancho_espectral,Potencia,Theta2,Theta1,Theta3,Clases
0,232.8047578589635,7.032475,0.0,0.0,0,1
1,228.4853016142736,7.0215499999999995,0.0,4.0,0,1
2,226.4788445199661,7.020225,0.0,8.0,0,2
3,227.70501274426488,7.014374999999999,0.0,12.0,0,2
4,229.9901444350041,7.0122,0.0,16.0,0,1
5,228.95904842820727,7.0259,0.0,20.0,0,1
6,216.9760407816484,7.041575,0.0,24.0,0,2
7,203.9062022090061,7.08165,0.0,28.0,0,2
8,192.20186915887848,7.135225,0.0,32.0,0,2
9,196.5491928632116,7.17515,0.0,36.0,0,2
10,208.4764655904844,7.115525,0.0,40.0,0,2
11,242.64197111299927,6.962725000000001,0.0,44.0,0,1
12,297.95887850467307,6.71885,0.0,48.0,0,1
13,240.35683942226,6.7494499999999995,0.0,52.0,0,2
14,268.2521665250638,6.774875,0.0,56.0,0,1
15,273.49124893797807,6.6511499999999995,0.0,60.0,0,1
16,284.7775700934578,6.587525,0.0,64.0,0,1
17,289.1248937977912,6.5959,0.0,68.0,0,1
18,290.60186915887857,6.62345,0.0,72.0,0,1
19,283.3284621920136,6.652675,0.0,76.0,0,1
20,271.2618521665252,6.676375,0.0,80.0,0,1
21,260.81155480034,6.708175000000001,0.0,84.0,0,1
22,255.5724723874257,6.74605,0.0,88.0,0,1
23,258.414953271028,6.789525,0.0,92.0,0,1
24,284.5267629566695,6.7881,0.0,96.0,0,1
25,280.1794392523366,6.815375,0.0,100.0,0,1
26,236.00951571792712,6.9023,0.0,104.0,0,1
27,221.26762956669492,6.937675,0.0,108.0,0,2
28,218.0628717077316,6.94735,0.0,112.0,0,2
29,218.67595581988095,6.94645,0.0,116.0,0,2
30,224.38878504672903,6.926725,0.0,120.0,0,2
31,241.02565845369577,6.89195,0.0,124.0,0,1
32,246.32047578589663,6.869375,0.0,128.0,0,1
33,250.50059473237047,6.862125,0.0,132.0,0,1
34,247.32370433305027,6.870875,0.0,136.0,0,1
35,246.26474086661003,6.896425000000001,0.0,140.0,0,1
36,239.4093457943925,6.926175,0.0,144.0,0,1
37,230.3802888700086,6.95835,0.0,148.0,0,1
38,227.14766355140205,6.986375000000001,0.0,152.0,0,1
39,215.331860662702,7.0271,0.0,156.0,0,2
40,266.9702633814784,6.948475,0.0,160.0,0,1
41,250.2497875955821,6.912425,0.0,164.0,0,1
42,249.55310110450296,6.885975,0.0,168.0,0,1
43,263.6819031435855,6.87865,0.0,172.0,0,1
44,256.1298215802888,6.96595,0.0,176.0,0,1
45,233.0555649957519,7.0036,0.0,180.0,0,1
46,247.12863211554804,6.967700000000001,0.0,184.0,0,1
47,267.52761257434145,6.928525,0.0,188.0,0,1
48,283.74647408666124,6.8930750000000005,0.0,192.0,0,1
49,201.1194562446899,7.114050000000001,4.0,0.0,0,2
50,205.82905692438408,7.10745,4.0,4.0,0,2
51,213.68768054375528,7.07745,4.0,8.0,0,2
52,225.3641461342397,7.044775,4.0,12.0,0,1
53,229.5999999999999,7.0045,4.0,16.0,0,1
54,234.1981308411216,6.99285,4.0,20.0,0,1
55,237.90450297366192,7.00315,4.0,24.0,0,1
56,230.43602378929472,7.016625,4.0,28.0,0,1
57,235.3685641461343,7.026475,4.0,32.0,0,1
58,220.06932880203908,7.038975000000001,4.0,36.0,0,2
59,205.91265930331335,7.06675,4.0,40.0,0,2
60,199.44740866610027,7.09755,4.0,44.0,0,2
61,201.2309260832626,7.14535,4.0,48.0,0,2
62,202.56856414613435,7.13015,4.0,52.0,0,2
63,219.4005097706033,7.054925,4.0,56.0,0,2
64,250.2497875955819,6.903300000000001,4.0,60.0,0,1
65,302.5848768054377,6.692375,4.0,64.0,0,1
66,239.4093457943925,6.77225,4.0,68.0,0,2
67,266.9423959218352,6.774825,4.0,72.0,0,1
68,270.565165675446,6.6695,4.0,76.0,0,1
69,289.7101104502974,6.596725,4.0,80.0,0,1
70,282.882582837723,6.5946750000000005,4.0,84.0,0,1
71,294.55904842820723,6.61025,4.0,88.0,0,1
72,290.1838572642314,6.624149999999999,4.0,92.0,0,1
73,286.0037383177571,6.639925,4.0,96.0,0,1
74,289.1248937977912,6.663075,4.0,100.0,0,1
75,265.85556499575205,6.70285,4.0,104.0,0,1
76,254.6807136788445,6.757575,4.0,108.0,0,1
77,285.50212404418016,6.805175,4.0,112.0,0,1
78,275.7763806287171,6.8081249999999995,4.0,116.0,0,1
79,277.83857264231096,6.844425,4.0,120.0,0,1
80,221.239762107052,6.9378,4.0,124.0,0,2
81,219.3169073916738,6.970750000000001,4.0,128.0,0,2
82,219.37264231096012,6.969975,4.0,132.0,0,2
83,224.27731520815652,6.966275,4.0,136.0,0,2
84,226.84112149532712,6.9523,4.0,140.0,0,2
85,230.54749362786765,6.945375,4.0,144.0,0,1
86,235.8980458793544,6.9582999999999995,4.0,148.0,0,1
87,233.64078164825835,6.968233,4.0,152.0,0,1
88,229.29345794392543,6.988875,4.0,156.0,0,1
89,216.2236193712829,7.018475,4.0,160.0,0,2
90,248.3548003398471,6.99665,4.0,164.0,0,1
91,270.9274426508073,,4.0,168.0,0,0
92,263.82124044180114,,4.0,172.0,0,0
93,235.45216652506383,7.003900000000001,4.0,176.0,0,1
94,251.3087510620221,6.9586250000000005,4.0,180.0,0,1
95,236.9848768054378,6.968249999999999,4.0,184.0,0,1
96,239.1864061172473,6.976274999999999,4.0,188.0,0,1
97,240.32897196261703,6.9523,4.0,192.0,0,1
98,226.20016992353453,6.961625,8.0,0.0,0,2
99,210.56652506372143,7.003833,8.0,4.0,0,2
100,205.63398470688185,7.0512250000000005,8.0,8.0,0,2
101,190.39048428207295,7.099975,8.0,12.0,0,2
102,194.2083262531862,7.120925,8.0,16.0,0,2
103,198.3048428207308,7.097167,8.0,20.0,0,2
104,209.3403568394224,7.059625,8.0,24.0,0,2
105,219.42837723024627,7.027575000000001,8.0,28.0,0,2
106,219.3169073916738,7.00075,8.0,32.0,0,2
107,222.66100254885305,6.987225,8.0,36.0,0,2
108,219.81852166525076,6.993799999999999,8.0,40.0,0,2
109,215.38759558198808,7.034725000000001,8.0,44.0,0,2
110,209.3960917587085,7.0625,8.0,48.0,0,2
111,204.85369583687336,7.090199999999999,8.0,52.0,0,2
112,204.68649107901456,7.10585,8.0,56.0,0,2
113,216.64163126593053,7.072933,8.0,60.0,0,2
114,234.1423959218353,7.015925,8.0,64.0,0,1
115,259.1673746813933,6.859025,8.0,68.0,0,1
116,294.5033135089211,6.6935,8.0,72.0,0,1
117,239.8552251486833,6.771625,8.0,76.0,0,2
118,236.73406966864923,6.8132,8.0,80.0,0,2
119,265.85556499575205,6.72755,8.0,84.0,0,1
120,282.4924384027188,6.624350000000001,8.0,88.0,0,1
121,287.0627017841971,6.587733,8.0,92.0,0,1
122,289.43143585386565,6.5842670000000005,8.0,96.0,0,1
123,292.66406117247243,6.5923,8.0,100.0,0,1
124,285.94800339847075,6.618225,8.0,104.0,0,1
125,288.79048428207307,6.660567,8.0,108.0,0,1
126,285.75293118096874,6.690575,8.0,112.0,0,1
127,285.41852166525064,6.71225,8.0,116.0,0,1
128,259.78045879354295,6.7572,8.0,120.0,0,1
129,261.3689039932033,6.80825,8.0,124.0,0,1
130,289.9887850467292,6.821733,8.0,128.0,0,1
131,265.4654205607478,6.881367,8.0,132.0,0,1
132,226.39524214103653,6.944133,8.0,136.0,0,2
133,217.97926932880227,6.99955,8.0,140.0,0,2
134,217.36618521665264,7.008,8.0,144.0,0,2
135,215.94494477485136,7.015467,8.0,148.0,0,2
136,222.74460492778235,7.022825,8.0,152.0,0,1
137,224.80679694137643,7.027375,8.0,156.0,0,1
138,254.7364485981309,6.9394670000000005,8.0,160.0,0,1
139,286.05947323704345,6.907125,8.0,164.0,0,1
140,259.3067119796094,6.879675,8.0,168.0,0,1
141,235.00628717077325,6.97105,8.0,172.0,0,1
142,237.34715378079864,6.9959999999999996,8.0,176.0,0,1
143,222.82820730671187,7.033099999999999,8.0,180.0,0,1
144,238.26677994902295,6.983750000000001,8.0,184.0,0,1
145,244.95497026338148,6.959425,8.0,188.0,0,1
146,247.0171622769753,6.9477,8.0,192.0,0,1
147,281.5449447748515,6.6875,12.0,0.0,0,1
148,284.02514868309254,6.706799999999999,12.0,4.0,0,1
149,255.7118096856416,6.800067,12.0,8.0,0,1
150,226.95259133389985,6.8980999999999995,12.0,12.0,0,2
151,210.25998300764672,7.0054,12.0,16.0,0,2
152,203.4045879354289,,12.0,20.0,0,0
153,189.8610025488533,,12.0,24.0,0,0
154,194.5148683092609,7.0101,12.0,28.0,0,2
155,210.3993203058626,7.060233,12.0,32.0,0,2
156,212.6565845369585,7.06705,12.0,36.0,0,2
157,214.7466440101955,7.0709,12.0,40.0,0,2
158,208.72727272727275,7.074574999999999,12.0,44.0,0,2
159,200.9243840271879,7.075699999999999,12.0,48.0,0,2
160,200.92438402718767,7.0713,12.0,52.0,0,2
161,205.41104502973667,7.0392,12.0,56.0,0,2
162,211.7369583687341,7.0351,12.0,60.0,0,2
163,230.32455395072225,,12.0,64.0,0,0
164,246.90569243840287,6.94065,12.0,68.0,0,1
165,253.48241291418867,6.875767,12.0,72.0,0,1
166,269.4225998300767,6.813225,12.0,76.0,0,1
167,295.08853016142734,6.732824999999999,12.0,80.0,0,1
168,257.4953271028037,6.7688749999999995,12.0,84.0,0,1
169,226.75751911639784,6.824867,12.0,88.0,0,2
170,238.6569243840272,6.8275250000000005,12.0,92.0,0,2
171,258.97230246389154,6.774675,12.0,96.0,0,1
172,275.19116397621065,6.679,12.0,100.0,0,1
173,271.8192013593882,6.670599999999999,12.0,104.0,0,1
174,271.48479184367034,6.6607,12.0,108.0,0,1
175,272.85029736618526,6.712867,12.0,112.0,0,1
176,275.6091758708583,6.7229,12.0,116.0,0,1
177,275.6927782497878,6.72915,12.0,120.0,0,1
178,266.6637213254037,6.7524999999999995,12.0,124.0,0,1
179,279.8728971962619,6.765675,12.0,128.0,0,1
180,284.8611724723876,6.787125,12.0,132.0,0,1
181,260.81155480034,6.809625,12.0,136.0,0,1
182,261.2853016142737,6.842025,12.0,140.0,0,1
183,290.2674596431607,6.890325,12.0,144.0,0,1
184,281.461342395922,6.91725,12.0,148.0,0,1
185,283.8300764655908,6.93225,12.0,152.0,0,1
186,286.58895497026333,6.932825,12.0,156.0,0,1
187,250.63993203058635,6.8966,12.0,160.0,0,1
188,258.7772302463891,6.845175,12.0,164.0,0,1
189,228.4853016142736,6.9795,12.0,168.0,0,1
190,233.2227697536109,7.003875,12.0,172.0,0,1
191,229.29345794392543,7.0111,12.0,176.0,0,1
192,242.1124893797792,6.9913,12.0,180.0,0,1
193,234.69974511469852,6.9838000000000005,12.0,184.0,0,1
194,230.21308411214957,6.98585,12.0,188.0,0,1
195,232.55395072217493,6.981575,12.0,192.0,0,1
196,269.1996601529311,6.68715,16.0,0.0,0,1
197,285.279184367035,6.702,16.0,4.0,0,1
198,284.1923534409516,6.757775,16.0,8.0,0,1
199,259.25097706032307,6.8191,16.0,12.0,0,1
200,245.2057774001701,6.8814,16.0,16.0,0,1
201,227.90008496176733,6.9286,16.0,20.0,0,2
202,222.3823279524213,6.9513,16.0,24.0,0,2
203,221.434834324554,6.95605,16.0,28.0,0,2
204,223.1347493627868,6.949249999999999,16.0,32.0,0,2
205,229.18198810535276,6.9302,16.0,36.0,0,2
206,247.93678844519968,6.91095,16.0,40.0,0,1
207,270.7045029736619,6.8817,16.0,44.0,0,1
208,284.9447748513169,6.8563,16.0,48.0,0,1
209,292.9427357689042,6.8353,16.0,52.0,0,1
210,290.3510620220902,6.8231,16.0,56.0,0,1
211,286.70042480883603,6.788200000000001,16.0,60.0,0,1
212,290.21172472387434,6.778975,16.0,64.0,0,1
213,281.04333050127434,6.767399999999999,16.0,68.0,0,1
214,264.3785896346644,6.765275,16.0,72.0,0,1
215,262.1770603228547,6.773175,16.0,76.0,0,1
216,257.46745964316074,6.802449999999999,16.0,80.0,0,1
217,253.23160577740032,6.827767000000001,16.0,84.0,0,1
218,234.67187765505537,6.8420499999999995,16.0,88.0,0,2
219,226.31163976210723,6.845775,16.0,92.0,0,2
220,241.220730671198,6.8303,16.0,96.0,0,2
221,252.84146134239583,6.79728,16.0,100.0,0,1
222,263.3753610875108,6.777675,16.0,104.0,0,1
223,253.1201359388276,6.7767,16.0,108.0,0,1
224,241.88954970263376,6.77535,16.0,112.0,0,2
225,230.04587935429072,6.799275,16.0,116.0,0,2
226,232.66542056074763,6.828049999999999,16.0,120.0,0,2
227,241.33220050977047,6.8586,16.0,124.0,0,1
228,253.39881053525917,6.855275,16.0,128.0,0,1
229,269.2832625318606,6.809675,16.0,132.0,0,1
230,273.1011045029736,6.795167,16.0,136.0,0,1
231,256.3806287170776,6.8087,16.0,140.0,0,1
232,252.45131690739183,6.830725,16.0,144.0,0,1
233,260.81155480034,6.84225,16.0,148.0,0,1
234,261.2016992353442,6.83184,16.0,152.0,0,1
235,256.4363636363637,6.941949999999999,16.0,156.0,0,1
236,287.5085811384879,6.879275,16.0,160.0,0,1
237,231.3556499575193,6.965,16.0,164.0,0,1
238,232.4982158028888,6.98865,16.0,168.0,0,1
239,246.59915038232796,6.9717,16.0,172.0,0,1
240,234.3932030586236,6.975475,16.0,176.0,0,1
241,233.69651656754468,6.9665669999999995,16.0,180.0,0,1
242,240.07816482582825,6.9569,16.0,184.0,0,1
243,240.6076465590484,6.958975,16.0,188.0,0,1
244,241.6387425658454,6.968249999999999,16.0,192.0,0,1
245,276.9746813933732,6.70195,20.0,0.0,0,1
246,275.2468988954972,6.7127,20.0,4.0,0,1
247,286.143075615973,6.713275,20.0,8.0,0,1
248,287.03483432455414,6.719824999999999,20.0,12.0,0,1
249,287.369243840272,6.734875000000001,20.0,16.0,0,1
250,291.2706881903144,6.743774999999999,20.0,20.0,0,1
251,288.0380628717078,6.757575,20.0,24.0,0,1
252,286.2266779949025,6.777525000000001,20.0,28.0,0,1
253,266.6358538657605,6.802625,20.0,32.0,0,1
254,253.67748513169067,6.827375,20.0,36.0,0,1
255,237.7094307561597,6.86505,20.0,40.0,0,2
256,235.2570943075616,6.8957749999999995,20.0,44.0,0,2
257,226.39524214103653,6.913275,20.0,48.0,0,2
258,226.5624468988956,6.9194,20.0,52.0,0,2
259,224.026508071368,6.926067,20.0,56.0,0,2
260,226.7575191163976,6.9121749999999995,20.0,60.0,0,2
261,234.2259983007648,6.903175,20.0,64.0,0,1
262,233.19490229396771,6.894825,20.0,68.0,0,2
263,233.50144435004245,6.897325,20.0,72.0,0,2
264,231.4949872557349,6.90335,20.0,76.0,0,2
265,227.9836873406969,6.9169,20.0,80.0,0,2
266,224.3330501274429,6.9281250000000005,20.0,84.0,0,2
267,224.89039932030573,6.931775,20.0,88.0,0,2
268,228.73610875106212,6.919,20.0,92.0,0,2
269,231.4392523364488,6.893375,20.0,96.0,0,2
270,232.66542056074763,6.870150000000001,20.0,100.0,0,2
271,229.01478334749368,6.852025,20.0,104.0,0,2
272,230.0737468139339,6.8345400000000005,20.0,108.0,0,2
273,231.94086661002552,6.799424999999999,20.0,112.0,0,2
274,243.47799490229383,6.7516,20.0,116.0,0,2
275,270.5372982158028,6.703367,20.0,120.0,0,1
276,288.45607476635496,6.715975,20.0,124.0,0,1
277,298.37689039932025,6.76205,20.0,128.0,0,1
278,290.1838572642312,6.7974250000000005,20.0,132.0,0,1
279,297.122854715378,6.802575,20.0,136.0,0,1
280,295.06066270178417,6.7938,20.0,140.0,0,1
281,295.0327952421412,6.796825,20.0,144.0,0,1
282,293.4443500424809,6.805375,20.0,148.0,0,1
283,260.61648258283776,6.8648750000000005,20.0,152.0,0,1
284,239.60441801189472,6.955275,20.0,156.0,0,1
285,233.1391673746814,6.9792250000000005,20.0,160.0,0,1
286,227.25913338997475,6.98,20.0,164.0,0,1
287,237.09634664401028,6.9792250000000005,20.0,168.0,0,1
288,234.1702633814782,6.980875,20.0,172.0,0,1
289,230.7704333050126,6.98245,20.0,176.0,0,1
290,234.05879354290573,6.977775,20.0,180.0,0,1
291,239.5765505522513,6.97225,20.0,184.0,0,1
292,238.26677994902295,6.994625,20.0,188.0,0,1
293,229.04265080713685,7.0279,20.0,192.0,0,1
294,265.91129991503817,6.7719249999999995,24.0,0.0,0,1
295,265.63262531860664,6.7775,24.0,4.0,0,1
296,259.9755310110452,6.806900000000001,24.0,8.0,0,1
297,241.4436703483434,6.8151,24.0,12.0,0,2
298,229.18198810535276,6.8722,24.0,16.0,0,2
299,213.71554800339845,6.919675,24.0,20.0,0,2
300,201.4259983007646,6.9620999999999995,24.0,24.0,0,2
301,199.36380628717075,7.0142750000000005,24.0,28.0,0,2
302,187.54800339847088,7.057525,24.0,32.0,0,2
303,188.2446898895496,7.097033,24.0,36.0,0,2
304,188.96924384027196,7.12495,24.0,40.0,0,2
305,189.9167374681392,7.152875000000001,24.0,44.0,0,2
306,190.0839422259985,7.1709,24.0,48.0,0,2
307,196.3262531860664,7.167739999999999,24.0,52.0,0,2
308,201.42599830076483,7.1518,24.0,56.0,0,2
309,208.72727272727295,7.11805,24.0,60.0,0,2
310,209.98130841121497,7.081375,24.0,64.0,0,2
311,215.41546304163128,7.0459249999999995,24.0,68.0,0,2
312,219.37264231096012,7.020425,24.0,72.0,0,2
313,215.33186066270173,7.008025,24.0,76.0,0,2
314,213.2418011894647,7.0084,24.0,80.0,0,2
315,211.6533559898046,7.009575,24.0,84.0,0,2
316,211.1238742565847,7.0122,24.0,88.0,0,2
317,212.071367884452,7.0062500000000005,24.0,92.0,0,2
318,212.2943075615974,6.991325,24.0,96.0,0,2
319,222.35446049277837,6.94155,24.0,100.0,0,2
320,229.4049277824979,6.8846,24.0,104.0,0,2
321,228.4853016142738,6.84635,24.0,108.0,0,2
322,236.76193712829215,6.8027,24.0,112.0,0,2
323,270.31435853865787,6.712400000000001,24.0,116.0,0,1
324,283.0219201359389,6.697275,24.0,120.0,0,1
325,256.9379779099406,6.8568,24.0,124.0,0,1
326,243.143585386576,6.952475,24.0,128.0,0,1
327,230.07374681393367,7.017875,24.0,132.0,0,1
328,226.42310960067996,7.025499999999999,24.0,136.0,0,1
329,227.76074766355143,7.024775,24.0,140.0,0,1
330,225.30841121495337,7.0229,24.0,144.0,0,1
331,227.0640611724725,7.0188999999999995,24.0,148.0,0,1
332,229.09838572642295,7.00764,24.0,152.0,0,1
333,225.44774851316905,6.9952,24.0,156.0,0,1
334,227.67714528462196,6.9971,24.0,160.0,0,1
335,236.0373831775701,6.99265,24.0,164.0,0,1
336,231.18844519966,6.9958,24.0,168.0,0,1
337,230.26881903143567,6.989925,24.0,172.0,0,1
338,237.12421410365343,6.986,24.0,176.0,0,1
339,235.9537807986408,7.004925,24.0,180.0,0,1
340,229.5442650807136,7.042133,24.0,184.0,0,1
341,215.47119796091783,7.066325,24.0,188.0,0,2
342,207.89124893797796,7.078625,24.0,192.0,0,2
343,216.0285471537809,6.8934,28.0,0.0,0,2
344,219.45624468988944,6.93345,28.0,4.0,0,2
345,221.79711129991503,6.97315,28.0,8.0,0,2
346,213.799150382328,7.0259,28.0,12.0,0,2
347,210.9009345794393,7.0687750000000005,28.0,16.0,0,2
348,201.64893797791,7.1027499999999995,28.0,20.0,0,2
349,202.4849617672048,7.1225000000000005,28.0,24.0,0,2
350,201.64893797791,7.12475,28.0,28.0,0,2
351,199.02939677145287,7.123175,28.0,32.0,0,2
352,192.45267629566683,7.12935,28.0,36.0,0,2
353,187.1021240441803,7.1272,28.0,40.0,0,2
354,182.36465590484272,7.14442,28.0,44.0,0,2
355,174.06015293118094,7.1785499999999995,28.0,48.0,0,2
356,175.95514018691597,7.208725,28.0,52.0,0,2
357,175.95514018691597,7.25435,28.0,56.0,0,2
358,175.45352591333904,7.271425,28.0,60.0,0,2
359,172.75038232795237,7.26425,28.0,64.0,0,2
360,168.23585386576042,7.23885,28.0,68.0,0,2
361,178.240271877655,7.2057,28.0,72.0,0,2
362,192.3412064570944,7.182833,28.0,76.0,0,2
363,204.5192863211555,7.14825,28.0,80.0,0,2
364,219.06610025488544,7.109375,28.0,84.0,0,1
365,222.49379779099425,7.081775,28.0,88.0,0,1
366,228.1508920985557,7.06414,28.0,92.0,0,1
367,228.2344944774852,7.060325,28.0,96.0,0,1
368,224.026508071368,7.0507,28.0,100.0,0,1
369,224.1101104502975,7.024175,28.0,104.0,0,1
370,219.87425658453685,6.982325,28.0,108.0,0,2
371,224.08224299065432,6.915275,28.0,112.0,0,2
372,225.085471537808,6.85955,28.0,116.0,0,2
373,256.8265080713679,6.7651330000000005,28.0,120.0,0,1
374,288.4560747663554,6.71495,28.0,124.0,0,1
375,245.066440101954,6.821375,28.0,128.0,0,1
376,225.19694137638064,6.971299999999999,28.0,132.0,0,1
377,209.70263381478344,7.071675,28.0,136.0,0,2
378,202.42922684791847,7.1157,28.0,140.0,0,2
379,202.34562446898892,7.110275,28.0,144.0,0,2
380,202.12268479184377,7.089725,28.0,148.0,0,2
381,205.1881053525915,7.068725,28.0,152.0,0,2
382,214.60730671197985,7.0482000000000005,28.0,156.0,0,2
383,215.6662701784196,7.0307,28.0,160.0,0,2
384,234.1423959218353,7.012700000000001,28.0,164.0,0,1
385,223.2462192013595,7.0139,28.0,168.0,0,1
386,229.37706032285476,7.007099999999999,28.0,172.0,0,1
387,237.1520815632964,7.0053399999999995,28.0,176.0,0,1
388,236.28819031435864,7.017474999999999,28.0,180.0,0,1
389,223.0232795242141,7.05485,28.0,184.0,0,1
390,206.88802039082407,7.065475,28.0,188.0,0,2
391,207.05522514868312,7.04435,28.0,192.0,0,2
392,203.65539507221752,7.034425000000001,32.0,0.0,0,2
393,200.3112999150385,7.101725,32.0,4.0,0,2
394,195.76890399320317,7.1190999999999995,32.0,8.0,0,2
395,197.0508071367885,7.119025000000001,32.0,12.0,0,2
396,195.9082412914188,7.1114999999999995,32.0,16.0,0,2
397,185.62514868309268,7.1156,32.0,20.0,0,2
398,178.3517417162277,7.138,32.0,24.0,0,2
399,185.62514868309268,7.143075,32.0,28.0,0,2
400,201.8997451146984,7.120075,32.0,32.0,0,2
401,228.3738317757011,7.10175,32.0,36.0,0,1
402,221.15615972812225,7.082533000000001,32.0,40.0,0,1
403,210.98453695836884,7.10325,32.0,44.0,0,2
404,205.1045029736617,7.127375,32.0,48.0,0,2
405,194.0411214953274,7.162800000000001,32.0,52.0,0,2
406,182.64333050127448,7.19296,32.0,56.0,0,2
407,169.35055225148676,7.262875,32.0,60.0,0,2
408,164.55734919286306,7.32805,32.0,64.0,0,2
409,170.96686491079026,7.344925000000001,32.0,68.0,0,2
410,173.25199660152953,7.287875,32.0,72.0,0,2
411,178.35174171622748,7.198567000000001,32.0,76.0,0,2
412,193.4559048428207,7.14635,32.0,80.0,0,2
413,205.60611724723867,7.11155,32.0,84.0,0,2
414,222.66100254885328,7.093875000000001,32.0,88.0,0,1
415,228.4853016142736,7.079675,32.0,92.0,0,1
416,228.1508920985557,7.07378,32.0,96.0,0,1
417,229.12625318606612,7.068825,32.0,100.0,0,1
418,227.11979609175887,7.048450000000001,32.0,104.0,0,1
419,224.75106202209008,7.0070749999999995,32.0,108.0,0,1
420,217.9235344095157,6.946575,32.0,112.0,0,2
421,230.88190314358556,6.87005,32.0,116.0,0,2
422,289.1527612574341,6.759525,32.0,120.0,0,1
423,260.3656754460492,6.799867,32.0,124.0,0,1
424,229.3491928632116,6.905325,32.0,128.0,0,2
425,197.97043330501265,7.070950000000001,32.0,132.0,0,2
426,193.01002548853037,7.15926,32.0,136.0,0,2
427,188.467629566695,7.1652000000000005,32.0,140.0,0,2
428,187.43653355989815,7.148425,32.0,144.0,0,2
429,198.2491079014444,7.120225,32.0,148.0,0,2
430,207.44536958368732,7.090075000000001,32.0,152.0,0,2
431,226.95259133389985,7.0493500000000004,32.0,156.0,0,1
432,223.9986406117248,7.034325,32.0,160.0,0,1
433,220.9053525913341,7.030525,32.0,164.0,0,1
434,230.51962616822448,7.0214,32.0,168.0,0,1
435,233.80798640611735,7.02485,32.0,172.0,0,1
436,225.86576040781665,7.0445,32.0,176.0,0,1
437,206.9437553101104,7.07405,32.0,180.0,0,2
438,209.73050127442664,7.048579999999999,32.0,184.0,0,2
439,220.06932880203908,6.986275,32.0,188.0,0,2
440,230.1852166525064,6.95025,32.0,192.0,0,2
441,204.29634664401036,7.056575,36.0,0.0,0,2
442,200.22769753610876,7.06285,36.0,4.0,0,2
443,194.2083262531862,7.0830329999999995,36.0,8.0,0,2
444,191.89532710280375,7.10445,36.0,12.0,0,2
445,187.4086661002548,7.09535,36.0,16.0,0,2
446,202.6242990654207,7.05495,36.0,20.0,0,2
447,225.50348343245537,7.017075,36.0,24.0,0,1
448,219.48411214953285,7.06154,36.0,28.0,0,2
449,153.57757009345823,7.2783999999999995,36.0,32.0,0,2
450,155.24961767204763,7.298975,36.0,36.0,0,2
451,185.987425658454,7.1644,36.0,40.0,0,2
452,180.0516567544605,7.14165,36.0,44.0,0,2
453,174.61750212404422,7.205125,36.0,48.0,0,2
454,174.78470688190328,7.2233,36.0,52.0,0,2
455,179.49430756159745,7.1602250000000005,36.0,56.0,0,2
456,193.23296516567552,7.093732999999999,36.0,60.0,0,2
457,182.9498725573494,7.135125,36.0,64.0,0,2
458,154.58079864061165,7.273650000000001,36.0,68.0,0,2
459,171.60781648258285,7.328175,36.0,72.0,0,2
460,163.8885301614273,7.26575,36.0,76.0,0,2
461,160.48870008496192,7.25642,36.0,80.0,0,2
462,176.3174171622768,7.2313,36.0,84.0,0,2
463,190.8920985556501,7.1284,36.0,88.0,0,2
464,198.9457943925233,7.0448,36.0,92.0,0,2
465,209.6468988954971,7.029175,36.0,96.0,0,2
466,220.5152081563297,7.041675,36.0,100.0,0,1
467,230.51962616822448,7.054475,36.0,104.0,0,1
468,227.2591333899745,7.062833,36.0,108.0,0,1
469,229.3491928632116,7.060575,36.0,112.0,0,1
470,227.23126593033132,7.03575,36.0,116.0,0,1
471,220.06932880203908,6.99305,36.0,120.0,0,2
472,231.16057774001703,6.90834,36.0,124.0,0,2
473,295.4786745964316,6.766699999999999,36.0,128.0,0,1
474,244.6205607476636,6.84865,36.0,132.0,0,1
475,205.3831775700935,7.059025,36.0,136.0,0,2
476,195.99184367034832,7.1747,36.0,140.0,0,2
477,193.34443500424825,7.175375000000001,36.0,144.0,0,2
478,201.14732370433308,7.140525,36.0,148.0,0,2
479,211.7369583687341,7.109125,36.0,152.0,0,1
480,222.77247238742572,7.0788329999999995,36.0,156.0,0,1
481,227.23126593033132,7.061025,36.0,160.0,0,1
482,222.8282073067121,7.0495,36.0,164.0,0,1
483,227.03619371282932,7.043575,36.0,168.0,0,1
484,232.88836023789304,7.0398,36.0,172.0,0,1
485,225.0576040781648,7.0638000000000005,36.0,176.0,0,1
486,204.79796091758703,7.098400000000001,36.0,180.0,0,2
487,205.9962616822429,7.0618,36.0,184.0,0,2
488,214.63517417162305,6.995825,36.0,188.0,0,2
489,224.7231945624469,6.9236,36.0,192.0,0,2
490,211.59762107051824,7.059975,40.0,0.0,0,2
491,212.8516567544605,7.056475000000001,40.0,4.0,0,2
492,212.4615123194565,7.01135,40.0,8.0,0,2
493,209.5632965165678,6.9725,40.0,12.0,0,2
494,205.27170773152105,7.036175,40.0,16.0,0,2
495,191.4773152081564,7.12975,40.0,20.0,0,2
496,146.38776550552257,7.315775,40.0,24.0,0,2
497,167.2883602378929,7.231325,40.0,28.0,0,2
498,224.27731520815632,7.039775,40.0,32.0,0,1
499,219.9578589634664,6.8283,40.0,36.0,0,2
500,197.88683092608332,6.97065,40.0,40.0,0,2
501,208.92234494477475,7.101999999999999,40.0,44.0,0,2
502,213.43687340696687,7.1172249999999995,40.0,48.0,0,1
503,214.35649957519104,7.097225000000001,40.0,52.0,0,1
504,219.511979609176,7.090199999999999,40.0,56.0,0,1
505,228.73610875106212,,40.0,60.0,0,0
506,236.95700934579463,,40.0,64.0,0,0
507,229.7393372982158,,40.0,68.0,0,0
508,189.3872557349193,,40.0,72.0,0,0
509,198.890059473237,,40.0,76.0,0,0
510,161.04604927782498,,40.0,80.0,0,0
511,154.5529311809687,7.319649999999999,40.0,84.0,0,2
512,162.46728971962602,7.258274999999999,40.0,88.0,0,2
513,188.1610875106203,7.174625,40.0,92.0,0,2
514,215.52693288020416,7.041975,40.0,96.0,0,2
515,219.48411214953285,6.9416,40.0,100.0,0,2
516,223.6920985556501,6.9397,40.0,104.0,0,2
517,215.5826677994903,6.981275,40.0,108.0,0,2
518,219.92999150382343,7.021175,40.0,112.0,0,1
519,218.78742565845369,7.052475,40.0,116.0,0,1
520,228.03942225998296,7.047775,40.0,120.0,0,1
521,228.31809685641477,7.015300000000001,40.0,124.0,0,1
522,215.694137638063,6.967675000000001,40.0,128.0,0,2
523,264.3507221750215,6.8403,40.0,132.0,0,1
524,250.22192013593892,6.8434,40.0,136.0,0,1
525,205.24384027187784,7.010675,40.0,140.0,0,2
526,194.5148683092609,7.149975,40.0,144.0,0,2
527,199.19660152931192,7.137250000000001,40.0,148.0,0,2
528,216.53016142735785,7.092325,40.0,152.0,0,1
529,230.29668649107907,7.062875,40.0,156.0,0,1
530,230.10161427357684,7.049525,40.0,160.0,0,1
531,229.4049277824979,7.0483,40.0,164.0,0,1
532,229.46066270178423,7.0459249999999995,40.0,168.0,0,1
533,233.72438402718785,7.046625,40.0,172.0,0,1
534,223.71996601529327,7.065049999999999,40.0,176.0,0,1
535,202.06694987255744,7.10425,40.0,180.0,0,2
536,201.1194562446899,7.0939000000000005,40.0,184.0,0,2
537,213.5762107051828,7.030975,40.0,188.0,0,2
538,219.67918436703485,6.961425,40.0,192.0,0,2
539,217.3940526762958,6.997075000000001,44.0,0.0,0,2
540,223.1347493627868,6.938625,44.0,4.0,0,2
541,215.66627017841984,6.9396249999999995,44.0,8.0,0,2
542,193.23296516567552,7.055725,44.0,12.0,0,2
543,166.09005947323726,7.187775,44.0,16.0,0,2
544,158.28717077315218,7.25,44.0,20.0,0,2
545,179.07629566694982,7.307975000000001,44.0,24.0,0,2
546,234.11452846219208,7.002025000000001,44.0,28.0,0,1
547,214.3286321155481,6.949249999999999,44.0,32.0,0,2
548,229.8229396771453,7.0308,44.0,36.0,0,1
549,248.80067969413767,6.9458,44.0,40.0,0,1
550,205.52251486830937,7.024324999999999,44.0,44.0,0,2
551,200.72931180968567,7.1611,44.0,48.0,0,2
552,207.13882752761265,7.17805,44.0,52.0,0,1
553,205.24384027187784,7.18325,44.0,56.0,0,2
554,205.21597281223467,7.21145,44.0,60.0,0,1
555,229.68360237892944,7.0862,44.0,64.0,0,1
556,232.30314358538655,7.082599999999999,44.0,68.0,0,1
557,223.91503823279527,7.0577499999999995,44.0,72.0,0,1
558,239.91096006796943,6.9571499999999995,44.0,76.0,0,1
559,241.10926083262552,6.85185,44.0,80.0,0,1
560,228.8754460492778,6.75,44.0,84.0,0,2
561,187.85454545454536,6.8645249999999995,44.0,88.0,0,0
562,198.4441801189464,7.024025,44.0,92.0,0,2
563,169.2112149532711,7.155875,44.0,96.0,0,0
564,193.8739167374681,7.174650000000001,44.0,100.0,0,2
565,243.92387425658444,7.028775,44.0,104.0,0,1
566,282.7711129991503,6.85915,44.0,108.0,0,1
567,256.60356839422275,6.79195,44.0,112.0,0,1
568,235.61937128292263,6.817925,44.0,116.0,0,2
569,216.948173322005,6.889575,44.0,120.0,0,2
570,213.04672897196247,6.972875,44.0,124.0,0,2
571,218.50875106202216,7.02555,44.0,128.0,0,1
572,234.58827527612584,7.01515,44.0,132.0,0,1
573,220.1529311809686,6.97025,44.0,136.0,0,2
574,267.0538657604079,6.849175,44.0,140.0,0,1
575,233.44570943075632,6.905975,44.0,144.0,0,2
576,203.376720475786,7.0853,44.0,148.0,0,2
577,196.967204757859,7.13175,44.0,152.0,0,2
578,213.93848768054383,7.0874500000000005,44.0,156.0,0,1
579,226.0887000849616,7.04345,44.0,160.0,0,1
580,231.46711979609177,7.031675,44.0,164.0,0,1
581,229.62786745964308,7.031275,44.0,168.0,0,1
582,231.9687340696687,7.033824999999999,44.0,172.0,0,1
583,229.20985556499568,7.0449,44.0,176.0,0,1
584,211.59762107051824,7.07695,44.0,180.0,0,2
585,195.29515717926935,7.1088000000000005,44.0,184.0,0,2
586,201.0079864061172,7.094175,44.0,188.0,0,2
587,213.74341546304163,7.035925,44.0,192.0,0,2
588,224.8346644010196,6.919975,48.0,0.0,0,2
589,212.0992353440952,6.933575,48.0,4.0,0,2
590,183.31214953271024,7.07155,48.0,8.0,0,2
591,167.37196261682243,7.1963,48.0,12.0,0,2
592,177.90586236193712,7.1364,48.0,16.0,0,2
593,261.0623619371281,7.01805,48.0,20.0,0,0
594,223.41342395921836,6.9076249999999995,48.0,24.0,0,2
595,229.12625318606612,6.9024,48.0,28.0,0,2
596,218.7874256584539,6.9668,48.0,32.0,0,2
597,216.92030586236183,7.06205,48.0,36.0,0,2
598,242.0567544604928,7.04095,48.0,40.0,0,1
599,246.79422259983016,6.968125000000001,48.0,44.0,0,1
600,246.23687340696688,6.992025,48.0,48.0,0,1
601,242.1682242990655,7.0266,48.0,52.0,0,1
602,238.74052676295676,7.0347,48.0,56.0,0,1
603,251.0022090059474,7.000475,48.0,60.0,0,1
604,264.04418011894654,6.935925,48.0,64.0,0,1
605,262.51146983857257,6.8642,48.0,68.0,0,1
606,225.25267629566704,6.97225,48.0,72.0,0,2
607,236.1488530161428,7.036225,48.0,76.0,0,1
608,268.16856414613403,7.0742,48.0,80.0,0,0
609,235.9537807986408,7.031975,48.0,84.0,0,1
610,240.6076465590484,6.888625,48.0,88.0,0,1
611,242.22395921835164,6.7715,48.0,92.0,0,2
612,210.20424808836012,6.9029750000000005,48.0,96.0,0,2
613,276.8632115548003,6.765499999999999,48.0,100.0,0,1
614,221.82497875955823,6.8151,48.0,104.0,0,2
615,243.5615972812236,6.934925,48.0,108.0,0,1
616,268.28003398470673,6.897399999999999,48.0,112.0,0,1
617,264.8523364485982,6.7936749999999995,48.0,116.0,0,1
618,298.18181818181824,6.697500000000001,48.0,120.0,0,1
619,255.9068819031436,6.7086749999999995,48.0,124.0,0,2
620,231.9687340696687,6.78435,48.0,128.0,0,2
621,214.4401019541208,6.926075,48.0,132.0,0,2
622,227.59354290569263,7.011675,48.0,136.0,0,1
623,225.6149532710283,6.98865,48.0,140.0,0,1
624,244.06321155480032,6.9039,48.0,144.0,0,1
625,243.11571792693303,6.899525,48.0,148.0,0,1
626,203.4045879354292,7.0386,48.0,152.0,0,2
627,200.89651656754472,7.100574999999999,48.0,156.0,0,2
628,214.91384876805452,7.065325,48.0,160.0,0,2
629,230.4917587085813,7.0295749999999995,48.0,164.0,0,1
630,226.72965165675464,7.014399999999999,48.0,168.0,0,1
631,226.95259133389985,7.013425,48.0,172.0,0,1
632,225.1690739167375,7.02045,48.0,176.0,0,1
633,207.4453695836876,7.056299999999999,48.0,180.0,0,2
634,192.5084112149534,7.10215,48.0,184.0,0,2
635,191.2822429906544,7.1057250000000005,48.0,188.0,0,2
636,208.28139337298217,7.06615,48.0,192.0,0,2
637,224.0822429906541,6.959725,52.0,0.0,0,2
638,223.2462192013595,6.884125,52.0,4.0,0,2
639,192.56414613423976,6.9857249999999995,52.0,8.0,0,2
640,175.8158028887001,7.1221499999999995,52.0,12.0,0,2
641,177.45998300764654,7.1823,52.0,16.0,0,2
642,216.58589634664415,7.066675,52.0,20.0,0,2
643,209.4239592183519,6.926,52.0,24.0,0,2
644,242.41903143585387,6.907075000000001,52.0,28.0,0,1
645,183.6744265080713,7.074574999999999,52.0,32.0,0,2
646,222.38232795242152,7.12195,52.0,36.0,0,1
647,242.2518266779948,7.0423,52.0,40.0,0,1
648,227.00832625318617,7.055625,52.0,44.0,0,1
649,222.66100254885305,7.0901749999999995,52.0,48.0,0,1
650,228.2344944774852,7.080125,52.0,52.0,0,1
651,230.51962616822425,7.0716,52.0,56.0,0,1
652,228.2623619371284,7.07675,52.0,60.0,0,1
653,222.93967714528455,7.0847999999999995,52.0,64.0,0,1
654,217.7284621920137,7.0904,52.0,68.0,0,1
655,222.0479184367034,7.093125,52.0,72.0,0,1
656,216.1678844519965,7.09725,52.0,76.0,0,1
657,249.915378079864,7.021275,52.0,80.0,0,1
658,267.4718776550553,6.872375,52.0,84.0,0,1
659,208.1699235344097,7.09955,52.0,88.0,0,2
660,235.0341546304164,7.15895,52.0,92.0,0,0
661,271.3454545454547,7.093325,52.0,96.0,0,0
662,236.2324553950725,7.068725,52.0,100.0,0,1
663,211.70909090909092,7.003325,52.0,104.0,0,2
664,206.6650807136789,6.970975,52.0,108.0,0,2
665,197.636023789295,6.981575,52.0,112.0,0,2
666,298.5719626168225,6.7593250000000005,52.0,116.0,0,1
667,301.6931180968565,6.578625000000001,52.0,120.0,0,1
668,281.4892098555649,6.667025,52.0,124.0,0,1
669,291.46576040781656,6.717975,52.0,128.0,0,1
670,291.4100254885302,6.6878,52.0,132.0,0,1
671,293.27714528462184,6.6989,52.0,136.0,0,1
672,234.9226847918435,6.753125,52.0,140.0,0,2
673,220.12506372132543,6.927225,52.0,144.0,0,2
674,231.27204757858976,7.006125,52.0,148.0,0,1
675,218.39728122344945,6.9809,52.0,152.0,0,2
676,279.0926083262532,6.836425,52.0,156.0,0,1
677,214.38436703483444,6.93685,52.0,160.0,0,2
678,201.81614273576903,7.0813250000000005,52.0,164.0,0,2
679,212.740186915888,7.08955,52.0,168.0,0,2
680,226.33950722175015,7.0491,52.0,172.0,0,1
681,229.3491928632116,7.022975,52.0,176.0,0,1
682,234.03092608326256,7.008900000000001,52.0,180.0,0,1
683,219.5398470688192,7.020575,52.0,184.0,0,2
684,202.1784197111299,7.05835,52.0,188.0,0,2
685,190.66915887850476,7.09485,52.0,192.0,0,2
686,224.7789294817333,6.871875,56.0,0.0,0,2
687,232.58181818181836,6.83845,56.0,4.0,0,2
688,192.11826677994893,6.952075000000001,56.0,8.0,0,0
689,172.24876805437566,7.126525,56.0,12.0,0,2
690,198.4441801189464,7.0746,56.0,16.0,0,2
691,190.33474936278685,7.2139,56.0,20.0,0,2
692,225.25267629566704,7.195525,56.0,24.0,0,0
693,254.76431605777407,6.9478,56.0,28.0,0,1
694,215.58266779949008,7.042775000000001,56.0,32.0,0,2
695,239.38147833474957,7.075675,56.0,36.0,0,1
696,225.64282073067125,7.055725,56.0,40.0,0,1
697,223.9986406117248,7.087075,56.0,44.0,0,1
698,226.7296516567544,7.0748,56.0,48.0,0,1
699,253.95615972812243,7.0596749999999995,56.0,52.0,0,0
700,267.0538657604079,7.049375,56.0,56.0,0,0
701,270.5372982158028,7.03125,56.0,60.0,0,0
702,269.0603228547154,7.017325,56.0,64.0,0,0
703,259.5296516567544,7.016025,56.0,68.0,0,0
704,259.8361937128293,7.037225,56.0,72.0,0,0
705,231.0491079014444,7.081725,56.0,76.0,0,1
706,217.4776550552253,7.105099999999999,56.0,80.0,0,1
707,216.6694987255737,7.10325,56.0,84.0,0,1
708,231.4113848768054,7.0752749999999995,56.0,88.0,0,1
709,259.3903143585387,6.92685,56.0,92.0,0,1
710,251.08581138487693,6.853475,56.0,96.0,0,1
711,224.8625318606628,7.087875,56.0,100.0,0,1
712,227.31486830926087,7.15865,56.0,104.0,0,1
713,223.02327952421436,7.129575,56.0,108.0,0,1
714,242.66983857264245,7.147200000000001,56.0,112.0,0,0
715,183.4236193712829,7.123774999999999,56.0,116.0,0,2
716,189.91673746813944,7.06425,56.0,120.0,0,2
717,213.43687340696687,6.90165,56.0,124.0,0,2
718,298.4326253186068,6.705375,56.0,128.0,0,1
719,295.4786745964318,6.6347000000000005,56.0,132.0,0,1
720,281.9629566694987,6.657525,56.0,136.0,0,1
721,292.6083262531861,6.66335,56.0,140.0,0,1
722,277.5877655055226,6.6900249999999994,56.0,144.0,0,1
723,216.22361937128312,6.854774999999999,56.0,148.0,0,2
724,226.70178419711144,6.9825,56.0,152.0,0,1
725,218.48088360237895,7.004275,56.0,156.0,0,2
726,259.47391673746824,6.888199999999999,56.0,160.0,0,1
727,217.56125743415464,6.918875,56.0,164.0,0,2
728,203.1537807986408,7.067725,56.0,168.0,0,2
729,212.18283772302493,7.0822,56.0,172.0,0,2
730,221.4627017841972,7.03985,56.0,176.0,0,1
731,224.05437553101115,7.021249999999999,56.0,180.0,0,2
732,218.42514868309263,7.0246249999999995,56.0,184.0,0,2
733,203.5996601529312,7.049925,56.0,188.0,0,2
734,194.59847068819045,7.081375,56.0,192.0,0,2
735,219.4005097706031,7.0209,60.0,0.0,0,2
736,225.00186915887843,7.0016,60.0,4.0,0,2
737,239.3536108751061,6.918325,60.0,8.0,0,1
738,171.49634664401037,7.0194,60.0,12.0,0,0
739,172.55531011045014,7.1709499999999995,60.0,16.0,0,2
740,305.092948173322,6.883125000000001,60.0,20.0,0,0
741,203.43245539507237,6.919675,60.0,24.0,0,0
742,243.2550552251489,7.030875,60.0,28.0,0,1
743,212.40577740016988,7.086125,60.0,32.0,0,2
744,230.88190314358556,7.096475,60.0,36.0,0,1
745,224.08224299065432,7.053925,60.0,40.0,0,1
746,216.97604078164815,7.088225,60.0,44.0,0,2
747,233.8915887850469,7.083675,60.0,48.0,0,1
748,248.7449447748513,7.0727,60.0,52.0,0,0
749,258.80509770603226,7.064775,60.0,56.0,0,0
750,257.04944774851333,7.043825,60.0,60.0,0,0
751,259.6689889549705,7.0296,60.0,64.0,0,0
752,265.60475785896347,7.014925,60.0,68.0,0,0
753,273.7141886151235,6.995375,60.0,72.0,0,0
754,277.14188615123203,6.970625,60.0,76.0,0,0
755,267.30467289719627,6.960125000000001,60.0,80.0,0,0
756,264.8523364485982,6.977449999999999,60.0,84.0,0,0
757,250.08258283772284,7.03715,60.0,88.0,0,0
758,234.4489379779102,7.099625,60.0,92.0,0,1
759,219.79065420560755,7.12865,60.0,96.0,0,1
760,230.43602378929492,7.109775,60.0,100.0,0,1
761,229.5163976210706,7.08735,60.0,104.0,0,1
762,230.6868309260833,7.0812,60.0,108.0,0,1
763,233.69651656754468,7.0228,60.0,112.0,0,1
764,225.1412064570945,7.06595,60.0,116.0,0,1
765,206.5814783347496,7.1693750000000005,60.0,120.0,0,1
766,197.9425658453697,7.20855,60.0,124.0,0,2
767,214.4122344944776,7.193075,60.0,128.0,0,1
768,211.2632115548004,7.1786,60.0,132.0,0,1
769,230.1852166525064,6.9639999999999995,60.0,136.0,0,1
770,192.42480883602389,6.90295,60.0,140.0,0,0
771,253.59388275276137,6.8417,60.0,144.0,0,1
772,246.48768054375523,6.739375,60.0,148.0,0,2
773,290.21172472387434,6.710875,60.0,152.0,0,1
774,260.75581988105364,6.693975,60.0,156.0,0,2
775,217.1153780798641,6.848624999999999,60.0,160.0,0,0
776,231.52285471537837,6.9866,60.0,164.0,0,1
777,209.0895497026338,7.0051000000000005,60.0,168.0,0,2
778,284.0530161427357,6.8697,60.0,172.0,0,0
779,216.1121495327102,6.900875,60.0,176.0,0,2
780,208.28139337298217,7.0479,60.0,180.0,0,2
781,207.47323704333053,7.0474,60.0,184.0,0,2
782,216.69736618521665,7.01545,60.0,188.0,0,2
783,214.4958368734069,7.0204,60.0,192.0,0,2
784,218.39728122344945,7.024525000000001,64.0,0.0,0,2
785,216.89243840271888,7.01865,64.0,4.0,0,2
786,217.3940526762958,7.01405,64.0,8.0,0,2
787,232.5539507221752,6.911300000000001,64.0,12.0,0,2
788,175.20271877655046,7.0036,64.0,16.0,0,0
789,171.80288870008508,7.167599999999999,64.0,20.0,0,2
790,304.2011894647408,6.872325,64.0,24.0,0,0
791,211.95989804587956,6.818475,64.0,28.0,0,0
792,264.0720475785897,6.9670749999999995,64.0,32.0,0,0
793,216.08428207306724,7.0323,64.0,36.0,0,2
794,230.6868309260833,7.09115,64.0,40.0,0,1
795,220.68241291418872,7.056675,64.0,44.0,0,2
796,219.62344944774875,7.09005,64.0,48.0,0,1
797,234.3374681393373,7.0871249999999995,64.0,52.0,0,1
798,246.71062022090064,7.0775250000000005,64.0,56.0,0,0
799,252.47918436703503,7.065125,64.0,60.0,0,0
800,254.0954970263383,7.049675,64.0,64.0,0,0
801,254.90365335598997,7.0402499999999995,64.0,68.0,0,0
802,259.13950722175014,7.029975,64.0,72.0,0,0
803,268.0570943075618,7.0142750000000005,64.0,76.0,0,0
804,275.3583687340697,6.992100000000001,64.0,80.0,0,0
805,267.8062871707732,6.9905,64.0,84.0,0,0
806,257.94120645709427,7.00865,64.0,88.0,0,0
807,245.17790994052663,7.0477,64.0,92.0,0,0
808,233.97519116397643,7.094125,64.0,96.0,0,1
809,216.25148683092607,7.124575,64.0,100.0,0,1
810,228.06728971962616,7.109025,64.0,104.0,0,1
811,229.15412064570933,7.0871249999999995,64.0,108.0,0,1
812,228.8754460492778,7.082875,64.0,112.0,0,1
813,219.3169073916738,7.05685,64.0,116.0,0,1
814,218.11860662701795,7.045,64.0,120.0,0,2
815,221.1282922684793,7.0966,64.0,124.0,0,1
816,211.9877655055227,7.160125,64.0,128.0,0,1
817,192.7313508920986,7.22215,64.0,132.0,0,2
818,194.6263381478336,7.2656,64.0,136.0,0,2
819,167.87357689039936,7.2958750000000006,64.0,140.0,0,2
820,251.9497026338149,7.0627249999999995,64.0,144.0,0,0
821,238.1274426508071,6.731775,64.0,148.0,0,2
822,256.5478334749364,6.69865,64.0,152.0,0,2
823,280.2630416312661,6.70765,64.0,156.0,0,1
824,291.5214953271029,6.69935,64.0,160.0,0,1
825,225.5870858113849,6.776125,64.0,164.0,0,0
826,219.7627867459646,6.9572,64.0,168.0,0,2
827,223.8593033135089,7.03715,64.0,172.0,0,1
828,253.62175021240432,6.945425,64.0,176.0,0,0
829,219.2054375531011,6.914825,64.0,180.0,0,2
830,213.99422259983,7.0281,64.0,184.0,0,2
831,217.8399320305864,7.045850000000001,64.0,188.0,0,2
832,211.7369583687341,7.027375,64.0,192.0,0,2
833,212.35004248088376,7.011,68.0,0.0,0,2
834,216.89243840271888,7.006675,68.0,4.0,0,2
835,217.56125743415487,7.011925,68.0,8.0,0,2
836,220.4037383177572,7.010775000000001,68.0,12.0,0,2
837,231.27204757858976,6.919875,68.0,16.0,0,2
838,177.3206457094309,6.9686,68.0,20.0,0,0
839,176.31741716227702,7.1463,68.0,24.0,0,2
840,305.31588785046733,6.893275,68.0,28.0,0,0
841,207.8355140186916,6.93795,68.0,32.0,0,2
842,252.31197960917572,7.098725,68.0,36.0,0,0
843,211.37468139337307,7.0718250000000005,68.0,40.0,0,2
844,228.20662701784204,7.10735,68.0,44.0,0,1
845,227.03619371282932,7.0538,68.0,48.0,0,1
846,215.331860662702,7.084625,68.0,52.0,0,2
847,219.28903993203065,7.094775,68.0,56.0,0,1
848,230.32455395072225,7.085725,68.0,60.0,0,1
849,237.4864910790145,7.0812,68.0,64.0,0,0
850,246.79422259982996,7.083975000000001,68.0,68.0,0,0
851,253.7610875106202,7.0748,68.0,72.0,0,0
852,263.5425658453696,7.060849999999999,68.0,76.0,0,0
853,266.58011894647416,7.0518,68.0,80.0,0,0
854,266.69158878504686,7.036925,68.0,84.0,0,0
855,258.4985556499578,7.0282,68.0,88.0,0,0
856,251.5316907391673,7.043575,68.0,92.0,0,0
857,243.50586236193703,7.070049999999999,68.0,96.0,0,0
858,233.38997451146972,7.101,68.0,100.0,0,0
859,222.54953271028037,7.122725,68.0,104.0,0,1
860,219.84638912489368,7.1361,68.0,108.0,0,1
861,220.2365335598981,7.1345,68.0,112.0,0,1
862,229.23772302463885,7.11925,68.0,116.0,0,0
863,237.04061172472396,7.0914,68.0,120.0,0,0
864,231.2999150382329,7.07895,68.0,124.0,0,1
865,220.1250637213252,7.106450000000001,68.0,128.0,0,1
866,224.36091758708585,7.138025,68.0,132.0,0,0
867,211.0402718776552,7.133875,68.0,136.0,0,1
868,175.14698385726433,7.22255,68.0,140.0,0,2
869,181.27782497875955,7.320475,68.0,144.0,0,2
870,206.24706881903148,7.2657,68.0,148.0,0,0
871,224.80679694137643,7.012499999999999,68.0,152.0,0,2
872,212.04350042480905,6.8563,68.0,156.0,0,0
873,250.19405267629577,6.7917000000000005,68.0,160.0,0,2
874,284.97264231096005,6.7123,68.0,164.0,0,1
875,288.4560747663552,6.714,68.0,168.0,0,1
876,213.7712829226848,6.8278,68.0,172.0,0,0
877,230.40815632965175,7.0043500000000005,68.0,176.0,0,1
878,209.1452846219204,7.022475,68.0,180.0,0,2
879,256.91011045029745,6.926950000000001,68.0,184.0,0,0
880,206.525743415463,6.96365,68.0,188.0,0,0
881,207.72404418011888,7.06325,68.0,192.0,0,2
882,235.22922684791865,6.8912,72.0,0.0,0,2
883,224.6674596431608,6.85985,72.0,4.0,0,2
884,222.88394222599845,6.935475,72.0,8.0,0,2
885,221.7971112999153,6.993575,72.0,12.0,0,2
886,214.5515717926935,7.004575,72.0,16.0,0,2
887,235.8423109600681,6.9176,72.0,20.0,0,2
888,193.98538657604104,6.945825,72.0,24.0,0,0
889,171.71928632115555,7.094525,72.0,28.0,0,0
890,234.75548003398467,7.033875,72.0,32.0,0,1
891,215.63840271877663,6.941725,72.0,36.0,0,2
892,245.1779099405269,7.031924999999999,72.0,40.0,0,0
893,197.2458793542905,7.0479,72.0,44.0,0,2
894,214.4958368734069,7.114525,72.0,48.0,0,2
895,226.2280373831777,7.090575,72.0,52.0,0,1
896,229.90654205607484,7.054725,72.0,56.0,0,1
897,216.36295666949852,7.0802499999999995,72.0,60.0,0,2
898,213.6598130841121,7.09665,72.0,64.0,0,2
899,217.1989804587938,7.100275,72.0,68.0,0,1
900,224.3051826677995,7.09455,72.0,72.0,0,1
901,222.02005097706024,7.087075,72.0,76.0,0,1
902,228.8754460492778,7.083075,72.0,80.0,0,1
903,226.0050977060323,7.07225,72.0,84.0,0,1
904,225.9214953271028,7.07025,72.0,88.0,0,1
905,223.6642310960069,7.08175,72.0,92.0,0,1
906,224.38878504672903,7.0920250000000005,72.0,96.0,0,1
907,219.17757009345792,7.10035,72.0,100.0,0,1
908,217.3104502973661,7.107600000000001,72.0,104.0,0,1
909,219.92999150382343,7.11295,72.0,108.0,0,1
910,225.00186915887843,7.121525,72.0,112.0,0,0
911,221.79711129991503,7.136125,72.0,116.0,0,0
912,223.3855564995754,7.148975,72.0,120.0,0,0
913,230.35242141036545,7.124475,72.0,124.0,0,0
914,235.8423109600681,7.07325,72.0,128.0,0,0
915,230.40815632965155,7.047750000000001,72.0,132.0,0,1
916,229.43279524214108,7.073625,72.0,136.0,0,0
917,223.27408666100268,7.124475,72.0,140.0,0,0
918,208.6994052676296,7.14705,72.0,144.0,0,1
919,178.32387425658476,7.2506,72.0,148.0,0,2
920,183.8973661852167,7.34675,72.0,152.0,0,2
921,167.0096856414616,7.2794,72.0,156.0,0,2
922,196.8557349192863,7.098224999999999,72.0,160.0,0,2
923,258.05267629566697,6.8393749999999995,72.0,164.0,0,0
924,291.18708581138503,6.67705,72.0,168.0,0,0
925,289.2642310960068,6.6792750000000005,72.0,172.0,0,0
926,213.01886151231952,6.813675,72.0,176.0,0,0
927,231.5228547153779,7.0061,72.0,180.0,0,0
928,231.77366185216647,6.9963999999999995,72.0,184.0,0,0
929,256.129821580289,6.899167,72.0,188.0,0,0
930,212.01563296516588,6.926025,72.0,192.0,0,0
931,256.99371282922675,6.8149750000000004,76.0,0.0,0,0
932,254.5135089209857,6.7916,76.0,4.0,0,0
933,217.86779949022932,6.8538499999999996,76.0,8.0,0,0
934,212.54511469838576,6.949825,76.0,12.0,0,2
935,221.7692438402721,7.00125,76.0,16.0,0,2
936,218.1464740866611,7.00595,76.0,20.0,0,2
937,235.34069668649116,6.92145,76.0,24.0,0,2
938,193.03789294817352,6.914175,76.0,28.0,0,0
939,171.9979609175873,7.105700000000001,76.0,32.0,0,0
940,229.8229396771453,7.04955,76.0,36.0,0,0
941,237.98810535259145,6.875675,76.0,40.0,0,2
942,233.83585386576053,6.917675,76.0,44.0,0,2
943,242.6977060322854,6.998625,76.0,48.0,0,0
944,204.2127442650808,7.0183,76.0,52.0,0,2
945,208.72727272727295,7.127175,76.0,56.0,0,2
946,217.33831775700943,7.149925,76.0,60.0,0,1
947,227.95581988105369,7.07775,76.0,64.0,0,0
948,236.538997451147,7.0295000000000005,76.0,68.0,0,0
949,232.3867459643161,7.025825,76.0,72.0,0,0
950,233.8915887850469,7.04795,76.0,76.0,0,0
951,230.8540356839424,7.062175000000001,76.0,80.0,0,0
952,219.7349192863212,7.082075000000001,76.0,84.0,0,1
953,219.67918436703485,7.099375,76.0,88.0,0,1
954,216.47442650807147,7.10525,76.0,92.0,0,1
955,217.421920135939,7.1025,76.0,96.0,0,1
956,224.026508071368,7.091675,76.0,100.0,0,1
957,219.26117247238767,7.09635,76.0,104.0,0,1
958,231.91299915038235,7.11155,76.0,108.0,0,0
959,236.2324553950721,7.1211,76.0,112.0,0,0
960,233.69651656754468,7.137524999999999,76.0,116.0,0,0
961,230.74256584536965,7.146274999999999,76.0,120.0,0,0
962,226.980458793543,7.1496249999999995,76.0,124.0,0,0
963,223.71996601529304,7.1363,76.0,128.0,0,0
964,227.76074766355143,7.07545,76.0,132.0,0,0
965,238.29464740866612,6.9836,76.0,136.0,0,0
966,231.80152931180965,6.94735,76.0,140.0,0,0
967,246.04180118946488,6.98915,76.0,144.0,0,0
968,226.311639762107,7.039375,76.0,148.0,0,0
969,181.7794392523365,7.123125,76.0,152.0,0,0
970,171.4684791843672,7.29645,76.0,156.0,0,2
971,168.06864910790136,7.3747,76.0,160.0,0,2
972,221.99218351741703,7.227024999999999,76.0,164.0,0,0
973,266.3293118096856,6.805175,76.0,168.0,0,0
974,288.28887000849613,6.6913,76.0,172.0,0,0
975,262.2885301614274,6.7280999999999995,76.0,176.0,0,2
976,217.14324553950743,6.848624999999999,76.0,180.0,0,0
977,227.4263381478336,7.03675,76.0,184.0,0,0
978,231.0212404418012,6.979875,76.0,188.0,0,0
979,286.143075615973,6.8663,76.0,192.0,0,0
980,273.4076465590483,6.739725,80.0,0.0,0,0
981,270.06355140186906,6.72255,80.0,4.0,0,0
982,259.7525913338998,6.753975,80.0,8.0,0,0
983,259.55751911639777,6.783024999999999,80.0,12.0,0,0
984,224.7231945624469,6.835175,80.0,16.0,0,0
985,215.66627017841984,6.925599999999999,80.0,20.0,0,2
986,222.77247238742552,6.9984,80.0,24.0,0,2
987,216.61376380628732,7.0072,80.0,28.0,0,2
988,230.21308411214957,6.960975,80.0,32.0,0,2
989,218.20220900594745,6.9300250000000005,80.0,36.0,0,2
990,166.53593882752762,7.08765,80.0,40.0,0,0
991,176.59609175870855,7.1640999999999995,80.0,44.0,0,2
992,253.48241291418844,6.945875,80.0,48.0,0,0
993,248.9121495327104,6.79075,80.0,52.0,0,0
994,241.83381478334763,7.00115,80.0,56.0,0,0
995,233.86372132540373,7.098199999999999,80.0,60.0,0,0
996,267.22107051826674,6.984175,80.0,64.0,0,0
997,274.7174171622771,6.883075,80.0,68.0,0,0
998,226.7296516567544,6.88415,80.0,72.0,0,2
999,188.662701784197,7.0677200000000004,80.0,76.0,0,0
1000,217.5055225148683,7.177700000000001,80.0,80.0,0,0
1001,237.06847918436688,7.08655,80.0,84.0,0,0
1002,249.72030586236176,6.989325,80.0,88.0,0,0
1003,252.5349192863212,6.942,80.0,92.0,0,0
1004,250.97434154630423,6.954400000000001,80.0,96.0,0,0
1005,229.43279524214108,7.0257000000000005,80.0,100.0,0,0
1006,216.27935429056924,7.09065,80.0,104.0,0,2
1007,217.2268479184368,7.1049,80.0,108.0,0,1
1008,231.57858963466447,7.103575,80.0,112.0,0,0
1009,245.1779099405269,7.105425,80.0,116.0,0,0
1010,250.91860662701788,7.090624999999999,80.0,120.0,0,0
1011,254.5135089209857,7.0765,80.0,124.0,0,0
1012,252.9250637213254,7.0624,80.0,128.0,0,0
1013,259.16737468139354,7.0443,80.0,132.0,0,0
1014,247.74171622769768,7.014475,80.0,136.0,0,0
1015,245.6795242141036,6.952325,80.0,140.0,0,0
1016,261.4525063721328,6.8972,80.0,144.0,0,0
1017,247.6023789294818,6.87885,80.0,148.0,0,0
1018,262.14919286321174,6.899725,80.0,152.0,0,0
1019,244.39762107051845,6.944732999999999,80.0,156.0,0,0
1020,206.9437553101104,7.02675,80.0,160.0,0,0
1021,174.3109600679693,7.20215,80.0,164.0,0,2
1022,199.89328802039108,7.324975,80.0,168.0,0,0
1023,208.75514018691612,7.08586,80.0,172.0,0,2
1024,267.52761257434145,6.782525000000001,80.0,176.0,0,0
1025,288.7904842820733,6.672625,80.0,180.0,0,0
1026,249.6645709430757,6.742125,80.0,184.0,0,0
1027,221.90858113848756,6.9209249999999995,80.0,188.0,0,0
1028,228.3738317757009,7.0557,80.0,192.0,0,0
1029,265.71622769753617,6.7048000000000005,84.0,0.0,0,0
1030,267.3046728971965,6.683925,84.0,4.0,0,0
1031,271.59626168224304,6.6993,84.0,8.0,0,0
1032,270.98317757009363,6.738525,84.0,12.0,0,0
1033,258.3313508920985,6.772325,84.0,16.0,0,0
1034,234.6440101954122,6.810325,84.0,20.0,0,0
1035,219.62344944774875,6.90045,84.0,24.0,0,2
1036,218.28581138487675,6.9692,84.0,28.0,0,2
1037,220.65454545454557,7.007325,84.0,32.0,0,2
1038,217.36618521665264,7.004325,84.0,36.0,0,2
1039,232.7490229396772,6.95505,84.0,40.0,0,0
1040,211.51401869158892,6.8916,84.0,44.0,0,0
1041,168.84893797791003,7.060549999999999,84.0,48.0,0,0
1042,169.37841971112994,7.1770000000000005,84.0,52.0,0,2
1043,173.11265930331342,7.1945500000000004,84.0,56.0,0,2
1044,214.77451146983867,7.0768,84.0,60.0,0,2
1045,273.5469838572644,6.831225,84.0,64.0,0,0
1046,205.57824978759567,6.999499999999999,84.0,68.0,0,2
1047,206.19133389974516,7.1465499999999995,84.0,72.0,0,2
1048,219.0661002548852,6.962066999999999,84.0,76.0,0,2
1049,207.4732370433303,6.94025,84.0,80.0,0,0
1050,229.4049277824979,7.045375000000001,84.0,84.0,0,0
1051,250.8071367884452,6.93935,84.0,88.0,0,0
1052,196.91146983857288,6.979939999999999,84.0,92.0,0,0
1053,249.52523364485975,7.064225,84.0,96.0,0,0
1054,266.7194562446898,6.92755,84.0,100.0,0,0
1055,223.3855564995754,6.994875,84.0,104.0,0,0
1056,214.858113848768,7.09925,84.0,108.0,0,2
1057,242.5026338147834,7.092524999999999,84.0,112.0,0,0
1058,267.30467289719627,7.065133,84.0,116.0,0,0
1059,262.87374681393385,7.013850000000001,84.0,120.0,0,0
1060,276.94681393373,6.9724,84.0,124.0,0,0
1061,283.5514018691588,6.950925,84.0,128.0,0,0
1062,278.6467289719626,6.94015,84.0,132.0,0,0
1063,264.0720475785897,6.94144,84.0,136.0,0,0
1064,268.69804587935414,6.9327,84.0,140.0,0,0
1065,290.49039932030587,6.9008,84.0,144.0,0,0
1066,292.078844519966,6.864625,84.0,148.0,0,0
1067,287.1463041631266,6.8500000000000005,84.0,152.0,0,0
1068,271.67986406117257,6.861525,84.0,156.0,0,0
1069,259.3067119796092,6.883967,84.0,160.0,0,0
1070,224.30518266779973,6.997325,84.0,164.0,0,0
1071,178.88122344944782,7.15625,84.0,168.0,0,0
1072,219.76278674596412,7.27546,84.0,172.0,0,0
1073,241.49940526762973,7.0481,84.0,176.0,0,0
1074,284.55463041631265,6.7307749999999995,84.0,180.0,0,0
1075,286.533220050977,6.659275,84.0,184.0,0,0
1076,252.81359388275268,6.741725,84.0,188.0,0,0
1077,223.8593033135089,6.924725,84.0,192.0,0,0
1078,223.6920985556501,6.8253,88.0,0.0,0,0
1079,261.14596431605764,6.89386,88.0,4.0,0,0
1080,284.8611724723876,6.784125,88.0,8.0,0,0
1081,275.52557349192875,6.7063749999999995,88.0,12.0,0,0
1082,272.6273576890401,6.696,88.0,16.0,0,0
1083,263.0688190314361,6.738700000000001,88.0,20.0,0,0
1084,257.9133389974511,6.7749500000000005,88.0,24.0,0,0
1085,235.2849617672048,6.803,88.0,28.0,0,0
1086,218.31367884451996,6.872675,88.0,32.0,0,0
1087,219.92999150382343,6.95795,88.0,36.0,0,2
1088,224.8625318606628,7.01445,88.0,40.0,0,0
1089,218.31367884452013,7.0182400000000005,88.0,44.0,0,2
1090,218.39728122344945,7.009575,88.0,48.0,0,2
1091,226.2280373831777,6.9289,88.0,52.0,0,0
1092,232.05233644859825,6.84595,88.0,56.0,0,0
1093,193.28870008496165,6.964449999999999,88.0,60.0,0,0
1094,177.7386576040783,7.1319,88.0,64.0,0,2
1095,170.1865760407818,7.1974,88.0,68.0,0,2
1096,164.1114698385727,7.2951,88.0,72.0,0,2
1097,165.44910790144445,7.2811,88.0,76.0,0,2
1098,146.9729821580288,7.210850000000001,88.0,80.0,0,0
1099,226.03296516567548,7.237125,88.0,84.0,0,0
1100,203.65539507221771,6.863475,88.0,88.0,0,0
1101,216.4465590484283,6.99862,88.0,92.0,0,2
1102,248.29906542056077,6.9962,88.0,96.0,0,0
1103,229.23772302463885,7.0098,88.0,100.0,0,0
1104,261.5639762107053,6.978575,88.0,104.0,0,0
1105,220.68241291418872,6.99025,88.0,108.0,0,0
1106,238.21104502973665,7.0955,88.0,112.0,0,0
1107,290.60186915887857,7.0494,88.0,116.0,0,0
1108,287.17417162277,6.9804,88.0,120.0,0,0
1109,293.6672897196263,6.925050000000001,88.0,124.0,0,0
1110,292.1345794392523,6.8824749999999995,88.0,128.0,0,0
1111,294.86559048428217,6.86665,88.0,132.0,0,0
1112,279.42701784197106,6.863980000000001,88.0,136.0,0,0
1113,285.1677145284623,6.882875,88.0,140.0,0,0
1114,280.6810535259133,6.912599999999999,88.0,144.0,0,0
1115,248.71707731520812,6.948,88.0,148.0,0,0
1116,265.019541206457,6.95155,88.0,152.0,0,0
1117,283.746474086661,6.919474999999999,88.0,156.0,0,0
1118,286.50535259133403,6.902175,88.0,160.0,0,0
1119,278.00577740017,6.900625,88.0,164.0,0,0
1120,246.6270178419713,6.931433,88.0,168.0,0,0
1121,180.77621070518265,7.067725,88.0,172.0,0,0
1122,160.68377230246392,7.332525,88.0,176.0,0,2
1123,218.9267629566696,7.18994,88.0,180.0,0,0
1124,264.9359388275275,6.79495,88.0,184.0,0,0
1125,287.31350892098544,6.691325,88.0,188.0,0,0
1126,279.64995751911647,6.7006499999999996,88.0,192.0,0,0
1127,190.3626168224298,7.0088,92.0,0.0,0,0
1128,190.41835174171612,7.0866999999999996,92.0,4.0,0,2
1129,211.48615123194577,7.059,92.0,8.0,0,2
1130,240.7191163976213,6.971175,92.0,12.0,0,0
1131,286.5053525913338,6.83896,92.0,16.0,0,0
1132,269.0045879354291,6.734249999999999,92.0,20.0,0,0
1133,273.60271877655055,6.692825,92.0,24.0,0,0
1134,278.08937977909954,6.718125000000001,92.0,28.0,0,0
1135,252.61852166525068,6.759925,92.0,32.0,0,0
1136,253.1201359388274,6.78835,92.0,36.0,0,0
1137,216.5580288870008,6.8350670000000004,92.0,40.0,0,0
1138,219.9578589634666,6.920425,92.0,44.0,0,0
1139,221.49056924384035,6.994825,92.0,48.0,0,2
1140,217.4776550552251,7.0344999999999995,92.0,52.0,0,2
1141,211.0960067969413,7.03858,92.0,56.0,0,2
1142,208.61580288870005,7.041225,92.0,60.0,0,2
1143,207.9191163976211,7.05475,92.0,64.0,0,2
1144,196.29838572642305,7.061450000000001,92.0,68.0,0,2
1145,198.10977060322875,7.015325,92.0,72.0,0,0
1146,207.194562446899,6.997425,92.0,76.0,0,0
1147,214.88598130841137,7.0555,92.0,80.0,0,2
1148,153.82837723024636,7.1685669999999995,92.0,84.0,0,0
1149,179.27136788445205,7.286775,92.0,88.0,0,2
1150,231.4392523364488,7.076625,92.0,92.0,0,0
1151,204.15700934579445,6.9695800000000006,92.0,96.0,0,0
1152,237.29141886151228,7.1114250000000006,92.0,100.0,0,0
1153,243.5337298215802,7.024500000000001,92.0,104.0,0,0
1154,239.3814783347493,6.9953,92.0,108.0,0,0
1155,243.2550552251489,7.059374999999999,92.0,112.0,0,0
1156,266.16210705182675,7.068475,92.0,116.0,0,0
1157,302.306202209006,6.9601999999999995,92.0,120.0,0,0
1158,290.8805437553103,6.8854,92.0,124.0,0,0
1159,249.19082412914213,6.897733,92.0,128.0,0,0
1160,229.6000000000001,6.979875,92.0,132.0,0,0
1161,207.7240441801191,7.09275,92.0,136.0,0,2
1162,222.1593882752761,7.128475,92.0,140.0,0,0
1163,226.81325403568397,7.11908,92.0,144.0,0,0
1164,219.3169073916738,7.133225,92.0,148.0,0,0
1165,202.512829226848,7.15085,92.0,152.0,0,2
1166,225.78215802888712,7.12375,92.0,156.0,0,0
1167,248.8564146134238,7.0535,92.0,160.0,0,0
1168,254.31843670348348,6.99775,92.0,164.0,0,0
1169,244.03534409515737,6.98485,92.0,168.0,0,0
1170,256.1019541206458,6.992275,92.0,172.0,0,0
1171,218.64808836023803,7.035033,92.0,176.0,0,0
1172,184.4825828377232,7.153925,92.0,180.0,0,0
1173,173.86508071367894,7.318525,92.0,184.0,0,2
1174,242.948513169074,7.209875,92.0,188.0,0,0
1175,275.8042480883603,6.74092,92.0,192.0,0,0
1176,210.0649107901445,7.0497499999999995,96.0,0.0,0,2
1177,208.75514018691592,7.041525,96.0,4.0,0,2
1178,202.03908241291424,7.071333,96.0,8.0,0,2
1179,190.6134239592184,7.07955,96.0,12.0,0,2
1180,211.37468139337307,7.0587,96.0,16.0,0,2
1181,247.2958368734071,6.98015,96.0,20.0,0,0
1182,286.0594732370432,6.858124999999999,96.0,24.0,0,0
1183,272.265080713679,6.75186,96.0,28.0,0,0
1184,278.06151231945614,6.7017,96.0,32.0,0,0
1185,279.42701784197106,6.7223250000000005,96.0,36.0,0,0
1186,258.30348343245555,6.757924999999999,96.0,40.0,0,0
1187,257.0773152081563,6.781825,96.0,44.0,0,0
1188,231.4113848768054,6.82155,96.0,48.0,0,0
1189,216.50229396771465,6.883075,96.0,52.0,0,0
1190,213.18606627017857,6.947133,96.0,56.0,0,0
1191,212.79592183517437,7.003,96.0,60.0,0,2
1192,203.376720475786,7.056775,96.0,64.0,0,2
1193,201.53746813933756,7.077,96.0,68.0,0,2
1194,197.97043330501288,7.09106,96.0,72.0,0,2
1195,179.7451146983858,7.1078,96.0,76.0,0,0
1196,176.20594732370432,7.132325,96.0,80.0,0,0
1197,213.29753610875127,7.0924,96.0,84.0,0,2
1198,243.08785046728983,7.033875,96.0,88.0,0,0
1199,160.3493627867458,7.140525,96.0,92.0,0,0
1200,206.4978759558201,7.115125,96.0,96.0,0,2
1201,208.448598130841,7.049925,96.0,100.0,0,2
1202,231.80152931180987,7.117100000000001,96.0,104.0,0,0
1203,258.72149532710296,6.9868,96.0,108.0,0,0
1204,213.96635514018703,6.974775,96.0,112.0,0,0
1205,266.2735768903992,7.091175,96.0,116.0,0,0
1206,299.2965165675446,6.9637400000000005,96.0,120.0,0,0
1207,258.97230246389154,6.908,96.0,124.0,0,0
1208,226.7853865760408,6.994425000000001,96.0,128.0,0,0
1209,236.73406966864923,7.065250000000001,96.0,132.0,0,0
1210,224.890399320306,7.0767,96.0,136.0,0,0
1211,256.68717077315205,7.0413749999999995,96.0,140.0,0,0
1212,250.194052676296,6.93025,96.0,144.0,0,0
1213,264.7129991503823,6.90715,96.0,148.0,0,0
1214,273.8813933729823,6.9222,96.0,152.0,0,0
1215,270.4815632965167,6.934349999999999,96.0,156.0,0,0
1216,237.3192863211557,6.961824999999999,96.0,160.0,0,0
1217,208.5043330501276,7.0794,96.0,164.0,0,0
1218,239.13067119796096,7.11944,96.0,168.0,0,0
1219,230.24095157179272,7.076075,96.0,172.0,0,0
1220,228.20662701784204,7.0863000000000005,96.0,176.0,0,0
1221,217.8956669498725,7.09875,96.0,180.0,0,0
1222,190.44621920135955,7.153575,96.0,184.0,0,2
1223,181.38929481733248,7.28235,96.0,188.0,0,2
1224,219.79065420560727,7.31575,96.0,192.0,0,0
1225,195.545964316058,7.057675000000001,100.0,0.0,0,2
1226,210.73372982158023,7.075675,100.0,4.0,0,2
1227,208.00271877655064,7.05095,100.0,8.0,0,2
1228,208.6994052676298,7.0325,100.0,12.0,0,2
1229,208.22565845369604,7.0465,100.0,16.0,0,2
1230,193.51163976210705,7.0688,100.0,20.0,0,2
1231,198.58351741716228,7.0668,100.0,24.0,0,2
1232,208.08632115548016,7.028767,100.0,28.0,0,2
1233,255.01512319456265,6.940725,100.0,32.0,0,0
1234,288.2610025488532,6.832075,100.0,36.0,0,0
1235,280.0679694137639,6.762325,100.0,40.0,0,0
1236,288.0101954120646,6.71598,100.0,44.0,0,0
1237,280.17943925233635,6.732125,100.0,48.0,0,0
1238,273.3519116397624,6.757625,100.0,52.0,0,0
1239,263.8769753610877,6.77885,100.0,56.0,0,0
1240,242.33542905692437,6.8099750000000006,100.0,60.0,0,0
1241,214.16142735768904,6.8648750000000005,100.0,64.0,0,0
1242,213.799150382328,6.9298,100.0,68.0,0,0
1243,212.5729821580289,7.001399999999999,100.0,72.0,0,2
1244,201.28666100254893,7.074725,100.0,76.0,0,2
1245,203.93406966864904,7.1071,100.0,80.0,0,2
1246,193.1772302463892,7.10616,100.0,84.0,0,2
1247,189.5823279524216,7.114050000000001,100.0,88.0,0,2
1248,244.98283772302463,7.0739,100.0,92.0,0,0
1249,175.31418861512316,7.097275,100.0,96.0,0,0
1250,232.05233644859845,7.03205,100.0,100.0,0,0
1251,249.88751062022084,6.91405,100.0,104.0,0,0
1252,259.8361937128293,7.006675,100.0,108.0,0,0
1253,214.5237043330501,7.007575,100.0,112.0,0,0
1254,265.07527612574336,7.089033,100.0,116.0,0,0
1255,297.2343245539507,6.9748,100.0,120.0,0,0
1256,237.43075615972816,6.904450000000001,100.0,124.0,0,0
1257,232.30314358538655,7.01586,100.0,128.0,0,0
1258,222.1872557349193,7.050875,100.0,132.0,0,0
1259,232.86049277824984,7.0181000000000004,100.0,136.0,0,0
1260,243.53372982158044,6.894425,100.0,140.0,0,0
1261,244.9271028037385,6.8361,100.0,144.0,0,0
1262,263.960577740017,6.8189,100.0,148.0,0,0
1263,269.5619371282924,6.81285,100.0,152.0,0,0
1264,264.32285471537807,6.8015669999999995,100.0,156.0,0,0
1265,260.7000849617673,6.782425,100.0,160.0,0,0
1266,288.28887000849613,6.7505500000000005,100.0,164.0,0,0
1267,255.34953271028053,6.8075,100.0,168.0,0,0
1268,244.34188615123185,6.98564,100.0,172.0,0,0
1269,229.4049277824979,7.0379,100.0,176.0,0,0
1270,217.9235344095157,7.127750000000001,100.0,180.0,0,0
1271,208.0305862361938,7.177475,100.0,184.0,0,0
1272,200.33916737468144,7.175275,100.0,188.0,0,2
1273,187.3807986406116,7.216175,100.0,192.0,0,2
1274,250.30552251486824,7.0126,104.0,0.0,0,0
1275,290.7969413763808,6.83424,104.0,4.0,0,0
1276,222.6052676295667,6.8557999999999995,104.0,8.0,0,0
1277,202.9308411214952,7.0178,104.0,12.0,0,2
1278,206.44214103653349,7.067925,104.0,16.0,0,2
1279,206.0241291418863,7.040425,104.0,20.0,0,2
1280,211.5418861512321,7.0438,104.0,24.0,0,2
1281,196.6327952421409,7.0626999999999995,104.0,28.0,0,2
1282,192.20186915887848,7.0723,104.0,32.0,0,2
1283,214.96958368734067,7.058075,104.0,36.0,0,2
1284,227.73288020390828,6.998025,104.0,40.0,0,0
1285,280.1237043330502,6.903519999999999,104.0,44.0,0,0
1286,289.9330501274426,6.81845,104.0,48.0,0,0
1287,289.5986406117247,6.7718,104.0,52.0,0,0
1288,288.20526762956683,6.739575,104.0,56.0,0,0
1289,280.23517417162293,6.74885,104.0,60.0,0,0
1290,273.07323704333066,6.771,104.0,64.0,0,0
1291,252.25624468988963,6.799,104.0,68.0,0,0
1292,215.86134239592184,6.8567,104.0,72.0,0,0
1293,200.98011894647425,6.9394,104.0,76.0,0,0
1294,203.9062022090061,7.04005,104.0,80.0,0,2
1295,204.12914188615127,7.1113,104.0,84.0,0,2
1296,202.26202209005945,7.108075,104.0,88.0,0,2
1297,208.058453695837,7.099125000000001,104.0,92.0,0,2
1298,211.79269328802025,7.138725,104.0,96.0,0,0
1299,176.70756159728126,7.154925,104.0,100.0,0,2
1300,225.6706881903144,7.042975,104.0,104.0,0,0
1301,230.26881903143607,7.007275,104.0,108.0,0,0
1302,220.5152081563299,7.025867,104.0,112.0,0,0
1303,258.1641461342397,7.083275,104.0,116.0,0,0
1304,295.9524214103656,6.989025000000001,104.0,120.0,0,0
1305,227.39847068819017,6.9196,104.0,124.0,0,0
1306,230.60322854715375,7.07222,104.0,128.0,0,0
1307,252.7857264231097,7.0043,104.0,132.0,0,0
1308,242.02888700084964,6.890925,104.0,136.0,0,0
1309,263.48683092608326,6.8595,104.0,140.0,0,0
1310,288.51180968564177,6.8176499999999995,104.0,144.0,0,0
1311,258.08054375531015,6.7891,104.0,148.0,0,0
1312,253.92829226847925,6.791133,104.0,152.0,0,0
1313,265.71622769753617,6.80325,104.0,156.0,0,0
1314,259.3345794392526,6.804325,104.0,160.0,0,0
1315,297.31792693288025,6.774475000000001,104.0,164.0,0,0
1316,289.4035683942227,6.7559,104.0,168.0,0,0
1317,293.6394222599831,6.749675,104.0,172.0,0,0
1318,248.3548003398469,6.768800000000001,104.0,176.0,0,0
1319,232.58181818181836,6.961799999999999,104.0,180.0,0,0
1320,216.69736618521665,7.086475,104.0,184.0,0,0
1321,201.64893797790975,7.1865499999999995,104.0,188.0,0,2
1322,197.19014443500416,7.236700000000001,104.0,192.0,0,2
1323,210.98453695836884,6.880660000000001,108.0,0.0,0,0
1324,214.6909090909089,6.995975,108.0,4.0,0,2
1325,221.239762107052,7.0441,108.0,8.0,0,2
1326,249.9432455395072,6.974824999999999,108.0,12.0,0,0
1327,257.85760407816474,6.875725,108.0,16.0,0,0
1328,207.16669498725585,6.93965,108.0,20.0,0,0
1329,206.27493627867463,7.0384,108.0,24.0,0,2
1330,209.89770603228567,7.074275,108.0,28.0,0,2
1331,214.71877655055232,7.0626999999999995,108.0,32.0,0,2
1332,202.4013593882753,7.0607,108.0,36.0,0,2
1333,195.23942225998303,7.0599,108.0,40.0,0,2
1334,208.39286321155487,7.047325,108.0,44.0,0,2
1335,210.2599830076465,7.014025,108.0,48.0,0,2
1336,230.51962616822448,6.9587,108.0,52.0,0,0
1337,285.8922684791844,6.898625,108.0,56.0,0,0
1338,286.0316057774003,6.8388,108.0,60.0,0,0
1339,285.0283772302464,6.801875,108.0,64.0,0,0
1340,274.7174171622771,6.7942,108.0,68.0,0,0
1341,226.33950722175015,6.834325,108.0,72.0,0,0
1342,198.33271028037396,6.945225,108.0,76.0,0,0
1343,194.8492778249788,7.08392,108.0,80.0,0,2
1344,182.89413763806283,7.16115,108.0,84.0,0,2
1345,186.8791843670349,7.15425,108.0,88.0,0,2
1346,209.17315208156333,7.13525,108.0,92.0,0,2
1347,182.67119796091765,7.1559,108.0,96.0,0,2
1348,239.5208156329652,7.052275,108.0,100.0,0,0
1349,222.02005097706024,6.965675,108.0,104.0,0,0
1350,234.50467289719631,7.114,108.0,108.0,0,0
1351,246.93355989804604,7.0607,108.0,112.0,0,0
1352,296.3983007646559,7.053825,108.0,116.0,0,0
1353,225.41988105352584,6.95442,108.0,120.0,0,0
1354,227.48207306711996,7.081025,108.0,124.0,0,0
1355,235.42429906542063,7.0318000000000005,108.0,128.0,0,0
1356,258.19201359388285,6.91475,108.0,132.0,0,0
1357,259.8083262531861,6.84285,108.0,136.0,0,0
1358,255.29379779099415,6.822175,108.0,140.0,0,0
1359,270.4258283772301,6.8294999999999995,108.0,144.0,0,0
1360,288.03806287170755,6.8085,108.0,148.0,0,0
1361,299.0735768903994,6.773124999999999,108.0,152.0,0,0
1362,293.08207306711984,6.744775,108.0,156.0,0,0
1363,259.3903143585385,6.756625,108.0,160.0,0,0
1364,242.66983857264245,6.81132,108.0,164.0,0,0
1365,236.59473237043332,6.863925,108.0,168.0,0,0
1366,276.5566694987256,6.850275,108.0,172.0,0,0
1367,286.4217502124045,6.785625,108.0,176.0,0,0
1368,294.3918436703484,6.7597000000000005,108.0,180.0,0,0
1369,238.7126593033136,6.852375,108.0,184.0,0,0
1370,240.05029736618556,7.0173,108.0,188.0,0,0
1371,208.61580288870005,7.0204,108.0,192.0,0,0
1372,272.5716227697535,6.8201,112.0,0.0,0,0
1373,270.7602378929482,6.69815,112.0,4.0,0,0
1374,271.98640611724727,6.6937999999999995,112.0,8.0,0,0
1375,218.20220900594745,6.795775000000001,112.0,12.0,0,0
1376,222.43806287170787,6.969075,112.0,16.0,0,2
1377,219.06610025488544,7.0424,112.0,20.0,0,2
1378,244.7041631265929,7.015325,112.0,24.0,0,0
1379,272.0421410365336,6.870775,112.0,28.0,0,0
1380,222.4101954120647,6.852874999999999,112.0,32.0,0,0
1381,200.14409515717944,6.99416,112.0,36.0,0,0
1382,195.32302463891236,7.06005,112.0,40.0,0,2
1383,194.5148683092607,7.0642,112.0,44.0,0,2
1384,195.072217502124,7.0523,112.0,48.0,0,2
1385,210.12064570943085,7.03975,112.0,52.0,0,2
1386,217.7284621920137,7.01175,112.0,56.0,0,2
1387,231.9687340696687,6.96295,112.0,60.0,0,0
1388,289.3757009345795,6.910367,112.0,64.0,0,0
1389,288.4560747663554,6.849550000000001,112.0,68.0,0,0
1390,268.5587085811385,6.8102,112.0,72.0,0,0
1391,214.10569243840268,6.8448,112.0,76.0,0,0
1392,190.08394222599827,6.9949,112.0,80.0,0,0
1393,184.81699235344104,7.1206000000000005,112.0,84.0,0,2
1394,181.0548853016144,7.2333,112.0,88.0,0,2
1395,182.7548003398472,7.260475,112.0,92.0,0,2
1396,172.16516567544613,7.3035749999999995,112.0,96.0,0,2
1397,207.11096006796947,7.1610249999999995,112.0,100.0,0,2
1398,222.80033984706893,6.96265,112.0,104.0,0,0
1399,254.76431605777407,6.9778,112.0,108.0,0,0
1400,219.4005097706033,6.89025,112.0,112.0,0,0
1401,276.6124044180119,7.1503749999999995,112.0,116.0,0,0
1402,253.0644010195413,6.94725,112.0,120.0,0,0
1403,233.5850467289722,6.9724,112.0,124.0,0,0
1404,229.09838572642295,7.03586,112.0,128.0,0,0
1405,252.36771452846236,6.923674999999999,112.0,132.0,0,0
1406,252.7021240441802,6.858925,112.0,136.0,0,0
1407,264.46219201359395,6.822225,112.0,140.0,0,0
1408,294.9213254035685,6.7996,112.0,144.0,0,0
1409,299.7981308411215,6.719675,112.0,148.0,0,0
1410,303.1422259983008,6.626774999999999,112.0,152.0,0,0
1411,301.99966015293126,6.585975,112.0,156.0,0,0
1412,302.0832625318608,6.564467,112.0,160.0,0,0
1413,301.47017841971115,6.564725,112.0,164.0,0,0
1414,301.47017841971115,6.5748500000000005,112.0,168.0,0,0
1415,274.1322005097704,6.62935,112.0,172.0,0,0
1416,247.8531860662704,6.75532,112.0,176.0,0,0
1417,233.47357689039927,6.8187,112.0,180.0,0,0
1418,261.006627017842,6.8134,112.0,184.0,0,0
1419,289.1806287170775,6.768,112.0,188.0,0,0
1420,289.1527612574341,6.7984,112.0,192.0,0,0
1421,196.29838572642325,6.7982249999999995,116.0,0.0,0,0
1422,218.20220900594745,7.10365,116.0,4.0,0,2
1423,220.01359388275276,6.98165,116.0,8.0,0,2
1424,237.90450297366212,6.920475,116.0,12.0,0,0
1425,275.1632965165677,6.7318999999999996,116.0,16.0,0,0
1426,237.8487680543758,6.723775000000001,116.0,20.0,0,0
1427,216.08428207306724,6.8476,116.0,24.0,0,0
1428,226.5903143585388,7.03535,116.0,28.0,0,0
1429,217.75632965165687,7.05,116.0,32.0,0,2
1430,216.92030586236183,7.005575,116.0,36.0,0,2
1431,271.56839422259986,6.892525,116.0,40.0,0,0
1432,283.27272727272725,6.801533,116.0,44.0,0,0
1433,288.3724723874259,6.7970749999999995,116.0,48.0,0,0
1434,287.03483432455414,6.826475,116.0,52.0,0,0
1435,288.31673746813954,6.82488,116.0,56.0,0,0
1436,284.4988954970265,6.809275,116.0,60.0,0,0
1437,253.1480033984708,6.819875000000001,116.0,64.0,0,0
1438,231.0212404418012,6.8713999999999995,116.0,68.0,0,0
1439,203.2373831775701,6.956300000000001,116.0,72.0,0,0
1440,206.9716227697536,7.06565,116.0,76.0,0,2
1441,168.59813084112147,7.1668,116.0,80.0,0,2
1442,166.14579439252338,7.231625,116.0,84.0,0,2
1443,161.51979609175874,7.277699999999999,116.0,88.0,0,2
1444,169.57349192863217,7.22715,116.0,92.0,0,2
1445,230.603228547154,7.09264,116.0,96.0,0,0
1446,285.19558198810546,6.8100000000000005,116.0,100.0,0,0
1447,241.10926083262552,7.02365,116.0,104.0,0,0
1448,218.95463041631277,7.07695,116.0,108.0,0,0
1449,287.75938827527625,7.10995,116.0,112.0,0,0
1450,229.3491928632116,6.960649999999999,116.0,116.0,0,0
1451,230.1852166525066,7.0316,116.0,120.0,0,0
1452,242.1960917587089,7.02355,116.0,124.0,0,0
1453,284.6103653355992,6.890750000000001,116.0,128.0,0,0
1454,259.0001699235345,6.824925,116.0,132.0,0,0
1455,294.4475785896348,6.81825,116.0,136.0,0,0
1456,306.5420560747664,6.71395,116.0,140.0,0,0
1457,302.33406966864914,6.611525,116.0,144.0,0,0
1458,303.58810535259136,6.558375,116.0,148.0,0,0
1459,304.9257434154631,6.551875000000001,116.0,152.0,0,0
1460,300.2161427357689,6.570374999999999,116.0,156.0,0,0
1461,303.69957519116406,6.607575,116.0,160.0,0,0
1462,301.2751062022089,6.64135,116.0,164.0,0,0
1463,300.4112149532712,6.6586,116.0,168.0,0,0
1464,299.9653355989806,6.651625,116.0,172.0,0,0
1465,290.9920135938828,6.636,116.0,176.0,0,0
1466,287.00696686491096,6.64385,116.0,180.0,0,0
1467,241.66661002548835,6.716200000000001,116.0,184.0,0,0
1468,237.6536958368736,6.83225,116.0,188.0,0,0
1469,264.46219201359395,6.789425,116.0,192.0,0,0
1470,175.89940526762962,7.252025,120.0,0.0,0,2
1471,172.4159728122345,7.4352,120.0,4.0,0,2
1472,167.12115548003408,7.402975,120.0,8.0,0,2
1473,219.06610025488544,7.267575,120.0,12.0,0,0
1474,210.4829226847919,7.031825,120.0,16.0,0,2
1475,214.63517417162257,7.025375,120.0,20.0,0,2
1476,265.5490229396771,6.900975,120.0,24.0,0,0
1477,282.6596431605776,6.71825,120.0,28.0,0,0
1478,268.6701784197112,6.68295,120.0,32.0,0,0
1479,220.9053525913339,6.759025,120.0,36.0,0,0
1480,218.0350042480884,6.9241,120.0,40.0,0,0
1481,218.20220900594745,7.032675,120.0,44.0,0,2
1482,233.11129991503824,7.064,120.0,48.0,0,0
1483,227.14766355140205,7.0708,120.0,52.0,0,0
1484,223.49702633814783,7.0668500000000005,120.0,56.0,0,0
1485,227.2591333899745,7.05605,120.0,60.0,0,0
1486,222.91180968564163,7.0666,120.0,64.0,0,0
1487,222.6052676295667,7.0751,120.0,68.0,0,0
1488,213.10246389124904,7.093425000000001,120.0,72.0,0,2
1489,199.94902293967695,7.0863000000000005,120.0,76.0,0,2
1490,225.75429056924395,7.025125,120.0,80.0,0,0
1491,225.83789294817348,6.92735,120.0,84.0,0,0
1492,202.98657604078156,7.001725,120.0,88.0,0,0
1493,302.5848768054377,6.952125,120.0,92.0,0,0
1494,202.87510620220905,6.555375,120.0,96.0,0,0
1495,219.59558198810555,7.0285,120.0,100.0,0,0
1496,220.9053525913341,7.1244250000000005,120.0,104.0,0,0
1497,217.67272727272731,7.11345,120.0,108.0,0,0
1498,265.60475785896347,7.148775,120.0,112.0,0,0
1499,227.7328802039085,6.9817,120.0,116.0,0,0
1500,233.4735768903995,7.059875,120.0,120.0,0,0
1501,243.6173322005097,6.999175,120.0,124.0,0,0
1502,290.0445199660153,6.860975,120.0,128.0,0,0
1503,261.87051826678,6.8149500000000005,120.0,132.0,0,0
1504,297.6802039082413,6.8034,120.0,136.0,0,0
1505,301.6931180968565,6.692349999999999,120.0,140.0,0,0
1506,300.6062871707732,6.5908750000000005,120.0,144.0,0,0
1507,306.4305862361939,6.559875,120.0,148.0,0,0
1508,302.1668649107903,6.5798749999999995,120.0,152.0,0,0
1509,272.5158878504674,6.66085,120.0,156.0,0,0
1510,262.81801189464727,6.7787500000000005,120.0,160.0,0,0
1511,235.675106202209,6.857575000000001,120.0,164.0,0,0
1512,233.86372132540373,6.8935,120.0,168.0,0,0
1513,234.2259983007648,6.89645,120.0,172.0,0,0
1514,232.30314358538655,6.905525,120.0,176.0,0,0
1515,254.402039082413,6.908425,120.0,180.0,0,0
1516,267.4718776550553,6.865875,120.0,184.0,0,0
1517,290.29532710280387,6.787275,120.0,188.0,0,0
1518,255.6839422259984,6.704199999999999,120.0,192.0,0,0
1519,172.6389124893799,7.4093,124.0,0.0,0,2
1520,174.72897196261692,7.420725,124.0,4.0,0,2
1521,175.11911639762093,7.429225000000001,124.0,8.0,0,2
1522,181.64010195412084,7.399625,124.0,12.0,0,2
1523,165.97858963466456,7.312725,124.0,16.0,0,2
1524,212.40577740016988,7.27035,124.0,20.0,0,0
1525,197.7196261682243,7.067424999999999,124.0,24.0,0,2
1526,212.4893797790994,7.072275,124.0,28.0,0,2
1527,231.82939677145305,6.900925,124.0,32.0,0,0
1528,261.92625318606633,6.846875,124.0,36.0,0,0
1529,261.3967714528462,6.758674999999999,124.0,40.0,0,0
1530,289.4035683942227,6.715725,124.0,44.0,0,0
1531,290.49039932030587,6.661875,124.0,48.0,0,0
1532,286.92336448598144,6.668699999999999,124.0,52.0,0,0
1533,292.85913338997443,6.6666,124.0,56.0,0,0
1534,296.8720475785897,6.662375,124.0,60.0,0,0
1535,287.8429906542058,6.663025,124.0,64.0,0,0
1536,256.15768903993217,6.690775,124.0,68.0,0,0
1537,260.19847068819035,6.761475,124.0,72.0,0,0
1538,302.8914188615124,6.763075000000001,124.0,76.0,0,0
1539,214.0220900594732,6.631975,124.0,80.0,0,0
1540,215.22039082412903,6.838525,124.0,84.0,0,0
1541,226.6460492778249,6.921799999999999,124.0,88.0,0,0
1542,213.38113848768057,7.148325,124.0,92.0,0,2
1543,227.5099405267631,7.1526000000000005,124.0,96.0,0,0
1544,234.17026338147843,7.024775,124.0,100.0,0,0
1545,264.2949872557349,7.0032000000000005,124.0,104.0,0,0
1546,220.570943075616,6.975875,124.0,108.0,0,0
1547,253.6774851316909,7.045675,124.0,112.0,0,0
1548,251.4202209005948,6.9045,124.0,116.0,0,0
1549,263.82124044180136,6.834325,124.0,120.0,0,0
1550,268.6701784197112,6.8004750000000005,124.0,124.0,0,0
1551,299.7423959218352,6.792775,124.0,128.0,0,0
1552,302.02752761257443,6.666074999999999,124.0,132.0,0,0
1553,305.4552251486832,6.572575,124.0,136.0,0,0
1554,306.291248937978,6.5687999999999995,124.0,140.0,0,0
1555,275.1354290569245,6.647775,124.0,144.0,0,0
1556,237.5422259983009,6.8043000000000005,124.0,148.0,0,0
1557,261.7311809685644,6.8698500000000005,124.0,152.0,0,0
1558,286.0316057774003,6.844075,124.0,156.0,0,0
1559,252.20050977060328,6.806450000000001,124.0,160.0,0,0
1560,246.6270178419711,6.8001499999999995,124.0,164.0,0,0
1561,262.7901444350043,6.792675,124.0,168.0,0,0
1562,256.4363636363637,6.79425,124.0,172.0,0,0
1563,257.2723874256585,6.800825,124.0,176.0,0,0
1564,262.734409515718,6.814167,124.0,180.0,0,0
1565,283.8579439252337,6.832325,124.0,184.0,0,0
1566,222.1872557349193,6.8691,124.0,188.0,0,0
1567,255.6003398470691,6.944299999999999,124.0,192.0,0,0
1568,240.02242990654213,7.275125,128.0,0.0,0,0
1569,272.9060322854716,7.0367750000000004,128.0,4.0,0,0
1570,182.53186066270175,7.1377999999999995,128.0,8.0,0,2
1571,161.3247238742565,7.3584000000000005,128.0,12.0,0,2
1572,172.88971962616824,7.3641499999999995,128.0,16.0,0,2
1573,168.09651656754454,7.371167,128.0,20.0,0,2
1574,173.0569243840273,7.410275,128.0,24.0,0,2
1575,182.3089209855566,7.386225,128.0,28.0,0,2
1576,171.63568394222602,7.2962,128.0,32.0,0,2
1577,196.0197111299915,7.2770600000000005,128.0,36.0,0,2
1578,233.5850467289722,7.147525,128.0,40.0,0,0
1579,205.02090059473244,7.02475,128.0,44.0,0,2
1580,214.4958368734069,7.05835,128.0,48.0,0,2
1581,212.12710280373835,6.94715,128.0,52.0,0,0
1582,220.54307561597284,6.890225,128.0,56.0,0,0
1583,228.5689039932031,6.8544,128.0,60.0,0,0
1584,229.7950722175021,6.824775,128.0,64.0,0,0
1585,213.10246389124904,6.815200000000001,128.0,68.0,0,0
1586,201.84401019541224,6.893050000000001,128.0,72.0,0,0
1587,262.67867459643185,6.973649999999999,128.0,76.0,0,0
1588,172.97332200509777,6.72955,128.0,80.0,0,0
1589,188.69056924384017,7.274525,128.0,84.0,0,2
1590,174.28309260832634,7.30602,128.0,88.0,0,2
1591,240.96992353440965,7.231875,128.0,92.0,0,0
1592,237.0127442650808,7.045825000000001,128.0,96.0,0,0
1593,288.2052676295666,6.909625,128.0,100.0,0,0
1594,284.74970263381465,6.872325,128.0,104.0,0,0
1595,238.82412914188623,6.9302,128.0,108.0,0,0
1596,240.7191163976213,7.026025,128.0,112.0,0,0
1597,242.44689889549704,6.98975,128.0,116.0,0,0
1598,294.0853016142737,6.811033,128.0,120.0,0,0
1599,265.1867459643163,6.780775,128.0,124.0,0,0
1600,296.8999150382331,6.8187500000000005,128.0,128.0,0,0
1601,301.8603228547154,6.69185,128.0,132.0,0,0
1602,303.58810535259136,6.57484,128.0,136.0,0,0
1603,303.92251486830946,6.564325,128.0,140.0,0,0
1604,273.324044180119,6.66,128.0,144.0,0,0
1605,247.63024638912495,6.818475,128.0,148.0,0,0
1606,280.0401019541207,6.857425,128.0,152.0,0,0
1607,250.08258283772307,6.832833,128.0,156.0,0,0
1608,257.5789294817332,6.789325,128.0,160.0,0,0
1609,260.0591333899747,6.766699999999999,128.0,164.0,0,0
1610,269.0603228547154,6.7079,128.0,168.0,0,0
1611,267.416142735769,6.6884,128.0,172.0,0,0
1612,265.54902293967734,6.679925,128.0,176.0,0,0
1613,263.5704333050128,6.6803,128.0,180.0,0,0
1614,262.14919286321174,6.67985,128.0,184.0,0,0
1615,266.7751911639764,6.690449999999999,128.0,188.0,0,0
1616,266.2457094307563,6.716675,128.0,192.0,0,0
1617,258.9723024638913,7.231925,132.0,0.0,0,0
1618,261.6475785896346,6.668880000000001,132.0,4.0,0,0
1619,258.61002548853,6.7280999999999995,132.0,8.0,0,0
1620,288.8740866610026,6.8854500000000005,132.0,12.0,0,0
1621,226.45097706032288,6.857374999999999,132.0,16.0,0,0
1622,161.63126593033144,7.207350000000001,132.0,20.0,0,2
1623,186.57264231096,7.371575,132.0,24.0,0,2
1624,170.85539507221756,7.349075,132.0,28.0,0,2
1625,171.44061172472402,7.391475,132.0,32.0,0,2
1626,172.8339847068819,7.4053,132.0,36.0,0,2
1627,171.5520815632965,7.4090750000000005,132.0,40.0,0,2
1628,167.92931180968571,7.392725,132.0,44.0,0,2
1629,160.5165675446051,7.382725,132.0,48.0,0,2
1630,153.41036533559918,7.3934999999999995,132.0,52.0,0,2
1631,150.95802888700086,7.45212,132.0,56.0,0,2
1632,150.2892098555651,7.531225,132.0,60.0,0,2
1633,159.48547153780805,7.54025,132.0,64.0,0,2
1634,183.117077315208,7.432799999999999,132.0,68.0,0,2
1635,190.41835174171612,7.32365,132.0,72.0,0,2
1636,190.39048428207295,7.283125,132.0,76.0,0,2
1637,242.3911639762107,7.20085,132.0,80.0,0,0
1638,265.82769753610864,7.001975,132.0,84.0,0,0
1639,284.77757009345805,6.933833,132.0,88.0,0,0
1640,270.7045029736621,6.930825,132.0,92.0,0,0
1641,246.79422259983016,6.9430000000000005,132.0,96.0,0,0
1642,238.6847918436704,7.013199999999999,132.0,100.0,0,0
1643,247.4073067119796,7.02548,132.0,104.0,0,0
1644,271.37332200509763,6.839625,132.0,108.0,0,0
1645,256.4363636363637,6.802875,132.0,112.0,0,0
1646,285.4742565845368,6.808475,132.0,116.0,0,0
1647,301.2193712829228,6.74345,132.0,120.0,0,0
1648,301.609515717927,6.6030999999999995,132.0,124.0,0,0
1649,306.4027187765505,6.5535000000000005,132.0,128.0,0,0
1650,280.9875955819882,6.600775,132.0,132.0,0,0
1651,234.7554800339849,6.76035,132.0,136.0,0,0
1652,283.6628717077315,6.8625750000000005,132.0,140.0,0,0
1653,250.50059473237047,6.8393999999999995,132.0,144.0,0,0
1654,257.52319456244686,6.784275,132.0,148.0,0,0
1655,267.6669498725573,6.7419,132.0,152.0,0,0
1656,268.3636363636365,6.68664,132.0,156.0,0,0
1657,269.0603228547154,6.68565,132.0,160.0,0,0
1658,266.3293118096856,6.6878,132.0,164.0,0,0
1659,261.39677145284645,6.695275,132.0,168.0,0,0
1660,264.0999150382329,6.6998500000000005,132.0,172.0,0,0
1661,262.8180118946475,6.6991000000000005,132.0,176.0,0,0
1662,259.7525913339,6.6952,132.0,180.0,0,0
1663,257.7182667799491,6.690967,132.0,184.0,0,0
1664,257.6067969413764,6.6835,132.0,188.0,0,0
1665,260.08700084961765,6.673525,132.0,192.0,0,0
1666,215.13678844519973,6.8011,136.0,0.0,0,0
1667,193.76244689889563,7.0423,136.0,4.0,0,2
1668,211.31894647408672,7.1212,136.0,8.0,0,2
1669,245.67952421410385,6.975333,136.0,12.0,0,0
1670,258.4428207306712,6.706325,136.0,16.0,0,0
1671,237.1799490229396,6.637025,136.0,20.0,0,0
1672,290.07238742565846,6.899225,136.0,24.0,0,0
1673,241.30433305012752,6.775875,136.0,28.0,0,0
1674,169.04401019541206,7.1262,136.0,32.0,0,2
1675,178.63041631265946,7.38575,136.0,36.0,0,2
1676,163.63772302463894,7.3656,136.0,40.0,0,2
1677,173.14052676295682,7.439674999999999,136.0,44.0,0,2
1678,171.97009345794413,7.427874999999999,136.0,48.0,0,2
1679,171.9700934579439,7.388325,136.0,52.0,0,2
1680,174.92404418011915,7.3446,136.0,56.0,0,2
1681,186.4333050127443,7.3156,136.0,60.0,0,2
1682,200.75717926932907,7.261725,136.0,64.0,0,2
1683,210.7894647408666,7.229533,136.0,68.0,0,2
1684,207.36176720475785,7.197649999999999,136.0,72.0,0,2
1685,205.85692438402705,7.198575,136.0,76.0,0,2
1686,197.02293967714536,7.2584,136.0,80.0,0,2
1687,203.90620220900587,7.26992,136.0,84.0,0,2
1688,213.6876805437555,7.219475,136.0,88.0,0,0
1689,227.8164825828378,7.173125,136.0,92.0,0,0
1690,242.89277824978765,7.08465,136.0,96.0,0,0
1691,257.13305012744263,6.986400000000001,136.0,100.0,0,0
1692,276.8074766355141,6.8195749999999995,136.0,104.0,0,0
1693,262.9016142735768,6.744875,136.0,108.0,0,0
1694,257.7182667799491,6.797775,136.0,112.0,0,0
1695,302.41767204757866,6.845133,136.0,116.0,0,0
1696,301.5259133389975,6.64235,136.0,120.0,0,0
1697,303.7831775700936,6.550725,136.0,124.0,0,0
1698,305.95683942226015,6.551525,136.0,128.0,0,0
1699,259.8083262531861,6.6579,136.0,132.0,0,0
1700,255.76754460492796,6.85282,136.0,136.0,0,0
1701,267.3604078164826,6.848,136.0,140.0,0,0
1702,256.91011045029745,6.7801,136.0,144.0,0,0
1703,270.00781648258294,6.754725,136.0,148.0,0,0
1704,276.05505522514886,6.68105,136.0,152.0,0,0
1705,263.73763806287184,6.688225,136.0,156.0,0,0
1706,272.460152931181,6.7006749999999995,136.0,160.0,0,0
1707,264.99167374681406,6.717225,136.0,164.0,0,0
1708,268.4751062022092,6.73365,136.0,168.0,0,0
1709,263.9884451996602,6.7462670000000005,136.0,172.0,0,0
1710,258.4706881903144,6.74645,136.0,176.0,0,0
1711,258.219881053526,6.749225,136.0,180.0,0,0
1712,258.3034834324553,6.7509,136.0,184.0,0,0
1713,255.87901444350064,6.744025,136.0,188.0,0,0
1714,256.79864061172475,6.728375,136.0,192.0,0,0
1715,252.89719626168244,6.9961,140.0,0.0,0,0
1716,243.00424808836036,6.73295,140.0,4.0,0,0
1717,246.65488530161429,6.8324750000000005,140.0,8.0,0,0
1718,198.49991503823296,6.866767,140.0,12.0,0,0
1719,211.207476635514,7.114175,140.0,16.0,0,2
1720,232.44248088360249,6.994625,140.0,20.0,0,0
1721,263.4589634664403,6.801475000000001,140.0,24.0,0,0
1722,232.9998300764657,6.644159999999999,140.0,28.0,0,0
1723,289.960917587086,6.81515,140.0,32.0,0,0
1724,225.2805437553102,6.85225,140.0,36.0,0,0
1725,190.13967714528465,7.088375,140.0,40.0,0,2
1726,169.15548003398476,7.3348249999999995,140.0,44.0,0,2
1727,163.136108751062,7.3679749999999995,140.0,48.0,0,2
1728,163.33118096856424,7.4186749999999995,140.0,52.0,0,2
1729,166.06219201359386,7.4131,140.0,56.0,0,2
1730,168.26372132540382,7.40135,140.0,60.0,0,2
1731,172.05369583687343,7.3986,140.0,64.0,0,2
1732,187.8545454545456,7.3657,140.0,68.0,0,2
1733,225.2805437553102,7.2814000000000005,140.0,72.0,0,0
1734,234.8390824129142,7.164675,140.0,76.0,0,0
1735,247.4909090909091,7.07142,140.0,80.0,0,0
1736,241.69447748513176,6.93755,140.0,84.0,0,0
1737,243.7845369583688,6.9788250000000005,140.0,88.0,0,0
1738,285.72506372132534,6.966025,140.0,92.0,0,0
1739,288.26100254885296,6.734225,140.0,96.0,0,0
1740,256.2134239592183,6.7775,140.0,100.0,0,0
1741,244.81563296516583,6.831799999999999,140.0,104.0,0,0
1742,303.1979609175871,6.801,140.0,108.0,0,0
1743,301.47017841971115,6.6581,140.0,112.0,0,0
1744,304.98147833474945,6.551525,140.0,116.0,0,0
1745,284.8890399320308,6.573425,140.0,120.0,0,0
1746,233.64078164825835,6.74665,140.0,124.0,0,0
1747,282.687510620221,6.87955,140.0,128.0,0,0
1748,255.934749362787,6.8412250000000006,140.0,132.0,0,0
1749,257.5789294817332,6.786020000000001,140.0,136.0,0,0
1750,267.8620220900593,6.7306,140.0,140.0,0,0
1751,272.43228547153785,6.684675,140.0,144.0,0,0
1752,280.51384876805446,6.69085,140.0,148.0,0,0
1753,272.2093457943927,6.7097750000000005,140.0,152.0,0,0
1754,263.7933729821582,6.737500000000001,140.0,156.0,0,0
1755,257.04944774851333,6.748900000000001,140.0,160.0,0,0
1756,251.7546304163127,6.7492,140.0,164.0,0,0
1757,249.6088360237893,6.7505250000000006,140.0,168.0,0,0
1758,247.26796941376392,6.767399999999999,140.0,172.0,0,0
1759,249.9711129991504,6.7765200000000005,140.0,176.0,0,0
1760,252.42344944774868,6.76685,140.0,180.0,0,0
1761,259.278844519966,6.746025,140.0,184.0,0,0
1762,253.0644010195413,6.74425,140.0,188.0,0,0
1763,254.59711129991524,6.761825,140.0,192.0,0,0
1764,263.7376380628716,6.648467,144.0,0.0,0,0
1765,251.58742565845387,6.7334,144.0,4.0,0,0
1766,268.19643160577743,6.7178,144.0,8.0,0,0
1767,282.13016142735773,6.666659999999999,144.0,12.0,0,0
1768,257.9133389974511,6.6404749999999995,144.0,16.0,0,0
1769,230.07374681393367,6.7133,144.0,20.0,0,0
1770,230.35242141036545,6.910150000000001,144.0,24.0,0,0
1771,195.23942225998303,6.938599999999999,144.0,28.0,0,0
1772,214.3007646559049,7.1148,144.0,32.0,0,2
1773,254.15123194562443,6.892675,144.0,36.0,0,0
1774,256.3248937977912,6.686067,144.0,40.0,0,0
1775,237.9881053525912,6.6326,144.0,44.0,0,0
1776,281.3220050977061,6.8424000000000005,144.0,48.0,0,0
1777,288.9576890399321,6.848800000000001,144.0,52.0,0,0
1778,230.10161427357684,6.794325000000001,144.0,56.0,0,0
1779,232.4703483432454,7.0707,144.0,60.0,0,0
1780,206.72081563296524,7.0981000000000005,144.0,64.0,0,2
1781,206.4421410365337,7.2113000000000005,144.0,68.0,0,2
1782,227.8164825828378,7.235725,144.0,72.0,0,0
1783,237.12421410365343,7.16425,144.0,76.0,0,0
1784,259.64112149532707,7.0103,144.0,80.0,0,0
1785,269.3389974511472,6.889267,144.0,84.0,0,0
1786,289.1248937977912,6.8922,144.0,88.0,0,0
1787,257.6903993203059,6.72075,144.0,92.0,0,0
1788,241.7502124044181,6.714,144.0,96.0,0,0
1789,239.1585386576041,6.799575000000001,144.0,100.0,0,0
1790,267.10960067969427,6.823675000000001,144.0,104.0,0,0
1791,293.4443500424809,6.6949499999999995,144.0,108.0,0,0
1792,292.41325403568385,6.6208,144.0,112.0,0,0
1793,256.15768903993217,6.6970670000000005,144.0,116.0,0,0
1794,256.91011045029745,6.871525,144.0,120.0,0,0
1795,276.8632115548003,6.875575,144.0,124.0,0,0
1796,253.0644010195413,6.79804,144.0,128.0,0,0
1797,259.473916737468,6.774375,144.0,132.0,0,0
1798,269.81274426508094,6.7159,144.0,136.0,0,0
1799,268.3636363636365,6.68045,144.0,140.0,0,0
1800,271.8192013593882,6.695225,144.0,144.0,0,0
1801,268.642310960068,6.72775,144.0,148.0,0,0
1802,267.3325403568392,6.752700000000001,144.0,152.0,0,0
1803,246.8220900594733,6.760567,144.0,156.0,0,0
1804,244.28615123194567,6.768625,144.0,160.0,0,0
1805,245.73525913338997,6.81235,144.0,164.0,0,0
1806,260.7836873406966,6.8607249999999995,144.0,168.0,0,0
1807,255.76754460492796,6.85876,144.0,172.0,0,0
1808,283.551401869159,6.82145,144.0,176.0,0,0
1809,266.71945624469004,6.8104000000000005,144.0,180.0,0,0
1810,281.3220050977061,6.8005,144.0,184.0,0,0
1811,273.57485131690737,6.8020249999999995,144.0,188.0,0,0
1812,273.96499575191183,6.783125,144.0,192.0,0,0
1813,258.4706881903144,6.749275,148.0,0.0,0,0
1814,259.02803738317766,6.7887249999999995,148.0,4.0,0,0
1815,260.8951571792695,6.779075,148.0,8.0,0,0
1816,258.1084112149533,6.758075,148.0,12.0,0,0
1817,268.9488530161427,6.721699999999999,148.0,16.0,0,0
1818,280.2630416312661,6.679567,148.0,20.0,0,0
1819,254.12336448598148,6.628225,148.0,24.0,0,0
1820,231.16057774001703,6.709625,148.0,28.0,0,0
1821,226.116567544605,6.89076,148.0,32.0,0,0
1822,202.98657604078176,6.92845,148.0,36.0,0,0
1823,220.01359388275276,7.10775,148.0,40.0,0,2
1824,235.0898895497028,6.9510250000000005,148.0,44.0,0,0
1825,255.0151231945624,6.79105,148.0,48.0,0,0
1826,265.9949022939679,6.6510750000000005,148.0,52.0,0,0
1827,259.47391673746824,6.614867,148.0,56.0,0,0
1828,255.40526762956688,6.6427,148.0,60.0,0,0
1829,246.90569243840287,6.689724999999999,148.0,64.0,0,0
1830,258.44282073067143,6.72328,148.0,68.0,0,0
1831,261.81478334749363,6.705675,148.0,72.0,0,0
1832,265.96703483432475,6.67865,148.0,76.0,0,0
1833,259.947663551402,6.66545,148.0,80.0,0,0
1834,247.54664401019545,6.698675000000001,148.0,84.0,0,0
1835,232.02446898895505,6.7954,148.0,88.0,0,0
1836,245.4008496176721,6.8951,148.0,92.0,0,0
1837,261.9541206457095,6.860932999999999,148.0,96.0,0,0
1838,249.58096856414613,6.76955,148.0,100.0,0,0
1839,223.8871707731521,6.852125,148.0,104.0,0,0
1840,259.89192863211565,6.92765,148.0,108.0,0,0
1841,252.67425658453703,6.87186,148.0,112.0,0,0
1842,264.4900594732371,6.815425,148.0,116.0,0,0
1843,267.97349192863226,6.768800000000001,148.0,120.0,0,0
1844,268.8931180968564,6.69935,148.0,124.0,0,0
1845,269.9520815632966,6.687975,148.0,128.0,0,0
1846,262.539337298216,6.688133,148.0,132.0,0,0
1847,267.416142735769,6.704199999999999,148.0,136.0,0,0
1848,266.46864910790146,6.7313,148.0,140.0,0,0
1849,255.6839422259984,6.75955,148.0,144.0,0,0
1850,247.85318606627013,6.763940000000001,148.0,148.0,0,0
1851,243.7845369583688,6.808525,148.0,152.0,0,0
1852,258.219881053526,6.85775,148.0,156.0,0,0
1853,253.51028037383185,6.8706000000000005,148.0,160.0,0,0
1854,258.5821580288871,6.838075,148.0,164.0,0,0
1855,229.4049277824979,6.866975,148.0,168.0,0,0
1856,227.6214103653358,6.966367,148.0,172.0,0,0
1857,226.95259133389985,7.002000000000001,148.0,176.0,0,0
1858,232.1638062871707,7.000425,148.0,180.0,0,0
1859,227.34273576890428,7.002975,148.0,184.0,0,0
1860,228.90331350892097,6.997920000000001,148.0,188.0,0,0
1861,236.87340696686488,6.9591,148.0,192.0,0,0
