Wavelenght (nm),Spectrum HN1550_80mW (normalized)
1301.74302788845,0.010709928424097
1301.99203187251,0.010709928424097
1302.24103585657,0.010709928424097
1302.49003984064,0.010709928424097
1302.7390438247,0.010709928424097
1302.98804780877,0.010709928424097
1303.23705179283,0.010709928424097
1303.48605577689,0.010709928424097
1303.73505976096,0.010709928424097
1303.98406374502,0.010709928424097
1304.23306772908,0.010709928424097
1304.48207171315,0.010709928424097
1304.73107569721,0.010709928424097
1304.98007968127,0.010709928424097
1305.22908366534,0.010709928424097
1305.4780876494,0.010709928424097
1305.72709163347,0.010709928424097
1305.97609561753,0.010709928424097
1306.22509960159,0.010709928424097
1306.47410358566,0.0106999433106784
1306.72310756972,0.0106677029553553
1306.97211155378,0.0106442728264808
1307.22111553785,0.0107093604743829
1307.47011952191,0.0109567705411481
1307.71912350598,0.0113982066117664
1307.96812749004,0.0119180527545088
1308.2171314741,0.0123575208777338
1308.46613545817,0.0126022925279161
1308.71513944223,0.0126655936548605
1308.96414342629,0.0126416744832321
1309.21314741036,0.0126096155543446
1309.46215139442,0.0125995253237751
1309.71115537849,0.0125741724967357
1309.96015936255,0.0125275083700208
1310.20916334661,0.0125232376122695
1310.45816733068,0.0126881552867663
1310.70717131474,0.0131215532126243
1310.9561752988,0.0137744568520956
1311.20517928287,0.01444189768545
1311.45418326693,0.0149075970017334
1311.703187251,0.0151120685954213
1311.95219123506,0.0152065339646361
1312.20119521912,0.0154111501087239
1312.45019920319,0.0158189700831383
1312.69920318725,0.0163457139873747
1312.94820717131,0.0168146673736848
1313.19721115538,0.017147755434419
1313.44621513944,0.017418324211878
1313.69521912351,0.01780274578728
1313.94422310757,0.0183903751520826
1314.19322709163,0.0190937946908244
1314.4422310757,0.0196941924528787
1314.69123505976,0.0200351420961206
1314.94023904382,0.020169114253493
1315.18924302789,0.0203432563377006
1315.43824701195,0.0207690365743294
1315.68725099602,0.0214146026290601
1315.93625498008,0.0219923196975267
1316.18525896414,0.0222062604146535
1316.43426294821,0.0220612089255161
1316.68326693227,0.02190443114834
1316.93227091633,0.0221605570045653
1317.1812749004,0.0229362608509662
1317.43027888446,0.0239013281264849
1317.67928286853,0.0245479157132036
1317.92828685259,0.0246589546030041
1318.17729083665,0.0244897779807485
1318.42629482072,0.024564935289465
1318.67529880478,0.0251727907617874
1318.92430278884,0.026129958295176
1319.17330677291,0.0269220595319223
1319.42231075697,0.0271961903605089
1319.67131474104,0.0270609526863631
1319.9203187251,0.0269832140414496
1320.16932270916,0.0273741050525986
1320.41832669323,0.0282614493003815
1320.66733067729,0.0293264501422411
1320.91633466135,0.0302185002201331
1321.16533864542,0.0308284454872
1321.41434262948,0.0312907681665003
1321.66334661355,0.0318109738678655
1321.91235059761,0.0324757657451587
1322.16135458167,0.0332581109083898
1322.41035856574,0.0340780738075178
1322.6593625498,0.034893509307522
1322.90836653386,0.0356891611613908
1323.15737051793,0.036455240331462
1323.40637450199,0.0372149425021971
1323.65537848606,0.038045289120668
1323.90438247012,0.0390704335988389
1324.15338645418,0.0403428470547013
1324.40239043825,0.0417543202390611
1324.65139442231,0.0430740766259237
1324.90039840637,0.0441258192591198
1325.14940239044,0.0449519004124242
1325.3984063745,0.0457833107266482
1325.64741035857,0.0468496484564304
1325.89641434263,0.0482085499600767
1326.14541832669,0.0497368784855844
1326.39442231076,0.0512721165117387
1326.64342629482,0.0527562858677244
1326.89243027888,0.054240245436983
1327.14143426295,0.0558191722931688
1327.39043824701,0.057514987920401
1327.63944223108,0.0592733133144395
1327.88844621514,0.0610075797078324
1328.1374501992,0.0626737328056841
1328.38645418327,0.0643021238541608
1328.63545816733,0.0659553121015226
1328.88446215139,0.0676921035216257
1329.13346613546,0.0695440539598347
1329.38247011952,0.071560259001715
1329.63147410359,0.0737271121755422
1329.88047808765,0.0759100829438596
1330.12948207171,0.0778710409088245
1330.37848605578,0.0794216873483788
1330.62749003984,0.0806120291684185
1330.8764940239,0.0816893103998622
1331.12549800797,0.0829316967477275
1331.37450199203,0.0845464455600973
1331.6235059761,0.0866338136615837
1331.87250996016,0.0892243957406955
1332.12151394422,0.0922279172993873
1332.37051792829,0.0953544005973462
1332.61952191235,0.098291890760499
1332.86852589641,0.10082732866015
1333.11752988048,0.103023728217074
1333.36653386454,0.105104019983716
1333.61553784861,0.107216138887999
1333.86454183267,0.109377240806113
1334.11354581673,0.111492929465222
1334.3625498008,0.113518388939222
1334.61155378486,0.115498052273163
1334.86055776892,0.117513654993114
1335.10956175299,0.119651163668769
1335.35856573705,0.121957003392146
1335.60756972112,0.124446003342394
1335.85657370518,0.127109859078202
1336.10557768924,0.129888714829603
1336.35458167331,0.132683026705052
1336.60358565737,0.135399652932489
1336.85258964143,0.137950131089075
1337.1015936255,0.140291970284658
1337.35059760956,0.142408697253221
1337.59960159363,0.144338341698548
1337.84860557769,0.14621480983204
1338.09760956175,0.148200825714735
1338.34661354582,0.150387622474442
1338.59561752988,0.152696896070633
1338.84462151394,0.1549597128686
1339.09362549801,0.157039481878109
1339.34262948207,0.158914195358522
1339.59163346614,0.160639539200186
1339.8406374502,0.162281102700545
1340.08964143426,0.163895792006289
1340.33864541833,0.16555367985158
1340.58764940239,0.167296974841496
1340.83665338645,0.169068248350346
1341.08565737052,0.170686876389583
1341.33466135458,0.171976243449713
1341.58366533865,0.17295454123208
1341.83266932271,0.173876456917193
1342.08167330677,0.175050551905368
1342.33067729084,0.176581613360392
1342.5796812749,0.178271686914081
1342.82868525896,0.179799436445801
1343.07768924303,0.180981869105845
1343.32669322709,0.181886578908805
1343.57569721116,0.182738880692948
1343.82470119522,0.183672827386234
1344.07370517928,0.184648788476371
1344.32270916335,0.18548479389279
1344.57171314741,0.186070146715483
1344.82071713147,0.186479486955075
1345.06972111554,0.186942777624991
1345.3187250996,0.187649948602148
1345.56772908367,0.188568719497139
1345.81673306773,0.189454243153849
1346.06573705179,0.190051100217216
1346.31474103586,0.190303072785982
1346.56374501992,0.190371287153861
1346.81274900398,0.190473409704277
1347.06175298805,0.190724232040521
1347.31075697211,0.191104250673238
1347.55976095618,0.191524774707461
1347.80876494024,0.191941588891351
1348.0577689243,0.192345535115991
1348.30677290837,0.192761982415726
1348.55577689243,0.19318279598027
1348.80478087649,0.19356740698616
1349.05378486056,0.193862065631099
1349.30278884462,0.194028382576822
1349.55179282869,0.194081593666171
1349.80079681275,0.19409569107727
1350.04980079681,0.194119607981768
1350.29880478088,0.194116393153884
1350.54780876494,0.193955846528701
1350.796812749,0.193527627303262
1351.04581673307,0.19287731075434
1351.29482071713,0.192197171035986
1351.5438247012,0.191693652575251
1351.79282868526,0.191463187096398
1352.04183266932,0.191451597378984
1352.29083665339,0.191556375991667
1352.53984063745,0.191645377496327
1352.78884462151,0.191551913827625
1353.03784860558,0.191106976297765
1353.28685258964,0.190262974199835
1353.53585657371,0.189227927626293
1353.78486055777,0.188344881349293
1354.03386454183,0.187850366523866
1354.2828685259,0.187672247692955
1354.53187250996,0.187523804844806
1354.78087649402,0.187151883154286
1355.02988047809,0.186502849837126
1355.27888446215,0.185698161400901
1355.52788844622,0.184869060258362
1355.77689243028,0.184053987434855
1356.02589641434,0.183192193135122
1356.27490039841,0.182212279866452
1356.52390438247,0.181174405324868
1356.77290836653,0.18026144366355
1357.0219123506,0.179673092469287
1357.27091633466,0.17944724943597
1357.51992031873,0.1793851733756
1357.76892430279,0.179213547060924
1358.01792828685,0.178752736484178
1358.26693227092,0.178029375964495
1358.51593625498,0.177191907434539
1358.76494023904,0.17634961678539
1359.01394422311,0.17554042046508
1359.26294820717,0.174742258468627
1359.51195219123,0.173944096472175
1359.7609561753,0.173145934475722
1360.00996015936,0.17234777247927
1360.25896414343,0.171549610482817
1360.50796812749,0.170751448486365
1360.75697211155,0.169953286489912
1361.00597609562,0.16915512449346
1361.25498007968,0.168356962497007
1361.50398406375,0.167558800500555
1361.75298804781,0.166760638504102
1362.00199203187,0.16596247650765
1362.25099601594,0.165164314511197
1362.5,0.164366152514745
1362.74900398406,0.163567990518292
1362.99800796813,0.162766992221896
1363.24701195219,0.161948354502041
1363.49601593625,0.161125002943666
1363.74501992032,0.160346531279966
1363.99402390438,0.159699656617426
1364.24302788845,0.159216975741952
1364.49203187251,0.158813400267166
1364.74103585657,0.158323731959661
1364.99003984064,0.1576102473977
1365.2390438247,0.156676377316895
1365.48804780877,0.155650876628009
1365.73705179283,0.154672544512253
1365.98605577689,0.153798329082502
1366.23505976096,0.152990936895842
1366.48406374502,0.152186271571229
1366.73306772908,0.151383359522558
1366.98207171315,0.150636416866929
1367.23107569721,0.150020426578097
1367.48007968127,0.14953074371726
1367.72908366534,0.149060663573497
1367.9780876494,0.148465902821992
1368.22709163347,0.147672093486324
1368.47609561753,0.146745790678804
1368.72509960159,0.145810826748171
1368.97410358566,0.144989792695415
1369.22310756972,0.144350365813712
1369.47211155378,0.143946781656353
1369.72111553785,0.143772078893806
1369.97011952191,0.143687894713876
1370.21912350598,0.143444597930825
1370.46812749004,0.142831821057434
1370.7171314741,0.14186558468478
1370.96613545817,0.140787387612316
1371.21513944223,0.139868146076048
1371.46414342629,0.139236906094465
1371.71314741036,0.138850226440017
1371.96215139442,0.138596881243182
1372.21115537849,0.138390363182333
1372.46015936255,0.138143855836739
1372.70916334661,0.137787361148842
1372.95816733068,0.137297935007189
1373.20717131474,0.13676887518781
1373.4561752988,0.136364649193584
1373.70517928287,0.136163539138241
1373.95418326693,0.136069124267762
1374.203187251,0.135860549181599
1374.45219123506,0.13538978550557
1374.70119521912,0.134720622372294
1374.95019920319,0.134093987592487
1375.19920318725,0.133712379905307
1375.44820717131,0.133560691484201
1375.69721115538,0.133413350225995
1375.94621513944,0.133040460519461
1376.19521912351,0.132419360624768
1376.44422310757,0.131737314338363
1376.69322709163,0.131225832050788
1376.9422310757,0.130987109773616
1377.19123505976,0.130956329193011
1377.44023904382,0.130999794325648
1377.68924302789,0.131034526928664
1377.93824701195,0.131039124247775
1378.18725099602,0.131039124247775
1378.43625498008,0.131039124247775
1378.68525896414,0.131039124247775
1378.93426294821,0.131039124247775
1379.18326693227,0.131039124247775
1379.43227091633,0.131039124247775
1379.6812749004,0.131039124247775
1379.93027888446,0.131039124247775
1380.17928286853,0.131039124247775
1380.42828685259,0.131035733827487
1380.67729083665,0.131028058303407
1380.92629482072,0.131025204337652
1381.17529880478,0.131064890454434
1381.42430278884,0.131181599368233
1381.67330677291,0.131318962903291
1381.92231075697,0.131318153661087
1382.17131474104,0.131002108001049
1382.4203187251,0.130344853503542
1382.66932270916,0.129544434526126
1382.91832669323,0.128869753402276
1383.16733067729,0.128503191570937
1383.41633466135,0.12841399131578
1383.66533864542,0.128422272642928
1383.91434262948,0.128425724361634
1384.16334661355,0.128459050163714
1384.41235059761,0.1286780962612
1384.66135458167,0.129170306194643
1384.91035856574,0.129847050446135
1385.1593625498,0.130486612922389
1385.40836653386,0.130892059019199
1385.65737051793,0.131053411276111
1385.90637450199,0.131137893872491
1386.15537848606,0.131340602337996
1386.40438247012,0.131763514501867
1386.65338645418,0.132420703592484
1386.90239043825,0.13328790818498
1387.15139442231,0.134257511852199
1387.40039840637,0.135100247157861
1387.64940239044,0.135560319738512
1387.8984063745,0.13555991627712
1388.14741035857,0.135347587630205
1388.39641434263,0.135306224303371
1388.64541832669,0.135714309809644
1388.89442231076,0.13655289412079
1389.14342629482,0.137624853088818
1389.39243027888,0.138733191592335
1389.64143426295,0.139749713304844
1389.89043824701,0.140632314111314
1390.13944223108,0.141339009694811
1390.38844621514,0.141845879329956
1390.6374501992,0.142142572747225
1390.88645418327,0.142249523086942
1391.13545816733,0.142286176602805
1391.38446215139,0.142466373574715
1391.63346613546,0.142990564679213
1391.88247011952,0.14389439792633
1392.13147410359,0.144964096606696
1392.38047808765,0.145911776425805
1392.62948207171,0.146586869246047
1392.87848605578,0.14706942056269
1393.12749003984,0.147556894367902
1393.3764940239,0.148175141931515
1393.62549800797,0.148928880268645
1393.87450199203,0.149743462501043
1394.1235059761,0.150562809677007
1394.37250996016,0.151366759590092
1394.62151394422,0.152145438460274
1394.87051792829,0.152908618446363
1395.11952191235,0.153704927865081
1395.36852589641,0.154610371155563
1395.61752988048,0.155693605811485
1395.86653386454,0.156967977079635
1396.11553784861,0.15838886668307
1396.36454183267,0.159897307796232
1396.61354581673,0.161439890459508
1396.8625498008,0.162979416649644
1397.11155378486,0.164498331769082
1397.36055776892,0.165975990763575
1397.60956175299,0.167425166428186
1397.85856573705,0.168887472627795
1398.10756972112,0.17035344595933
1398.35657370518,0.171751047212814
1398.60557768924,0.172965038102631
1398.85458167331,0.173949431084415
1399.10358565737,0.174801356597248
1399.35258964143,0.175712792473925
1399.6015936255,0.176827524110627
1399.85059760956,0.178114947177506
1400.09960159363,0.179359606483128
1400.34860557769,0.180394703962643
1400.59760956175,0.181296647448851
1400.84661354582,0.182362458971752
1401.09561752988,0.18388868354783
1401.34462151394,0.185919335311779
1401.59362549801,0.188219934841175
1401.84262948207,0.190491286168995
1402.09163346614,0.192549900176599
1402.3406374502,0.194389634986338
1402.58964143426,0.196102529987287
1402.83864541833,0.19774227519624
1403.08764940239,0.199362348187321
1403.33665338645,0.201003198089982
1403.58565737052,0.202697210716051
1403.83466135458,0.204427475145554
1404.08366533865,0.206125811419117
1404.33266932271,0.207763124485097
1404.58167330677,0.209390478246214
1404.83067729084,0.211105687000377
1405.0796812749,0.212998060616307
1405.32868525896,0.215085539638038
1405.57768924303,0.21730579994003
1405.82669322709,0.21959330672658
1406.07569721116,0.221947673309271
1406.32470119522,0.2244316399199
1406.57370517928,0.227117875385681
1406.82270916335,0.230009530801765
1407.07171314741,0.233043525155051
1407.32071713147,0.236150782844497
1407.56972111554,0.23923800785965
1407.8187250996,0.2422144867226
1408.06772908367,0.24500298013652
1408.31673306773,0.247582242694439
1408.56573705179,0.250061229000324
1408.81474103586,0.252616261249014
1409.06374501992,0.255373181416657
1409.31274900398,0.258301973530469
1409.56175298805,0.261246859751414
1409.81075697211,0.264086287325215
1410.05976095618,0.266831982802959
1410.30876494024,0.269608344738154
1410.5577689243,0.272533968388468
1410.80677290837,0.275620499370204
1411.05577689243,0.278794652347751
1411.30478087649,0.281963288078161
1411.55378486056,0.285041839848426
1411.80278884462,0.287941483281501
1412.05179282869,0.290581736358968
1412.30079681275,0.293040450011199
1412.54980079681,0.295604213717256
1412.79880478088,0.298609349403895
1413.04780876494,0.302234504877204
1413.296812749,0.30631996908516
1413.54581673307,0.310568727837377
1413.79482071713,0.314697465445352
1414.0438247012,0.318555871579268
1414.29282868526,0.322064320407748
1414.54183266932,0.325235595141706
1414.79083665339,0.328292745194355
1415.03984063745,0.331616896719692
1415.28884462151,0.335538046150297
1415.53784860558,0.340070601176874
1415.78685258964,0.344926403319239
1416.03585657371,0.349770012859632
1416.28486055777,0.354411380970209
1416.53386454183,0.358816447385169
1416.7828685259,0.363027612058905
1417.03187250996,0.367140859605373
1417.28087649402,0.371379536960787
1417.52988047809,0.375990956642141
1417.77888446215,0.381055694362067
1418.02788844622,0.386353919426798
1418.27689243028,0.391548913181059
1418.52589641434,0.396390930056181
1418.77490039841,0.40087609190812
1419.02390438247,0.405151979541897
1419.27290836653,0.409362750989478
1419.5219123506,0.41361021256876
1419.77091633466,0.417833778535561
1420.01992031873,0.422094819692761
1420.26892430279,0.426693938517444
1420.51792828685,0.432201732077287
1420.76693227092,0.439041323881554
1421.01593625498,0.446884458651948
1421.26494023904,0.454643049248943
1421.51394422311,0.461185554368321
1421.76294820717,0.46612134318477
1422.01195219123,0.470110538570034
1422.2609561753,0.474166179701038
1422.50996015936,0.478856585183009
1422.75896414343,0.484115232680719
1423.00796812749,0.489519389267695
1423.25697211155,0.494816341403577
1423.50597609562,0.499913897307109
1423.75498007968,0.504773878772653
1424.00398406375,0.509461817523755
1424.25298804781,0.514239522693876
1424.50199203187,0.519542851405639
1424.75099601594,0.525648003902771
1425.0,0.532335718167891
1425.24900398406,0.538963860717943
1425.49800796813,0.544946616459527
1425.74701195219,0.550231675511646
1425.99601593625,0.555321119722792
1426.24501992032,0.560794546578674
1426.49402390438,0.566825380369832
1426.74302788845,0.573127152569294
1426.99203187251,0.579260772243259
1427.24103585657,0.585097077465893
1427.49003984064,0.590870652821938
1427.7390438247,0.596986412694873
1427.98804780877,0.603590297951574
1428.23705179283,0.610437479727202
1428.48605577689,0.617055536300207
1428.73505976096,0.623194691013532
1428.98406374502,0.629068586237072
1429.23306772908,0.635319800067601
1429.48207171315,0.642276287083691
1429.73107569721,0.649521049716416
1429.98007968127,0.655891838727104
1430.22908366534,0.660561425933876
1430.4780876494,0.664037582602941
1430.72709163347,0.66804882837724
1430.97609561753,0.6742886935398
1431.22509960159,0.68303376639127
1431.47410358566,0.692989851945613
1431.72310756972,0.702501250592358
1431.97211155378,0.710669698814389
1432.22111553785,0.717623114930312
1432.47011952191,0.724002582334127
1432.71912350598,0.73016484064601
1432.96812749004,0.73634042206018
1433.2171314741,0.74273267789934
1433.46613545817,0.749274187800667
1433.71513944223,0.755377275358197
1433.96414342629,0.759900597232983
1434.21314741036,0.762439273975083
1434.46215139442,0.764128410121807
1434.71115537849,0.767177683804311
1434.96015936255,0.77336957342661
1435.20916334661,0.782510601963761
1435.45816733068,0.792739659301626
1435.70717131474,0.802062402204717
1435.9561752988,0.809584836727241
1436.20517928287,0.815611242517428
1436.45418326693,0.820846347604244
1436.703187251,0.825679600999688
1436.95219123506,0.830421327068239
1437.20119521912,0.835251400095387
1437.45019920319,0.840302958898291
1437.69920318725,0.845410425278333
1437.94820717131,0.850240587512059
1438.19721115538,0.854673759864848
1438.44621513944,0.858911811710772
1438.69521912351,0.863342941066405
1438.94422310757,0.868202925319383
1439.19322709163,0.873365315590064
1439.4422310757,0.878444220415663
1439.69123505976,0.883138729339459
1439.94023904382,0.887472329369625
1440.18924302789,0.89175794981987
1440.43824701195,0.896279738410036
1440.68725099602,0.901036531165433
1440.93625498008,0.905774814495543
1441.18525896414,0.910210402180803
1441.43426294821,0.914239763789863
1441.68326693227,0.917961779218609
1441.93227091633,0.921543231941321
1442.1812749004,0.925083755015731
1442.43027888446,0.928609072218562
1442.67928286853,0.93208952234674
1442.92828685259,0.935533274554891
1443.17729083665,0.9389623917912
1443.42629482072,0.942434338150763
1443.67529880478,0.945924366000645
1443.92430278884,0.949288592674667
1444.17330677291,0.952306348572051
1444.42231075697,0.954837782262909
1444.67131474104,0.956982095244801
1444.9203187251,0.959037218609945
1445.16932270916,0.961254541616621
1445.41832669323,0.963623080365332
1445.66733067729,0.965892316505506
1445.91633466135,0.967795290255692
1446.16533864542,0.969251178740605
1446.41434262948,0.970361738433744
1446.66334661355,0.971282107330766
1446.91235059761,0.972135001459485
1447.16135458167,0.973017525954831
1447.41035856574,0.974000265605299
1447.6593625498,0.975062355151901
1447.90836653386,0.976018618422439
1448.15737051793,0.976635280705065
1448.40637450199,0.976752476859889
1448.65537848606,0.976417371425698
1448.90438247012,0.975805798198589
1449.15338645418,0.975056253783312
1449.40239043825,0.974196528916713
1449.65139442231,0.973119503879951
1449.90039840637,0.971782269851616
1450.14940239044,0.970298015627483
1450.3984063745,0.968943553119057
1450.64741035857,0.967929264797758
1450.89641434263,0.967117682124026
1451.14541832669,0.966004247282082
1451.39442231076,0.964072008606732
1451.64342629482,0.961252484838428
1451.89243027888,0.958078404474934
1452.14143426295,0.955267418052559
1452.39043824701,0.952980705518689
1452.63944223108,0.950610858916576
1452.88844621514,0.947185890298387
1453.1374501992,0.942339136532299
1453.38645418327,0.936701396952512
1453.63545816733,0.931403374766189
1453.88446215139,0.927239104863404
1454.13346613546,0.924081615687113
1454.38247011952,0.921179036702257
1454.63147410359,0.917871407517662
1454.88047808765,0.913976302219787
1455.12948207171,0.90978741268546
1455.37848605578,0.905551567821154
1455.62749003984,0.901160364774721
1455.8764940239,0.89621131263565
1456.12549800797,0.890321229072732
1456.37450199203,0.883548842089657
1456.6235059761,0.876400388171541
1456.87250996016,0.869451468665151
1457.12151394422,0.863071715740718
1457.37051792829,0.857256100207586
1457.61952191235,0.851825936977229
1457.86852589641,0.846571096411895
1458.11752988048,0.841176211347934
1458.36653386454,0.835307668538377
1458.61553784861,0.828790106647506
1458.86454183267,0.821855947171496
1459.11354581673,0.814872668766194
1459.3625498008,0.808275808652327
1459.61155378486,0.802392950124282
1459.86055776892,0.797698942510402
1460.10956175299,0.794282729123116
1460.35856573705,0.791273569960358
1460.60756972112,0.786906692330021
1460.85657370518,0.779622401596074
1461.10557768924,0.76948565031248
1461.35458167331,0.758364328423515
1461.60358565737,0.74842643975155
1461.85258964143,0.740675169115409
1462.1015936255,0.734502295982775
1462.35059760956,0.728631812341869
1462.59960159363,0.722336332563473
1462.84860557769,0.71547381911277
1463.09760956175,0.708265298365422
1463.34661354582,0.700875622795944
1463.59561752988,0.693565249578046
1463.84462151394,0.6866574865392
1464.09362549801,0.680335111006166
1464.34262948207,0.674397929405254
1464.59163346614,0.668411604696127
1464.8406374502,0.661974418047169
1465.08964143426,0.654979119443485
1465.33864541833,0.64755870362188
1465.58764940239,0.639906999604089
1465.83665338645,0.632214558129303
1466.08565737052,0.624661210413745
1466.33466135458,0.61738684990649
1466.58366533865,0.610471476181942
1466.83266932271,0.603847980086756
1467.08167330677,0.597401243871448
1467.33067729084,0.591022544954662
1467.5796812749,0.584599486470539
1467.82868525896,0.578011153131378
1468.07768924303,0.571285869685447
1468.32669322709,0.564694806319011
1468.57569721116,0.558611905153682
1468.82470119522,0.553282173875171
1469.07370517928,0.548590608839582
1469.32270916335,0.544230756893183
1469.57171314741,0.539886712703639
1469.82071713147,0.53538152004669
1470.06972111554,0.530669183055353
1470.3187250996,0.525746627840229
1470.56772908367,0.52069253336774
1470.81673306773,0.515720122959201
1471.06573705179,0.511026252919146
1471.31474103586,0.506590268890252
1471.56374501992,0.501988378164653
1471.81274900398,0.496698956566728
1472.06175298805,0.491095728290466
1472.31075697211,0.486542002684313
1472.55976095618,0.484633756764924
1472.80876494024,0.486032500353946
1473.0577689243,0.489674864150691
1473.30677290837,0.493761948246231
1473.55577689243,0.496962802260838
1473.80478087649,0.499203713662186
1474.05378486056,0.501319255208435
1474.30278884462,0.503938060161901
1474.55179282869,0.507215437963811
1474.80079681275,0.511036964936775
1475.04980079681,0.515220245449964
1475.29880478088,0.51953021266337
1475.54780876494,0.523656359768422
1475.796812749,0.527344963093849
1476.04581673307,0.530621334244298
1476.29482071713,0.533849282358979
1476.5438247012,0.5374427636675
1476.79282868526,0.541562837062085
1477.04183266932,0.546042905745388
1477.29083665339,0.550598953241952
1477.53984063745,0.555047082368156
1477.78884462151,0.559332514918738
1478.03784860558,0.563471986422393
1478.28685258964,0.567517322502108
1478.53585657371,0.571616811487446
1478.78486055777,0.575984618338973
1479.03386454183,0.580728450351219
1479.2828685259,0.585700599971029
1479.53187250996,0.590593108999052
1479.78087649402,0.595140296129729
1480.02988047809,0.599313057080174
1480.27888446215,0.603290122093219
1480.52788844622,0.607263827205392
1480.77689243028,0.611309344149701
1481.02589641434,0.615408048314227
1481.27490039841,0.619507809650415
1481.52390438247,0.623546844184571
1481.77290836653,0.627440689667001
1482.0219123506,0.631117763053274
1482.27091633466,0.6345306673102
1482.51992031873,0.637701394615634
1482.76892430279,0.640675514966421
1483.01792828685,0.643509985985643
1483.26693227092,0.646272471359682
1483.51593625498,0.649042094932879
1483.76494023904,0.651837368774946
1484.01394422311,0.654551204100584
1484.26294820717,0.656992115885378
1484.51195219123,0.659025796621096
1484.7609561753,0.660704265361388
1485.00996015936,0.662229670646849
1485.25896414343,0.663785978352796
1485.50796812749,0.665397319035533
1485.75697211155,0.6669332269576
1486.00597609562,0.668246392738495
1486.25498007968,0.669298160276175
1486.50398406375,0.670170245053144
1486.75298804781,0.6709782054242
1487.00199203187,0.67171861587595
1487.25099601594,0.672260406453987
1487.5,0.672430221310104
1487.74900398406,0.672168764398828
1487.99800796813,0.671600682129933
1488.24701195219,0.670938116003517
1488.49601593625,0.670306355771591
1488.74501992032,0.669645600596074
1488.99402390438,0.668753190725501
1489.24302788845,0.667515303004473
1489.49203187251,0.666016229389167
1489.74103585657,0.66450914703394
1489.99003984064,0.66317673294556
1490.2390438247,0.661939787940415
1490.48804780877,0.660439823793563
1490.73705179283,0.658366338532706
1490.98605577689,0.655817251257495
1491.23505976096,0.653364823818487
1491.48406374502,0.65161610704394
1491.73306772908,0.650516010856286
1491.98207171315,0.649238433398924
1492.23107569721,0.646773965687959
1492.48007968127,0.642685986866661
1492.72908366534,0.637452283963581
1492.9780876494,0.631904148070419
1493.22709163347,0.626696534907623
1493.47609561753,0.62204892527645
1493.72509960159,0.617870977205928
1493.97410358566,0.614057566915366
1494.22310756972,0.610362785685771
1494.47211155378,0.606413179979677
1494.72111553785,0.601948829824114
1494.97011952191,0.597101289865697
1495.21912350598,0.592438910903821
1495.46812749004,0.58841152091445
1495.7171314741,0.584820559686748
1495.96613545817,0.580841660417577
1496.21513944223,0.575636962858305
1496.46414342629,0.569081606833906
1496.71314741036,0.561885220451545
1496.96215139442,0.554965504577831
1497.21115537849,0.548778079820267
1497.46015936255,0.543109244657205
1497.70916334661,0.537422956026634
1497.95816733068,0.531426811089313
1498.20717131474,0.525110467988166
1498.4561752988,0.518571209019985
1498.70517928287,0.511993549457089
1498.95418326693,0.505682593188231
1499.203187251,0.500022093180982
1499.45219123506,0.495244042749362
1499.70119521912,0.491126991666463
1499.95019920319,0.487140144707592
1500.19920318725,0.482769637050231
1500.44820717131,0.477844945327897
1500.69721115538,0.472553803375198
1500.94621513944,0.467151006541684
1501.19521912351,0.46175545425244
1501.44422310757,0.456357759197122
1501.69322709163,0.450894961176693
1501.9422310757,0.445464000091961
1502.19123505976,0.440284980438712
1502.44023904382,0.435606781310376
1502.68924302789,0.431465596433615
1502.93824701195,0.427532544247834
1503.18725099602,0.423258414173572
1503.43625498008,0.418464418929214
1503.68525896414,0.4136075371869
1503.93426294821,0.409386941402472
1504.18326693227,0.406453096026112
1504.43227091633,0.40501205445042
1504.6812749004,0.4049272481536
1504.93027888446,0.405991157207391
1505.17928286853,0.407934510082925
1505.42828685259,0.410466379126101
1505.67729083665,0.413311733329167
1505.92629482072,0.416318647608918
1506.17529880478,0.419626259023211
1506.42430278884,0.42343551521547
1506.67330677291,0.42760997739131
1506.92231075697,0.431687489601985
1507.17131474104,0.435128704798707
1507.4203187251,0.437913872935025
1507.66932270916,0.440780802821873
1507.91832669323,0.44478620175066
1508.16733067729,0.45038179657653
1508.41633466135,0.456906442229734
1508.66533864542,0.463057175409317
1508.91434262948,0.468018212194458
1509.16334661355,0.472136089687681
1509.41235059761,0.476596698959436
1509.66135458167,0.482315697506476
1509.91035856574,0.489220086681065
1510.1593625498,0.496517861036202
1510.40836653386,0.503375430088143
1510.65737051793,0.509414359796391
1510.90637450199,0.514680145834787
1511.15537848606,0.51936670254053
1511.40438247012,0.523703688875121
1511.65338645418,0.528070526401875
1511.90239043825,0.532821989615932
1512.15139442231,0.538053018743419
1512.40039840637,0.543404579814259
1512.64940239044,0.548349753130658
1512.8984063745,0.552628129137738
1513.14741035857,0.556440105371441
1513.39641434263,0.560259447593362
1513.64541832669,0.564338876080064
1513.89442231076,0.568523792457422
1514.14342629482,0.572396383298215
1514.39243027888,0.575650926936458
1514.64143426295,0.578327995025049
1514.89043824701,0.580730870766353
1515.13944223108,0.583140208451498
1515.38844621514,0.585613527042474
1515.6374501992,0.588011086951449
1515.88645418327,0.590166415124213
1516.13545816733,0.592015886437124
1516.38446215139,0.5936231698086
1516.63346613546,0.595087997531905
1516.88247011952,0.596321357188973
1517.13147410359,0.597076337528391
1517.38047808765,0.597093451969378
1517.62948207171,0.596219065231447
1517.87848605578,0.594532036214165
1518.12749003984,0.592189020239135
1518.3764940239,0.589385421538212
1518.62549800797,0.586319755333587
1518.87450199203,0.583117747880169
1519.1235059761,0.579917370246666
1519.37250996016,0.576744152795828
1519.62151394422,0.573522739698891
1519.87051792829,0.570172529299097
1520.11952191235,0.566639406900486
1520.36852589641,0.562891790600382
1520.61752988048,0.558907338292915
1520.86653386454,0.554684724288392
1521.11553784861,0.550333247524062
1521.36454183267,0.545955105487381
1521.61354581673,0.541347508917358
1521.8625498008,0.535911592874476
1522.11155378486,0.528945471249234
1522.36055776892,0.520610971878991
1522.60956175299,0.512260392748666
1522.85856573705,0.50574864983741
1523.10756972112,0.501704695760003
1523.35657370518,0.498607092116866
1523.60557768924,0.493849818066935
1523.85458167331,0.485683662502449
1524.10358565737,0.474599015912747
1524.35258964143,0.462377592756451
1524.6015936255,0.450797837106508
1524.85059760956,0.440785703890369
1525.09960159363,0.432524218346134
1525.34860557769,0.425957989462685
1525.59760956175,0.42062714366828
1525.84661354582,0.415576532656861
1526.09561752988,0.409865615497245
1526.34462151394,0.403068562675286
1526.59362549801,0.395502438626924
1526.84262948207,0.387736764526533
1527.09163346614,0.380158485751735
1527.3406374502,0.373064129762279
1527.58964143426,0.366717734567827
1527.83864541833,0.360929200895967
1528.08764940239,0.354716546537237
1528.33665338645,0.346421550044025
1528.58565737052,0.335770435532589
1528.83466135458,0.324839828247112
1529.08366533865,0.316859609249201
1529.33266932271,0.314358876510869
1529.58167330677,0.31710517628592
1529.83067729084,0.322886698898952
1530.0796812749,0.329404907411576
1530.32868525896,0.33550003987155
1530.57768924303,0.341229170547824
1530.82669322709,0.346879462275091
1531.07569721116,0.352419703657129
1531.32470119522,0.357905613832472
1531.57370517928,0.363416976685351
1531.82270916335,0.369037238386774
1532.07171314741,0.374880990743276
1532.32071713147,0.381081747919629
1532.56972111554,0.387539104758712
1532.8187250996,0.393807781760718
1533.06772908367,0.399215229638623
1533.31673306773,0.40365781956608
1533.56573705179,0.407986266649489
1533.81474103586,0.413670039962658
1534.06374501992,0.421519854327276
1534.31274900398,0.430764017622847
1534.56175298805,0.439377741281838
1534.81075697211,0.445870746134021
1535.05976095618,0.450686850682975
1535.30876494024,0.455982017729676
1535.5577689243,0.46375192898859
1535.80677290837,0.474100724948525
1536.05577689243,0.485348559257924
1536.30478087649,0.495530153994137
1536.55378486056,0.503754220761738
1536.80278884462,0.5104017262837
1537.05179282869,0.516362164249574
1537.30079681275,0.522166406670886
1537.54980079681,0.52813247708407
1537.79880478088,0.534438262750707
1538.04780876494,0.541017804893458
1538.296812749,0.54726430060168
1538.54581673307,0.552262872242866
1538.79482071713,0.555545377023101
1539.0438247012,0.557651400804733
1539.29282868526,0.559717936632218
1539.54183266932,0.562694547677045
1539.79083665339,0.56666629840041
1540.03984063745,0.571023027579104
1540.28884462151,0.575120984011653
1540.53784860558,0.578671923219539
1540.78685258964,0.581818408305501
1541.03585657371,0.584736181900313
1541.28486055777,0.587161352240251
1541.53386454183,0.58850439087262
1541.7828685259,0.588174715189924
1542.03187250996,0.5860939586875
1542.28087649402,0.582917948484132
1542.52988047809,0.579513823589416
1542.77888446215,0.576398772617376
1543.02788844622,0.573376930540278
1543.27689243028,0.569725693219711
1543.52589641434,0.565248950790397
1543.77490039841,0.560495821989858
1544.02390438247,0.556530065662664
1544.27290836653,0.553965305440151
1544.5219123506,0.552277828323654
1544.77091633466,0.550007116086989
1545.01992031873,0.546018195642639
1545.26892430279,0.540566038004961
1545.51792828685,0.535411804947675
1545.76693227092,0.532124867709572
1546.01593625498,0.530259012903633
1546.26494023904,0.527491610180954
1546.51394422311,0.521297714213069
1546.76294820717,0.510645870568884
1547.01195219123,0.49634315875091
1547.2609561753,0.479700705127392
1547.50996015936,0.462630933603978
1547.75896414343,0.44754104120839
1548.00796812749,0.436638019129352
1548.25697211155,0.430977393633225
1548.50597609562,0.428641022004408
1548.75498007968,0.426273433756914
1549.00398406375,0.421197204610253
1549.25298804781,0.413188866798999
1549.50199203187,0.403911160107223
1549.75099601594,0.394845243015298
1550.0,0.386477668157534
1550.24900398406,0.378376890387591
1550.49800796813,0.370161896434253
1550.74701195219,0.3620892319358
1550.99601593625,0.354876935528892
1551.24501992032,0.349210579057355
1551.49402390438,0.345040821607603
1551.74302788845,0.341528787609762
1551.99203187251,0.337703207050093
1552.24103585657,0.332845731838662
1552.49003984064,0.326847303759582
1552.7390438247,0.320012713055407
1552.98804780877,0.312394269503261
1553.23705179283,0.303914564377485
1553.48605577689,0.294187288234397
1553.73505976096,0.283417828743128
1553.98406374502,0.272568782015286
1554.23306772908,0.262122368783043
1554.48207171315,0.25346208921618
1554.73107569721,0.248746213965214
1554.98007968127,0.250617227494223
1555.22908366534,0.260899355196888
1555.4780876494,0.278432405921349
1555.72709163347,0.299567890802634
1555.97609561753,0.320414981655076
1556.22509960159,0.338636820407174
1556.47410358566,0.35447538584583
1556.72310756972,0.369251735671782
1556.97211155378,0.382851849844913
1557.22111553785,0.39430847214365
1557.47011952191,0.402159486631886
1557.71912350598,0.406856346788385
1557.96812749004,0.41131649405304
1558.2171314741,0.419410698249223
1558.46613545817,0.433238792975859
1558.71513944223,0.450875309984421
1558.96414342629,0.468160479713485
1559.21314741036,0.481746484858237
1559.46215139442,0.491268471750916
1559.71115537849,0.498604833344023
1559.96015936255,0.505636197730235
1560.20916334661,0.513257724074533
1560.45816733068,0.521654886818287
1560.70717131474,0.530755397953439
1560.9561752988,0.54017574780036
1561.20517928287,0.548946388038818
1561.45418326693,0.556111986160675
1561.703187251,0.561547197651464
1561.95219123506,0.566236113872194
1562.20119521912,0.571468400509921
1562.45019920319,0.577841067056825
1562.69920318725,0.584889231422034
1562.94820717131,0.59166187942542
1563.19721115538,0.597553137396044
1563.44621513944,0.602558676034728
1563.69521912351,0.607149721328672
1563.94422310757,0.61151915477885
1564.19322709163,0.615454294053077
1564.4422310757,0.618563167375339
1564.69123505976,0.620471205323177
1564.94023904382,0.62104968813075
1565.18924302789,0.620337041864454
1565.43824701195,0.6184623207129
1565.68725099602,0.615687898662793
1565.93625498008,0.612372159307381
1566.18525896414,0.608838838225688
1566.43426294821,0.605241672858222
1566.68326693227,0.601430911471726
1566.93227091633,0.597154484951013
1567.1812749004,0.592273791346847
1567.43027888446,0.586694944297396
1567.67928286853,0.580249638436655
1567.92828685259,0.57324000795914
1568.17729083665,0.566566726129991
1568.42629482072,0.561466256643181
1568.67529880478,0.558440642716848
1568.92430278884,0.556452920554974
1569.17330677291,0.553665891437572
1569.42231075697,0.548526277216023
1569.67131474104,0.540864523197176
1569.9203187251,0.531631889088396
1570.16932270916,0.521814906775692
1570.41832669323,0.511861305542495
1570.66733067729,0.501639985797006
1570.91633466135,0.490968669041331
1571.16533864542,0.480102014155705
1571.41434262948,0.469556352939666
1571.66334661355,0.459830983507299
1571.91235059761,0.450970069589961
1572.16135458167,0.442361077853342
1572.41035856574,0.433194752400526
1572.6593625498,0.423101397983764
1572.90836653386,0.412427385560551
1573.15737051793,0.401829032131951
1573.40637450199,0.391798609265149
1573.65537848606,0.38244215145221
1573.90438247012,0.373589749466265
1574.15338645418,0.365103947527961
1574.40239043825,0.356872423856207
1574.65139442231,0.348899314331232
1574.90039840637,0.341084610867459
1575.14940239044,0.33316985100812
1575.3984063745,0.324689921298035
1575.64741035857,0.315334522377216
1575.89641434263,0.305456734630798
1576.14541832669,0.296076361959149
1576.39442231076,0.288220559289346
1576.64342629482,0.282137878927144
1576.89243027888,0.276978923503231
1577.14143426295,0.271540921412552
1577.39043824701,0.2654590275556
1577.63944223108,0.25942038340558
1577.88844621514,0.254453314824536
1578.1374501992,0.251396574936619
1578.38645418327,0.250532004292678
1578.63545816733,0.251789556282901
1578.88446215139,0.254991083833361
1579.13346613546,0.259651229100735
1579.38247011952,0.265256317839084
1579.63147410359,0.271236282909551
1579.88047808765,0.2772784701437
1580.12948207171,0.283453760508531
1580.37848605578,0.28983587980939
1580.62749003984,0.296371720715536
1580.8764940239,0.303013312846083
1581.12549800797,0.309716652083935
1581.37450199203,0.316425682789397
1581.6235059761,0.323120647065908
1581.87250996016,0.3298074522196
1582.12151394422,0.336424934204845
1582.37051792829,0.342837363983346
1582.61952191235,0.348842575793012
1582.86852589641,0.354539488305684
1583.11752988048,0.360424454492285
1583.36653386454,0.367141848021276
1583.61553784861,0.375077778156043
1583.86454183267,0.383968073904318
1584.11354581673,0.393272534290002
1584.3625498008,0.402389693676804
1584.61155378486,0.410901545575688
1584.86055776892,0.418525986535436
1585.10956175299,0.42514711288328
1585.35856573705,0.43109807893636
1585.60756972112,0.437185530712451
1585.85657370518,0.444154338577059
1586.10557768924,0.452057108149771
1586.35458167331,0.460165314123358
1586.60358565737,0.467601766449553
1586.85258964143,0.473997152490404
1587.1015936255,0.479627965773612
1587.35059760956,0.485026152921125
1587.59960159363,0.490509259320998
1587.84860557769,0.496147988252215
1588.09760956175,0.501875915275646
1588.34661354582,0.507596023142976
1588.59561752988,0.513104952515924
1588.84462151394,0.518183293248809
1589.09362549801,0.522643605423517
1589.34262948207,0.526488115152392
1589.59163346614,0.529811659527621
1589.8406374502,0.532770675428889
1590.08964143426,0.535571672261473
1590.33864541833,0.538475653771215
1590.58764940239,0.541671965026558
1590.83665338645,0.545059251326929
1591.08565737052,0.548212716112929
1591.33466135458,0.550689493104959
1591.58366533865,0.552376076883226
1591.83266932271,0.553578045660193
1592.08167330677,0.554726463333682
1592.33067729084,0.556023963430908
1592.5796812749,0.557365049267684
1592.82868525896,0.55850085772607
1593.07768924303,0.559272674643302
1593.32669322709,0.559652857248796
1593.57569721116,0.559718896407143
1593.82470119522,0.559494515247512
1594.07370517928,0.55894786373268
1594.32270916335,0.557988088847745
1594.57171314741,0.556583028294014
1594.82071713147,0.55483012750421
1595.06972111554,0.552909003007659
1595.3187250996,0.550983974666145
1595.56772908367,0.549086559084511
1595.81673306773,0.547113567698038
1596.06573705179,0.544936631606516
1596.31474103586,0.54248218408786
1596.56374501992,0.539729010624358
1596.81274900398,0.536684308015571
1597.06175298805,0.533372157712389
1597.31075697211,0.529859054913518
1597.55976095618,0.526213574210137
1597.80876494024,0.522486025609634
1598.0577689243,0.51867437093912
1598.30677290837,0.514770268543913
1598.55577689243,0.510716213025355
1598.80478087649,0.506388958701024
1599.05378486056,0.501569642189384
1599.30278884462,0.4961963527623
1599.55179282869,0.49053524957191
1599.80079681275,0.48507565778595
1600.04980079681,0.480225414504718
1600.29880478088,0.475969204592742
1600.54780876494,0.471959305116702
1600.796812749,0.467781661999343
1601.04581673307,0.463117877796026
1601.29482071713,0.457753408814848
1601.5438247012,0.451574154420608
1601.79282868526,0.444701238573863
1602.04183266932,0.437614696138469
1602.29083665339,0.430845426751085
1602.53984063745,0.424694315625131
1602.78884462151,0.418982434178495
1603.03784860558,0.413284267666694
1603.28685258964,0.407352487653298
1603.53585657371,0.401219320211126
1603.78486055777,0.395081478162012
1604.03386454183,0.389094353466149
1604.2828685259,0.383311358087267
1604.53187250996,0.377693607355026
1604.78087649402,0.37221948692104
1605.02988047809,0.36690267529298
1605.27888446215,0.361808033615403
1605.52788844622,0.356965697293202
1605.77689243028,0.352276930384913
1606.02589641434,0.347509831622979
1606.27490039841,0.342448062032617
1606.52390438247,0.337114564322083
1606.77290836653,0.331815483808244
1607.0219123506,0.326912230998412
1607.27091633466,0.322582502154061
1607.51992031873,0.318704171228216
1607.76892430279,0.315020164413367
1608.01792828685,0.31137321423653
1608.26693227092,0.307751901091591
1608.51593625498,0.304233191737297
1608.76494023904,0.300877940589192
1609.01394422311,0.297728601007204
1609.26294820717,0.294731628372346
1609.51195219123,0.291942747259645
1609.7609561753,0.289578750006878
1610.00996015936,0.287931929745858
1610.25896414343,0.287253897107466
1610.50796812749,0.287559189178142
1610.75697211155,0.288630874737994
1611.00597609562,0.290211301777785
1611.25498007968,0.29213271991587
1611.50398406375,0.294360848720434
1611.75298804781,0.296930706083467
1612.00199203187,0.299794220736409
1612.25099601594,0.302894175130769
1612.5,0.306183275774367
1612.74900398406,0.309640195287817
1612.99800796813,0.313319582812569
1613.24701195219,0.317348234702642
1613.49601593625,0.321729204051825
1613.74501992032,0.326282066070156
1613.99402390438,0.330717817909808
1614.24302788845,0.334852107895881
1614.49203187251,0.338796947970777
1614.74103585657,0.342844585396478
1614.99003984064,0.347287922702431
1615.2390438247,0.352254698222356
1615.48804780877,0.357752042662436
1615.73705179283,0.363717973989701
1615.98605577689,0.369966950938654
1616.23505976096,0.376157436773859
1616.48406374502,0.381972885211992
1616.73306772908,0.387397174248515
1616.98207171315,0.39284663645435
1617.23107569721,0.398861364033529
1617.48007968127,0.405625356099139
1617.72908366534,0.412809055220724
1617.9780876494,0.419896581554746
1618.22709163347,0.426500891896041
1618.47609561753,0.432546325476326
1618.72509960159,0.438081083122362
1618.97410358566,0.443297405022046
1619.22310756972,0.448616479094614
1619.47211155378,0.454636128715739
1619.72111553785,0.461748697552199
1619.97011952191,0.469678014097543
1620.21912350598,0.477699487253825
1620.46812749004,0.485045963877792
1620.7171314741,0.49129168159515
1620.96613545817,0.496279404984152
1621.21513944223,0.500051961188911
1621.46414342629,0.503198785024775
1621.71314741036,0.506988913602677
1621.96215139442,0.51270711660874
1622.21115537849,0.520640222641662
1622.46015936255,0.529496261549309
1622.70916334661,0.537441627854849
1622.95816733068,0.543420088843288
1623.20717131474,0.547865966532134
1623.4561752988,0.55207525940404
1623.70517928287,0.556884563826807
1623.95418326693,0.562251455126772
1624.203187251,0.56751303208786
1624.45219123506,0.572181014375669
1624.70119521912,0.576250451688832
1624.95019920319,0.580062984987668
1625.19920318725,0.583943890790164
1625.44820717131,0.587971353297775
1625.69721115538,0.592031282556195
1625.94621513944,0.595966155821649
1626.19521912351,0.599660072983058
1626.44422310757,0.603028398999328
1626.69322709163,0.606021182250311
1626.9422310757,0.608629751207873
1627.19123505976,0.610945022040374
1627.44023904382,0.613085395169951
1627.68924302789,0.615119878636476
1627.93824701195,0.617020575347057
1628.18725099602,0.618692704922331
1628.43625498008,0.6201079366022
1628.68525896414,0.621326975631992
1628.93426294821,0.622437211516943
1629.18326693227,0.62352978314467
1629.43227091633,0.624653009263325
1629.6812749004,0.625892690214536
1629.93027888446,0.627230880708503
1630.17928286853,0.628430464006967
1630.42828685259,0.629072866895763
1630.67729083665,0.628799569703467
1630.92629482072,0.627630241980928
1631.17529880478,0.625986011523366
1631.42430278884,0.624349180787873
1631.67330677291,0.622962909662539
1631.92231075697,0.621722983365483
1632.17131474104,0.620365575507713
1632.4203187251,0.618842602957136
1632.66932270916,0.617306568734655
1632.91832669323,0.61602423948451
1633.16733067729,0.615052285688173
1633.41633466135,0.614134024273366
1633.66533864542,0.612883448303156
1633.91434262948,0.611004249692041
1634.16334661355,0.608511423712366
1634.41235059761,0.605652620453223
1634.66135458167,0.602637510534816
1634.91035856574,0.59951106730322
1635.1593625498,0.596152216374427
1635.40836653386,0.592466650600084
1635.65737051793,0.588518680660522
1635.90637450199,0.584467180135396
1636.15537848606,0.580477899450583
1636.40438247012,0.576662235427597
1636.65338645418,0.573043600193951
1636.90239043825,0.569602208132033
1637.15139442231,0.566267906064517
1637.40039840637,0.562887034964462
1637.64940239044,0.55930536331166
1637.8984063745,0.555419088379722
1638.14741035857,0.551269769095533
1638.39641434263,0.546962888558669
1638.64541832669,0.542605008699385
1638.89442231076,0.538278865796931
1639.14342629482,0.534059466481612
1639.39243027888,0.529970554701637
1639.64143426295,0.525908545699469
1639.89043824701,0.521668691252816
1640.13944223108,0.517082440442423
1640.38844621514,0.512165232128805
1640.6374501992,0.507078589767098
1640.88645418327,0.502010575200151
1641.13545816733,0.497099108900571
1641.38446215139,0.492450590230952
1641.63346613546,0.488129246674168
1641.88247011952,0.483993458970251
1642.13147410359,0.479605298347629
1642.38047808765,0.474444254028723
1642.62948207171,0.468441690489828
1642.87848605578,0.462220135027664
1643.12749003984,0.456669868815308
1643.3764940239,0.45233172221726
1643.62549800797,0.448955133152898
1643.87450199203,0.445857561552925
1644.1235059761,0.442455506555072
1644.37250996016,0.438558030854636
1644.62151394422,0.43427306258958
1644.87051792829,0.429742647868776
1645.11952191235,0.425132641505808
1645.36852589641,0.420667997753584
1645.61752988048,0.416531941555118
1645.86653386454,0.412702581313657
1646.11553784861,0.408902845008003
1646.36454183267,0.404830377685154
1646.61354581673,0.400441302910247
1646.8625498008,0.395975770297444
1647.11155378486,0.391743891133278
1647.36055776892,0.387947051297883
1647.60956175299,0.384595311811193
1647.85856573705,0.381590992800634
1648.10756972112,0.378863199639975
1648.35657370518,0.376341589710047
1648.60557768924,0.374010198418423
1648.85458167331,0.371787375816703
1649.10358565737,0.369553159657208
1649.35258964143,0.367166504292747
1649.6015936255,0.364547371944845
1649.85059760956,0.361795030483863
1650.09960159363,0.359161265519234
1650.34860557769,0.356867076373008
1650.59760956175,0.354918663549001
1650.84661354582,0.353074838576914
1651.09561752988,0.351085459864195
1651.34462151394,0.348973776677264
1651.59362549801,0.347025682122971
1651.84262948207,0.345572694185412
1652.09163346614,0.3447821710804
1652.3406374502,0.344553152514566
1652.58964143426,0.344652009707028
1652.83864541833,0.344992650372242
1653.08764940239,0.345671743401058
1653.33665338645,0.346924068381008
1653.58565737052,0.34880455835961
1653.83466135458,0.351088146189754
1654.08366533865,0.353420596109716
1654.33266932271,0.355511716825325
1654.58167330677,0.357355376698422
1654.83067729084,0.359146357169629
1655.0796812749,0.361103288733614
1655.32868525896,0.363372555438386
1655.57768924303,0.366066720938727
1655.82669322709,0.369239897246811
1656.07569721116,0.372771295940421
1656.32470119522,0.376324836783571
1656.57370517928,0.379559510679715
1656.82270916335,0.382412767625591
1657.07171314741,0.385183205800213
1657.32071713147,0.388258391920671
1657.56972111554,0.391932221519814
1657.8187250996,0.39630285134457
1658.06772908367,0.401396230060956
1658.31673306773,0.407067651319895
1658.56573705179,0.412884073574207
1658.81474103586,0.418270520449385
1659.06374501992,0.422871334190339
1659.31274900398,0.426953608555542
1659.56175298805,0.431232265824991
1659.81075697211,0.43630104487209
1660.05976095618,0.442177030394827
1660.30876494024,0.448371832655342
1660.5577689243,0.454390756828287
1660.80677290837,0.460115307172042
1661.05577689243,0.465793542263627
1661.30478087649,0.471742666953758
1661.55378486056,0.478024341270882
1661.80278884462,0.484456007932094
1662.05179282869,0.490780622627871
1662.30079681275,0.4969082890181
1662.54980079681,0.502950069596444
1662.79880478088,0.509076940926744
1663.04780876494,0.515459769277173
1663.296812749,0.522231174367945
1663.54581673307,0.529542428543114
1663.79482071713,0.53736877789462
1664.0438247012,0.545365819467005
1664.29282868526,0.552997450347093
1664.54183266932,0.559872214131678
1664.79083665339,0.566115710894768
1665.03984063745,0.572247028179855
1665.28884462151,0.578778049375053
1665.53784860558,0.585882924922825
1665.78685258964,0.593443948331316
1666.03585657371,0.60125189951892
1666.28486055777,0.609071529825418
1666.53386454183,0.616615874828936
1666.7828685259,0.623647080652875
1667.03187250996,0.630093818823013
1667.28087649402,0.636179447933968
1667.52988047809,0.642191176257535
1667.77888446215,0.648424957459996
1668.02788844622,0.655104290586134
1668.27689243028,0.662438502987825
1668.52589641434,0.670389613015733
1668.77490039841,0.678452660053177
1669.02390438247,0.685809402388293
1669.27290836653,0.691966767982709
1669.5219123506,0.697314619832151
1669.77091633466,0.702906200038983
1670.01992031873,0.709635633355834
1670.26892430279,0.717523277150227
1670.51792828685,0.725859315730918
1670.76693227092,0.733846895612233
1671.01593625498,0.741079269941381
1671.26494023904,0.747509237065307
1671.51394422311,0.753256596644365
1671.76294820717,0.758607369724949
1672.01195219123,0.764166377005703
1672.2609561753,0.770570134351576
1672.50996015936,0.777970590877048
1672.75896414343,0.785704482149122
1673.00796812749,0.792796215709312
1673.25697211155,0.798647534333861
1673.50597609562,0.803466176694194
1673.75498007968,0.807868938695218
1674.00398406375,0.812427734385432
1674.25298804781,0.817454161066521
1674.50199203187,0.823092361142568
1674.75099601594,0.829356150703508
1675.0,0.835932420830862
1675.24900398406,0.842175514095529
1675.49800796813,0.847544233636253
1675.74701195219,0.852110779126646
1675.99601593625,0.856608169710234
1676.24501992032,0.861822922320116
1676.49402390438,0.867911447025626
1676.74302788845,0.874326067341463
1676.99203187251,0.880331344821134
1677.24103585657,0.885521818768803
1677.49003984064,0.889955777007291
1677.7390438247,0.893907890821762
1677.98804780877,0.897623567183044
1678.23705179283,0.90134958975769
1678.48605577689,0.905267784220154
1678.73505976096,0.909526178945976
1678.98406374502,0.914057687513069
1679.23306772908,0.918666625267131
1679.48207171315,0.923161735266431
1679.73107569721,0.927449519279398
1679.98007968127,0.931529636485725
1680.22908366534,0.935415895890359
1680.4780876494,0.939137145589256
1680.72709163347,0.942749203141339
1680.97609561753,0.946309007324532
1681.22509960159,0.949853033112006
1681.47410358566,0.953391985806699
1681.72310756972,0.956923048791875
1681.97211155378,0.960402354864298
1682.22111553785,0.963737482965634
1682.47011952191,0.966836989365375
1682.71912350598,0.969642901674174
1682.96812749004,0.972186831402534
1683.2171314741,0.97454595692092
1683.46613545817,0.976774088990787
1683.71513944223,0.97888061518618
1683.96414342629,0.980845724015559
1684.21314741036,0.98265121108566
1684.46215139442,0.984280542334045
1684.71115537849,0.985689256414088
1684.96015936255,0.986870617544392
1685.20916334661,0.987905499808984
1685.45816733068,0.98894793728288
1685.70717131474,0.990131741613294
1685.9561752988,0.991451814433341
1686.20517928287,0.992734870643924
1686.45418326693,0.993786068849493
1686.703187251,0.994579045708131
1686.95219123506,0.995294786111847
1687.20119521912,0.996181008029367
1687.45019920319,0.99729764425558
1687.69920318725,0.998460058023736
1687.94820717131,0.999408185158453
1688.19721115538,0.999936524001502
1688.44621513944,1.0
1688.69521912351,0.999633075383082
1688.94422310757,0.998920792828993
1689.19322709163,0.998037697249009
1689.4422310757,0.997203830804927
1689.69123505976,0.996587671585892
1689.94023904382,0.996144156340932
1690.18924302789,0.995636836843673
1690.43824701195,0.994839670539901
1690.68725099602,0.993707829150933
1690.93625498008,0.992357724012619
1691.18525896414,0.990941650921807
1691.43426294821,0.98956416862811
1691.68326693227,0.988285687189259
1691.93227091633,0.987132920168887
1692.1812749004,0.986078466328739
1692.43027888446,0.984990109193029
1692.67928286853,0.983708525130863
1692.92828685259,0.982154371810251
1693.17729083665,0.980412975499051
1693.42629482072,0.978671123643291
1693.67529880478,0.977022223253163
1693.92430278884,0.975384985043688
1694.17330677291,0.97357287302775
1694.42231075697,0.971440539480366
1694.67131474104,0.968991171710256
1694.9203187251,0.96632476089248
1695.16932270916,0.963557176933544
1695.41832669323,0.960771889575968
1695.66733067729,0.958029240782213
1695.91633466135,0.955361926261144
1696.16533864542,0.952726189270667
1696.41434262948,0.949956484077741
1696.66334661355,0.946876794721796
1696.91235059761,0.943508894145204
1697.16135458167,0.94012564685745
1697.41035856574,0.937072666097542
1697.6593625498,0.934474736645426
1697.90836653386,0.932101751052524
1698.15737051793,0.929575843491761
1698.40637450199,0.926638251594464
1698.65537848606,0.923305426789225
1698.90438247012,0.919750303689022
1699.15338645418,0.916141592731043
1699.40239043825,0.912598884710878
1699.65139442231,0.909195015646528
1699.90039840637,0.905979200694747
1700.14940239044,0.902912220548218
1700.3984063745,0.89989557944319
1700.64741035857,0.896810252080627
1700.89641434263,0.893539871952533
1701.14541832669,0.889990318045043
1701.39442231076,0.886100565314275
1701.64342629482,0.881889939547862
1701.89243027888,0.877499209256352
1702.14143426295,0.873087020948538
1702.39043824701,0.868766962921129
1702.63944223108,0.864541725645008
1702.88844621514,0.860345354672847
1703.1374501992,0.856147916091381
1703.38645418327,0.851941958411408
1703.63545816733,0.847738947231017
1703.88446215139,0.84353797468029
1704.13346613546,0.839326317737647
1704.38247011952,0.835091855414505
1704.63147410359,0.83081908813704
1704.88047808765,0.82649591719375
1705.12948207171,0.822121140991097
1705.37848605578,0.817691793744463
1705.62749003984,0.813198777302355
1705.8764940239,0.808648154094293
1706.12549800797,0.804041708186923
1706.37450199203,0.799333358539674
1706.6235059761,0.794408908257964
1706.87250996016,0.789145012123103
1707.12151394422,0.783611798035968
1707.37051792829,0.778127252440281
1707.61952191235,0.77309090966445
1707.86852589641,0.76862385555089
1708.11752988048,0.764372324514456
1708.36653386454,0.759752398633052
1708.61553784861,0.754412572544278
1708.86454183267,0.748521976357999
1709.11354581673,0.742530478178942
1709.3625498008,0.736855555374234
1709.61155378486,0.731667725174805
1709.86055776892,0.727000129571182
1710.10956175299,0.722774826564413
1710.35856573705,0.718702344248658
1710.60756972112,0.714286271462596
1710.85657370518,0.709091086020448
1711.10557768924,0.703106547250769
1711.35458167331,0.696817365108948
1711.60358565737,0.690797724374038
1711.85258964143,0.685324552245375
1712.1015936255,0.680273704318699
1712.35059760956,0.675351922503708
1712.59960159363,0.670369538330922
1712.84860557769,0.665228035564215
1713.09760956175,0.659893141368021
1713.34661354582,0.654371203649821
1713.59561752988,0.64879157793594
1713.84462151394,0.64331497860615
1714.09362549801,0.638101181036701
1714.34262948207,0.633211961454169
1714.59163346614,0.628688407786627
1714.8406374502,0.624478981704904
1715.08964143426,0.620356883419185
1715.33864541833,0.61593932845295
1715.58764940239,0.610911692431557
1715.83665338645,0.605328437925203
1716.08565737052,0.599643196298363
1716.33466135458,0.594351517771135
1716.58366533865,0.589615016325103
1716.83266932271,0.585189810457708
1717.08167330677,0.580702281654427
1717.33067729084,0.575932520958543
1717.5796812749,0.5708403809456
1717.82868525896,0.565450577185283
1718.07768924303,0.559910601238504
1718.32669322709,0.554565007886254
1718.57569721116,0.549867586409621
1718.82470119522,0.546030242114605
1719.07370517928,0.542705196947838
1719.32270916335,0.539184214614129
1719.57171314741,0.534915402337217
1719.82071713147,0.529950878737884
1720.06972111554,0.524832752391255
1720.3187250996,0.52008900004087
1720.56772908367,0.515861491236026
1720.81673306773,0.511970035623078
1721.06573705179,0.50815236275369
1721.31474103586,0.504194399303713
1721.56374501992,0.499884024144583
1721.81274900398,0.495059122996216
1722.06175298805,0.489786380614753
1722.31075697211,0.484488686212415
1722.55976095618,0.479687882764167
1722.80876494024,0.475607189220333
1723.0577689243,0.471932411373847
1723.30677290837,0.468100894125049
1723.55577689243,0.463728060352822
1723.80478087649,0.458843049490946
1724.05378486056,0.453703203559217
1724.30278884462,0.448579358855093
1724.55179282869,0.443678683345195
1724.80079681275,0.439158033512253
1725.04980079681,0.435112336318543
1725.29880478088,0.431438322520859
1725.54780876494,0.427851278489268
1725.796812749,0.424064000739694
1726.04581673307,0.419960962087843
1726.29482071713,0.415615090744642
1726.5438247012,0.411162506685931
1726.79282868526,0.406755815564199
1727.04183266932,0.402601300337507
1727.29083665339,0.398900860992729
1727.53984063745,0.395633729345178
1727.78884462151,0.39242651220894
1728.03784860558,0.38877858499987
1728.28685258964,0.384411405671766
1728.53585657371,0.379528981439604
1728.78486055777,0.374586808315393
1729.03386454183,0.369958287130708
1729.2828685259,0.365724998766438
1729.53187250996,0.361718102415153
1729.78087649402,0.357805299719578
1730.02988047809,0.353975306226939
1730.27888446215,0.350324545134871
1730.52788844622,0.34692355139677
1730.77689243028,0.343700502430629
1731.02589641434,0.340463974736993
1731.27490039841,0.337025530234584
1731.52390438247,0.333347320842815
1731.77290836653,0.329582094933756
1732.0219123506,0.325932544616208
1732.27091633466,0.322512664197056
1732.51992031873,0.319306512424498
1732.76892430279,0.316236463017944
1733.01792828685,0.31323531534553
1733.26693227092,0.310238885397255
1733.51593625498,0.307205101947453
1733.76494023904,0.304093023090521
1734.01394422311,0.3009077369338
1734.26294820717,0.297682625062059
1734.51195219123,0.294455425834514
1734.7609561753,0.291256311470657
1735.00996015936,0.288087764398309
1735.25896414343,0.284964569948808
1735.50796812749,0.281928666329574
1735.75697211155,0.279054194802351
1736.00597609562,0.276396145958807
1736.25498007968,0.273897833974722
1736.50398406375,0.271378129649463
1736.75298804781,0.268645798571463
1737.00199203187,0.265656059287552
1737.25099601594,0.262572455784338
1737.5,0.259625371724166
1737.74900398406,0.256946387052433
1737.99800796813,0.254498170602349
1738.24701195219,0.252168518638626
1738.49601593625,0.249845793965736
1738.74501992032,0.247435498591943
1738.99402390438,0.244859477436259
1739.24302788845,0.242079011577466
1739.49203187251,0.239172174409525
1739.74103585657,0.236294711236636
1739.99003984064,0.233588169307382
1740.2390438247,0.231080781372638
1740.48804780877,0.228683087578218
1740.73705179283,0.226298919734038
1740.98605577689,0.223912198796124
1741.23505976096,0.22159093024888
1741.48406374502,0.219416876286281
1741.73306772908,0.217366900566755
1741.98207171315,0.215313688039371
1742.23107569721,0.213109820312985
1742.48007968127,0.210688374871349
1742.72908366534,0.208118614500295
1742.9780876494,0.205519760615288
1743.22709163347,0.202994854583939
1743.47609561753,0.200595617884562
1743.72509960159,0.198339519285939
1743.97410358566,0.196221271205735
1744.22310756972,0.194172286748711
1744.47211155378,0.192062592782083
1744.72111553785,0.189811752678963
1744.97011952191,0.187487068824756
1745.21912350598,0.185295261431059
1745.46812749004,0.183410624764011
1745.7171314741,0.181803221945875
1745.96613545817,0.180256923771608
1746.21513944223,0.178535522850397
1746.46414342629,0.176533947845657
1746.71314741036,0.174303118990077
1746.96215139442,0.171949998319274
1747.21115537849,0.169581238994923
1747.46015936255,0.167311142940083
1747.70916334661,0.165225410831585
1747.95816733068,0.163382220309028
1748.20717131474,0.161730170455845
1748.4561752988,0.160168021016684
1748.70517928287,0.15860924971401
1748.95418326693,0.157021345941322
1749.203187251,0.15541059014247
1749.45219123506,0.153791150708563
1749.70119521912,0.152198149150676
1749.95019920319,0.150697091931967
1750.19920318725,0.149331957445407
1750.44820717131,0.148068627182695
1750.69721115538,0.146803258868095
1750.94621513944,0.145433218613954
1751.19521912351,0.143931803336837
1751.44422310757,0.142367176182257
1751.69322709163,0.140831644132854
1751.9422310757,0.139350608064635
1752.19123505976,0.137871566689221
1752.44023904382,0.136308927777517
1752.68924302789,0.13464132722103
1752.93824701195,0.13292846108559
1753.18725099602,0.131252806314361
1753.43625498008,0.129690460717381
1753.68525896414,0.128274860789452
1753.93426294821,0.127029070694844
1754.18326693227,0.125930914194229
1754.43227091633,0.124875453552018
1754.6812749004,0.123683343790159
1754.93027888446,0.122233690006353
1755.17928286853,0.120604977359553
1755.42828685259,0.119062321024383
1755.67729083665,0.11785060839991
1755.92629482072,0.116980490503854
1756.17529880478,0.116218641090716
1756.42430278884,0.115292915077706
1756.67330677291,0.114107606911431
1756.92231075697,0.112772565590953
1757.17131474104,0.111468212239375
1757.4203187251,0.110306741117846
1757.66932270916,0.109320183297193
1757.91832669323,0.10850545515337
1758.16733067729,0.107811249280184
1758.41633466135,0.107101234679171
1758.66533864542,0.106222612790422
1758.91434262948,0.105051886321011
1759.16334661355,0.103600740961786
1759.41235059761,0.101939749442354
1759.66135458167,0.100182685587091
1759.91035856574,0.098474785207794
1760.1593625498,0.0969638171600962
1760.40836653386,0.0957708091783327
1760.65737051793,0.0948952639632125
1760.90637450199,0.0942002699653733
1761.15537848606,0.0935280898941723
1761.40438247012,0.0927914508715455
1761.65338645418,0.0919962891121997
1761.90239043825,0.0911913101038014
1762.15139442231,0.09038845658369
1762.40039840637,0.0895853567180396
1762.64940239044,0.0887646925996687
1762.8984063745,0.0879434208624088
1763.14741035857,0.0871770729790262
1763.39641434263,0.0865512392636949
1763.64541832669,0.0860857596934508
1763.89442231076,0.0856804592575736
1764.14342629482,0.0851681220390834
1764.39243027888,0.0844233199688863
1764.64143426295,0.0834700852352345
1764.89043824701,0.0824441204756409
1765.13944223108,0.0814777155310917
1765.38844621514,0.080615858151772
1765.6374501992,0.0798200875356419
1765.88645418327,0.0790374754299759
1766.13545816733,0.0782474164380009
1766.38446215139,0.0774423781935134
1766.63346613546,0.0766225473631195
1766.88247011952,0.0758092693941308
1767.13147410359,0.0750586325408284
1767.38047808765,0.0744380496171683
1767.62948207171,0.0739455111652394
1767.87848605578,0.0734798176425255
1768.12749003984,0.0729087452946968
1768.3764940239,0.072142177037799
1768.62549800797,0.0711989225969576
1768.87450199203,0.0701222022945946
1769.1235059761,0.0690130480699349
1769.37250996016,0.0680318108478946
1769.62151394422,0.0673912711825264
1769.87051792829,0.0672231848469329
1770.11952191235,0.0674025345763747
1770.36852589641,0.067610299932919
1770.61752988048,0.0675251750701489
1770.86653386454,0.0670127003317278
1771.11553784861,0.0661435678444705
1771.36454183267,0.0650560031664471
1771.61354581673,0.0638868393989637
1771.8625498008,0.0627833462530357
1772.11155378486,0.061852785768894
1772.36055776892,0.0611901967950987
1772.60956175299,0.0607912566303492
1772.85856573705,0.0606243290173743
1773.10756972112,0.0605890447734142
1773.35657370518,0.0604977886893796
1773.60557768924,0.060136047267239
1773.85458167331,0.0593768561833322
1774.10358565737,0.0583399609861499
1774.35258964143,0.0572891642281573
1774.6015936255,0.0564630367071238
1774.85059760956,0.0559243857264714
1775.09960159363,0.0555933197976654
1775.34860557769,0.0553654503010943
1775.59760956175,0.0551554180167242
1775.84661354582,0.0548834816823382
1776.09561752988,0.0544901810218566
1776.34462151394,0.0539765232237165
1776.59362549801,0.0534412312540753
1776.84262948207,0.0530032666956656
1777.09163346614,0.0526964623012835
1777.3406374502,0.0524382141821715
1777.58964143426,0.0520986165035787
1777.83864541833,0.051625245672089
1778.08764940239,0.0510840260473088
1778.33665338645,0.0506061692114288
1778.58565737052,0.0502617292117819
1778.83466135458,0.0500022180341328
1779.08366533865,0.0496920123618891
1779.33266932271,0.0492476306019874
1779.58167330677,0.0487163654638267
1779.83067729084,0.0482426425442877
1780.0796812749,0.0479497306353479
1780.32868525896,0.0478399588602678
1780.57768924303,0.0478208905752375
1780.82669322709,0.0477835599724306
1781.07569721116,0.0476537183792586
1781.32470119522,0.0473937661240337
1781.57370517928,0.0469912868060465
1781.82270916335,0.0464721503030492
1782.07171314741,0.0459324198279464
1782.32071713147,0.0454811452111961
1782.56972111554,0.0451630451353473
1782.8187250996,0.0449046054287988
1783.06772908367,0.0445684885481863
1783.31673306773,0.0440969672771935
1783.56573705179,0.0435649650939048
1783.81474103586,0.0431229482159192
1784.06374501992,0.0428735979937135
1784.31274900398,0.0427911990978421
1784.56175298805,0.0427767207092809
1784.81075697211,0.0427243170637463
1785.05976095618,0.0425693707280785
1785.30876494024,0.042275098612021
1785.5577689243,0.0418314001540622
1785.80677290837,0.0412940484138997
1786.05577689243,0.040790566503635
1786.30478087649,0.0404453865673665
1786.55378486056,0.0402956751235792
1786.80278884462,0.0402636595085802
1787.05179282869,0.0402399494856207
1787.30079681275,0.0401385647063713
1787.54980079681,0.0399123371000561
1787.79880478088,0.0395376795710971
1788.04780876494,0.0390318367379904
1788.296812749,0.0384946184746478
1788.54581673307,0.0380480355498793
1788.79482071713,0.037791538261544
1789.0438247012,0.0377261866579423
1789.29282868526,0.0378178162986653
1789.54183266932,0.0379880173599648
1789.79083665339,0.0381070984644038
1790.03984063745,0.0379990162409797
1790.28884462151,0.0375377149330634
1790.53784860558,0.0367906761659322
1790.78685258964,0.036006926346885
1791.03585657371,0.0354440948390702
1791.28486055777,0.0352029844185552
1791.53386454183,0.0351980583145302
1791.7828685259,0.0352834970266704
1792.03187250996,0.0353429766511681
1792.28087649402,0.0352842596146734
1792.52988047809,0.035049292275215
1792.77888446215,0.0346195084037936
1793.02788844622,0.0340855830168732
1793.27689243028,0.0335734535763158
1793.52589641434,0.0331882589780118
1793.77490039841,0.0329505640992298
1794.02390438247,0.0328192197013101
1794.27290836653,0.0327579659584633
1794.5219123506,0.0327384323452837
1794.77091633466,0.0327438563769468
1795.01992031873,0.0327552112005057
1795.26892430279,0.0327597810619437
1795.51792828685,0.0327745715649787
1795.76693227092,0.0328089853174932
1796.01593625498,0.0328228921552014
1796.26494023904,0.0327310827999065
1796.51394422311,0.0324522977635524
1796.76294820717,0.0319893841115265
1797.01195219123,0.0314489841395728
1797.2609561753,0.030957849606425
1797.50996015936,0.0306053945086841
1797.75896414343,0.0303943894175717
1798.00796812749,0.0302743346653982
1798.25697211155,0.0302173897309883
1798.50597609562,0.0302124071242538
1798.75498007968,0.030284741890187
1799.00398406375,0.0304131777580947
1799.25298804781,0.0305195754895097
1799.50199203187,0.0305230166668697
1799.75099601594,0.0303350283001119
1800.0,0.029908146634144
