File,MUESTRA_0_18_30.csv,
Date/Time,23-02-16/19:25,

Center Wavelength,1471.1,nm
Span Wavelength,557.6,nm
Start Wavelength,1192.3,nm
Stop Wavelength,1749.9,nm
Value In Air/Vacuum,Vacuum,
Optical Attenuater,Off,
Resolution,0.5,nm
Actual Resolution,0.494,nm
VBW,2000,Hz
Point Average,Off,
Sweep Average,1,
Smooth,Off,
Sampling Points,2001,pt
Trace Type,Write,
Trace Storage Mode,Off,
Trace Calculate Trace 1,-,
Trace Calculate Trace 2,-,
Dynamic Range,Normal,
Ext-Trigger,Off,
Interval Time,Off,
MM Mode,Off,

Trace,A
Start,1192.3,nm
Stop,1749.9,nm
1192.300000,8.4330E-007
1192.578800,8.9730E-007
1192.857600,8.3990E-007
1193.136400,8.6850E-007
1193.415200,8.6570E-007
1193.694000,8.3960E-007
1193.972800,8.6530E-007
1194.251600,7.7560E-007
1194.530400,8.1290E-007
1194.809200,8.4250E-007
1195.088000,7.7190E-007
1195.366800,8.1900E-007
1195.645600,8.9250E-007
1195.924400,8.2160E-007
1196.203200,8.5080E-007
1196.482000,7.7950E-007
1196.760800,8.5660E-007
1197.039600,8.1270E-007
1197.318400,8.3220E-007
1197.597200,8.6290E-007
1197.876000,8.1350E-007
1198.154800,8.4030E-007
1198.433600,8.3330E-007
1198.712400,8.4660E-007
1198.991200,8.6790E-007
1199.270000,8.4790E-007
1199.548800,8.4780E-007
1199.827600,8.3240E-007
1200.106400,8.6260E-007
1200.385200,8.0820E-007
1200.664000,8.3750E-007
1200.942800,8.4770E-007
1201.221600,8.5930E-007
1201.500400,8.2390E-007
1201.779200,8.5250E-007
1202.058000,7.9920E-007
1202.336800,8.5900E-007
1202.615600,8.7010E-007
1202.894400,8.2460E-007
1203.173200,8.3830E-007
1203.452000,8.5930E-007
1203.730800,8.6070E-007
1204.009600,8.4700E-007
1204.288400,8.6720E-007
1204.567200,8.3890E-007
1204.846000,7.9170E-007
1205.124800,8.2150E-007
1205.403600,8.3430E-007
1205.682400,8.6030E-007
1205.961200,7.9360E-007
1206.240000,8.3570E-007
1206.518800,9.0580E-007
1206.797600,8.2700E-007
1207.076400,8.8410E-007
1207.355200,8.6150E-007
1207.634000,8.3620E-007
1207.912800,8.2650E-007
1208.191600,8.1160E-007
1208.470400,7.9580E-007
1208.749200,8.2510E-007
1209.028000,8.4220E-007
1209.306800,8.4640E-007
1209.585600,8.0140E-007
1209.864400,8.6630E-007
1210.143200,8.4410E-007
1210.422000,8.1970E-007
1210.700800,8.3210E-007
1210.979600,8.3410E-007
1211.258400,8.5700E-007
1211.537200,8.5670E-007
1211.816000,8.3490E-007
1212.094800,8.2260E-007
1212.373600,8.0650E-007
1212.652400,8.0920E-007
1212.931200,7.9210E-007
1213.210000,8.0670E-007
1213.488800,7.9140E-007
1213.767600,8.1020E-007
1214.046400,8.6130E-007
1214.325200,8.2100E-007
1214.604000,8.2100E-007
1214.882800,7.8540E-007
1215.161600,8.1200E-007
1215.440400,7.7630E-007
1215.719200,8.2490E-007
1215.998000,8.1040E-007
1216.276800,7.8360E-007
1216.555600,8.0600E-007
1216.834400,8.2220E-007
1217.113200,8.0630E-007
1217.392000,7.9060E-007
1217.670800,7.3450E-007
1217.949600,7.6550E-007
1218.228400,7.8470E-007
1218.507200,8.1730E-007
1218.786000,7.9520E-007
1219.064800,8.1330E-007
1219.343600,7.9390E-007
1219.622400,7.8550E-007
1219.901200,7.8380E-007
1220.180000,7.7610E-007
1220.458800,8.4310E-007
1220.737600,7.8530E-007
1221.016400,7.6140E-007
1221.295200,8.0250E-007
1221.574000,8.0650E-007
1221.852800,8.2120E-007
1222.131600,7.4400E-007
1222.410400,7.6690E-007
1222.689200,7.9890E-007
1222.968000,7.4890E-007
1223.246800,8.0970E-007
1223.525600,7.9820E-007
1223.804400,7.8230E-007
1224.083200,7.9910E-007
1224.362000,7.8870E-007
1224.640800,7.8070E-007
1224.919600,7.6950E-007
1225.198400,7.8330E-007
1225.477200,7.6590E-007
1225.756000,7.9880E-007
1226.034800,8.2630E-007
1226.313600,8.0790E-007
1226.592400,7.7300E-007
1226.871200,7.8350E-007
1227.150000,8.4540E-007
1227.428800,8.0990E-007
1227.707600,8.0100E-007
1227.986400,7.8700E-007
1228.265200,7.7230E-007
1228.544000,7.9940E-007
1228.822800,8.3270E-007
1229.101600,7.8800E-007
1229.380400,8.4290E-007
1229.659200,8.2860E-007
1229.938000,7.9210E-007
1230.216800,7.7250E-007
1230.495600,7.8970E-007
1230.774400,7.6480E-007
1231.053200,7.9670E-007
1231.332000,8.1010E-007
1231.610800,7.6490E-007
1231.889600,8.1340E-007
1232.168400,7.8840E-007
1232.447200,8.0610E-007
1232.726000,7.7700E-007
1233.004800,7.9900E-007
1233.283600,7.8750E-007
1233.562400,7.5760E-007
1233.841200,8.0320E-007
1234.120000,7.3330E-007
1234.398800,7.6840E-007
1234.677600,7.3190E-007
1234.956400,7.5990E-007
1235.235200,7.3820E-007
1235.514000,8.4360E-007
1235.792800,7.5150E-007
1236.071600,7.9610E-007
1236.350400,7.7670E-007
1236.629200,7.5310E-007
1236.908000,7.5670E-007
1237.186800,7.4040E-007
1237.465600,7.8140E-007
1237.744400,8.1710E-007
1238.023200,7.4480E-007
1238.302000,7.3750E-007
1238.580800,7.6130E-007
1238.859600,7.9030E-007
1239.138400,7.5860E-007
1239.417200,7.7780E-007
1239.696000,7.7820E-007
1239.974800,7.6950E-007
1240.253600,7.7060E-007
1240.532400,7.5040E-007
1240.811200,8.1020E-007
1241.090000,7.4410E-007
1241.368800,7.7320E-007
1241.647600,8.2660E-007
1241.926400,7.4310E-007
1242.205200,7.7040E-007
1242.484000,7.4740E-007
1242.762800,7.5130E-007
1243.041600,8.0760E-007
1243.320400,7.5470E-007
1243.599200,7.3910E-007
1243.878000,7.7260E-007
1244.156800,7.7580E-007
1244.435600,7.6910E-007
1244.714400,7.5930E-007
1244.993200,8.1200E-007
1245.272000,7.5350E-007
1245.550800,7.6150E-007
1245.829600,7.8260E-007
1246.108400,8.0010E-007
1246.387200,8.0060E-007
1246.666000,7.8730E-007
1246.944800,8.2100E-007
1247.223600,7.5460E-007
1247.502400,7.4810E-007
1247.781200,7.6400E-007
1248.060000,7.5880E-007
1248.338800,7.7220E-007
1248.617600,7.9220E-007
1248.896400,7.9720E-007
1249.175200,6.9530E-007
1249.454000,7.7340E-007
1249.732800,7.6810E-007
1250.011600,7.4650E-007
1250.290400,7.9160E-007
1250.569200,8.0080E-007
1250.848000,7.2630E-007
1251.126800,7.0840E-007
1251.405600,7.4730E-007
1251.684400,6.9580E-007
1251.963200,7.4690E-007
1252.242000,7.5030E-007
1252.520800,7.6900E-007
1252.799600,7.7380E-007
1253.078400,7.2160E-007
1253.357200,7.8370E-007
1253.636000,7.3790E-007
1253.914800,7.6060E-007
1254.193600,7.3840E-007
1254.472400,7.6350E-007
1254.751200,7.4000E-007
1255.030000,7.5400E-007
1255.308800,7.8090E-007
1255.587600,8.0170E-007
1255.866400,7.3030E-007
1256.145200,7.4060E-007
1256.424000,7.3300E-007
1256.702800,7.4040E-007
1256.981600,6.8710E-007
1257.260400,7.3310E-007
1257.539200,7.3730E-007
1257.818000,7.0240E-007
1258.096800,7.6560E-007
1258.375600,7.4420E-007
1258.654400,7.3660E-007
1258.933200,7.2470E-007
1259.212000,7.6110E-007
1259.490800,7.6000E-007
1259.769600,7.9630E-007
1260.048400,7.5710E-007
1260.327200,7.3710E-007
1260.606000,7.2370E-007
1260.884800,7.3080E-007
1261.163600,7.3010E-007
1261.442400,8.1210E-007
1261.721200,7.3150E-007
1262.000000,7.0410E-007
1262.278800,7.9350E-007
1262.557600,7.6400E-007
1262.836400,7.5350E-007
1263.115200,7.1450E-007
1263.394000,7.6030E-007
1263.672800,7.2680E-007
1263.951600,7.0060E-007
1264.230400,7.5930E-007
1264.509200,6.8840E-007
1264.788000,7.3690E-007
1265.066800,7.6140E-007
1265.345600,7.2260E-007
1265.624400,7.0820E-007
1265.903200,7.4430E-007
1266.182000,7.1410E-007
1266.460800,7.3140E-007
1266.739600,7.4170E-007
1267.018400,7.4230E-007
1267.297200,7.2870E-007
1267.576000,7.3510E-007
1267.854800,7.3240E-007
1268.133600,7.4190E-007
1268.412400,7.3030E-007
1268.691200,6.8810E-007
1268.970000,7.5950E-007
1269.248800,7.1610E-007
1269.527600,7.2240E-007
1269.806400,7.1070E-007
1270.085200,7.7700E-007
1270.364000,7.6790E-007
1270.642800,6.8370E-007
1270.921600,7.4600E-007
1271.200400,7.3530E-007
1271.479200,7.1400E-007
1271.758000,7.4370E-007
1272.036800,7.3960E-007
1272.315600,7.0960E-007
1272.594400,7.5310E-007
1272.873200,7.1910E-007
1273.152000,6.8950E-007
1273.430800,7.1010E-007
1273.709600,7.5760E-007
1273.988400,6.9110E-007
1274.267200,6.6040E-007
1274.546000,7.0530E-007
1274.824800,7.2850E-007
1275.103600,7.0640E-007
1275.382400,6.8820E-007
1275.661200,7.4940E-007
1275.940000,7.2770E-007
1276.218800,7.2290E-007
1276.497600,7.3020E-007
1276.776400,7.0640E-007
1277.055200,7.2660E-007
1277.334000,7.5180E-007
1277.612800,7.3620E-007
1277.891600,7.0230E-007
1278.170400,7.0730E-007
1278.449200,7.5510E-007
1278.728000,7.7290E-007
1279.006800,7.5550E-007
1279.285600,7.3840E-007
1279.564400,7.4720E-007
1279.843200,7.1760E-007
1280.122000,7.1060E-007
1280.400800,7.2030E-007
1280.679600,7.0150E-007
1280.958400,7.2190E-007
1281.237200,7.5870E-007
1281.516000,7.2770E-007
1281.794800,6.7140E-007
1282.073600,7.2720E-007
1282.352400,6.7700E-007
1282.631200,7.4190E-007
1282.910000,7.7330E-007
1283.188800,6.9880E-007
1283.467600,7.4950E-007
1283.746400,7.4000E-007
1284.025200,6.8200E-007
1284.304000,6.7950E-007
1284.582800,7.3550E-007
1284.861600,7.0810E-007
1285.140400,7.3400E-007
1285.419200,7.1790E-007
1285.698000,6.4530E-007
1285.976800,7.1300E-007
1286.255600,6.7420E-007
1286.534400,6.9510E-007
1286.813200,7.3440E-007
1287.092000,6.9870E-007
1287.370800,7.2830E-007
1287.649600,6.8930E-007
1287.928400,7.1310E-007
1288.207200,6.7670E-007
1288.486000,7.1710E-007
1288.764800,6.9940E-007
1289.043600,7.2310E-007
1289.322400,7.1200E-007
1289.601200,7.0430E-007
1289.880000,6.7790E-007
1290.158800,7.0630E-007
1290.437600,6.9380E-007
1290.716400,7.0820E-007
1290.995200,7.2700E-007
1291.274000,7.0920E-007
1291.552800,7.2770E-007
1291.831600,7.2490E-007
1292.110400,6.9600E-007
1292.389200,7.1260E-007
1292.668000,7.1420E-007
1292.946800,7.0920E-007
1293.225600,6.8150E-007
1293.504400,7.0030E-007
1293.783200,7.1610E-007
1294.062000,7.2950E-007
1294.340800,7.1380E-007
1294.619600,7.1080E-007
1294.898400,6.9890E-007
1295.177200,6.9010E-007
1295.456000,6.9800E-007
1295.734800,6.5680E-007
1296.013600,7.4320E-007
1296.292400,6.9170E-007
1296.571200,6.6340E-007
1296.850000,7.0090E-007
1297.128800,6.8150E-007
1297.407600,6.8420E-007
1297.686400,7.3270E-007
1297.965200,6.5670E-007
1298.244000,7.0870E-007
1298.522800,7.3050E-007
1298.801600,7.1720E-007
1299.080400,6.8960E-007
1299.359200,7.1280E-007
1299.638000,6.9290E-007
1299.916800,7.0960E-007
1300.195600,7.2670E-007
1300.474400,6.9420E-007
1300.753200,7.0750E-007
1301.032000,6.7080E-007
1301.310800,6.8990E-007
1301.589600,7.1370E-007
1301.868400,6.9440E-007
1302.147200,6.5770E-007
1302.426000,7.1610E-007
1302.704800,7.5920E-007
1302.983600,7.0870E-007
1303.262400,6.7800E-007
1303.541200,6.9620E-007
1303.820000,6.8210E-007
1304.098800,7.1180E-007
1304.377600,7.2450E-007
1304.656400,7.1080E-007
1304.935200,6.7760E-007
1305.214000,7.0060E-007
1305.492800,6.9000E-007
1305.771600,6.9050E-007
1306.050400,6.6270E-007
1306.329200,6.5520E-007
1306.608000,7.1900E-007
1306.886800,6.9110E-007
1307.165600,6.7690E-007
1307.444400,6.7210E-007
1307.723200,6.7510E-007
1308.002000,6.7620E-007
1308.280800,6.5960E-007
1308.559600,7.2900E-007
1308.838400,7.0820E-007
1309.117200,7.2040E-007
1309.396000,7.3360E-007
1309.674800,6.8120E-007
1309.953600,6.7390E-007
1310.232400,7.1670E-007
1310.511200,7.2860E-007
1310.790000,7.0980E-007
1311.068800,6.8350E-007
1311.347600,7.4120E-007
1311.626400,6.9280E-007
1311.905200,6.7820E-007
1312.184000,6.4400E-007
1312.462800,7.0420E-007
1312.741600,6.7070E-007
1313.020400,6.8120E-007
1313.299200,7.1970E-007
1313.578000,6.6900E-007
1313.856800,6.9880E-007
1314.135600,6.8050E-007
1314.414400,7.1940E-007
1314.693200,6.5370E-007
1314.972000,6.7170E-007
1315.250800,6.7510E-007
1315.529600,6.7050E-007
1315.808400,6.8480E-007
1316.087200,6.5290E-007
1316.366000,6.8280E-007
1316.644800,6.5910E-007
1316.923600,6.8660E-007
1317.202400,6.6180E-007
1317.481200,6.3300E-007
1317.760000,7.2310E-007
1318.038800,7.4940E-007
1318.317600,6.8720E-007
1318.596400,6.3610E-007
1318.875200,6.9050E-007
1319.154000,7.3610E-007
1319.432800,6.5030E-007
1319.711600,7.0590E-007
1319.990400,6.8240E-007
1320.269200,7.1030E-007
1320.548000,6.7320E-007
1320.826800,6.6730E-007
1321.105600,6.8980E-007
1321.384400,6.5370E-007
1321.663200,6.7460E-007
1321.942000,6.8680E-007
1322.220800,6.7410E-007
1322.499600,6.8790E-007
1322.778400,6.9500E-007
1323.057200,7.0430E-007
1323.336000,6.8620E-007
1323.614800,6.4930E-007
1323.893600,6.8430E-007
1324.172400,6.4970E-007
1324.451200,6.5710E-007
1324.730000,6.7230E-007
1325.008800,6.7420E-007
1325.287600,6.6850E-007
1325.566400,6.6250E-007
1325.845200,7.1200E-007
1326.124000,7.2160E-007
1326.402800,7.4590E-007
1326.681600,6.8140E-007
1326.960400,6.8890E-007
1327.239200,6.5510E-007
1327.518000,6.8400E-007
1327.796800,6.9930E-007
1328.075600,6.8750E-007
1328.354400,6.7600E-007
1328.633200,6.6630E-007
1328.912000,6.9300E-007
1329.190800,6.9780E-007
1329.469600,6.7420E-007
1329.748400,7.0630E-007
1330.027200,6.6360E-007
1330.306000,7.1930E-007
1330.584800,6.8240E-007
1330.863600,6.8140E-007
1331.142400,6.6740E-007
1331.421200,7.1390E-007
1331.700000,7.0050E-007
1331.978800,6.7500E-007
1332.257600,6.9540E-007
1332.536400,6.2180E-007
1332.815200,7.2580E-007
1333.094000,6.7340E-007
1333.372800,6.9190E-007
1333.651600,6.6270E-007
1333.930400,6.8290E-007
1334.209200,7.3740E-007
1334.488000,6.8530E-007
1334.766800,6.8320E-007
1335.045600,6.8760E-007
1335.324400,7.0890E-007
1335.603200,7.2430E-007
1335.882000,6.6480E-007
1336.160800,6.9160E-007
1336.439600,6.9900E-007
1336.718400,6.6900E-007
1336.997200,7.1260E-007
1337.276000,7.2640E-007
1337.554800,7.3570E-007
1337.833600,6.7060E-007
1338.112400,6.6830E-007
1338.391200,6.9470E-007
1338.670000,6.7470E-007
1338.948800,6.6190E-007
1339.227600,6.8190E-007
1339.506400,6.8250E-007
1339.785200,7.1270E-007
1340.064000,6.9400E-007
1340.342800,7.0070E-007
1340.621600,6.9150E-007
1340.900400,7.2000E-007
1341.179200,6.8670E-007
1341.458000,6.6440E-007
1341.736800,6.9750E-007
1342.015600,6.9360E-007
1342.294400,6.7450E-007
1342.573200,6.9190E-007
1342.852000,6.6580E-007
1343.130800,6.7210E-007
1343.409600,6.5140E-007
1343.688400,6.5330E-007
1343.967200,6.9330E-007
1344.246000,6.9850E-007
1344.524800,7.2660E-007
1344.803600,6.8810E-007
1345.082400,6.5630E-007
1345.361200,6.3270E-007
1345.640000,6.7240E-007
1345.918800,6.7760E-007
1346.197600,6.5950E-007
1346.476400,7.0210E-007
1346.755200,6.8660E-007
1347.034000,6.3720E-007
1347.312800,6.6040E-007
1347.591600,6.4040E-007
1347.870400,6.3840E-007
1348.149200,6.7400E-007
1348.428000,7.4820E-007
1348.706800,6.8270E-007
1348.985600,7.4820E-007
1349.264400,6.8230E-007
1349.543200,6.7480E-007
1349.822000,6.9410E-007
1350.100800,6.7690E-007
1350.379600,6.9130E-007
1350.658400,6.5990E-007
1350.937200,7.1270E-007
1351.216000,7.2570E-007
1351.494800,6.9200E-007
1351.773600,7.4380E-007
1352.052400,7.1570E-007
1352.331200,6.5400E-007
1352.610000,7.0050E-007
1352.888800,7.2410E-007
1353.167600,7.1800E-007
1353.446400,7.5210E-007
1353.725200,6.8110E-007
1354.004000,6.5250E-007
1354.282800,6.9660E-007
1354.561600,7.1860E-007
1354.840400,7.4080E-007
1355.119200,7.0940E-007
1355.398000,6.9870E-007
1355.676800,6.9760E-007
1355.955600,7.2480E-007
1356.234400,7.0420E-007
1356.513200,7.1700E-007
1356.792000,7.4500E-007
1357.070800,7.4090E-007
1357.349600,6.8470E-007
1357.628400,6.9340E-007
1357.907200,6.8430E-007
1358.186000,7.0360E-007
1358.464800,6.6940E-007
1358.743600,7.0400E-007
1359.022400,7.3730E-007
1359.301200,7.4940E-007
1359.580000,6.9280E-007
1359.858800,7.2710E-007
1360.137600,7.2430E-007
1360.416400,7.3190E-007
1360.695200,7.0550E-007
1360.974000,7.2510E-007
1361.252800,6.6000E-007
1361.531600,7.3140E-007
1361.810400,7.7200E-007
1362.089200,6.9830E-007
1362.368000,7.0620E-007
1362.646800,7.1350E-007
1362.925600,6.7430E-007
1363.204400,6.8980E-007
1363.483200,6.8050E-007
1363.762000,7.2630E-007
1364.040800,7.0670E-007
1364.319600,6.8770E-007
1364.598400,6.9800E-007
1364.877200,7.0880E-007
1365.156000,8.0010E-007
1365.434800,6.9010E-007
1365.713600,6.9240E-007
1365.992400,6.6060E-007
1366.271200,7.1460E-007
1366.550000,6.7730E-007
1366.828800,6.7850E-007
1367.107600,6.9470E-007
1367.386400,6.8900E-007
1367.665200,7.0310E-007
1367.944000,6.7470E-007
1368.222800,6.7970E-007
1368.501600,7.0150E-007
1368.780400,7.1430E-007
1369.059200,6.8700E-007
1369.338000,7.0730E-007
1369.616800,7.1050E-007
1369.895600,7.2200E-007
1370.174400,7.3940E-007
1370.453200,6.8720E-007
1370.732000,6.5730E-007
1371.010800,7.0050E-007
1371.289600,6.1820E-007
1371.568400,7.0860E-007
1371.847200,7.2240E-007
1372.126000,7.1950E-007
1372.404800,6.5270E-007
1372.683600,7.3170E-007
1372.962400,7.0620E-007
1373.241200,6.6290E-007
1373.520000,7.2700E-007
1373.798800,6.5340E-007
1374.077600,6.9420E-007
1374.356400,6.8120E-007
1374.635200,6.6350E-007
1374.914000,6.5470E-007
1375.192800,7.0820E-007
1375.471600,6.9030E-007
1375.750400,7.0370E-007
1376.029200,7.0260E-007
1376.308000,6.8870E-007
1376.586800,7.0770E-007
1376.865600,6.7970E-007
1377.144400,6.9640E-007
1377.423200,6.7000E-007
1377.702000,6.7490E-007
1377.980800,6.3380E-007
1378.259600,6.4250E-007
1378.538400,6.7150E-007
1378.817200,6.7950E-007
1379.096000,6.9720E-007
1379.374800,6.4470E-007
1379.653600,6.7170E-007
1379.932400,6.9510E-007
1380.211200,6.4770E-007
1380.490000,6.3020E-007
1380.768800,6.7310E-007
1381.047600,6.7890E-007
1381.326400,6.6820E-007
1381.605200,6.6560E-007
1381.884000,6.0860E-007
1382.162800,7.0020E-007
1382.441600,6.7110E-007
1382.720400,6.9040E-007
1382.999200,6.2130E-007
1383.278000,6.8230E-007
1383.556800,7.3630E-007
1383.835600,6.6570E-007
1384.114400,6.9470E-007
1384.393200,7.4810E-007
1384.672000,6.8670E-007
1384.950800,7.1030E-007
1385.229600,6.5610E-007
1385.508400,7.1130E-007
1385.787200,6.8050E-007
1386.066000,7.3760E-007
1386.344800,7.2040E-007
1386.623600,7.4480E-007
1386.902400,6.3770E-007
1387.181200,6.9900E-007
1387.460000,7.0650E-007
1387.738800,6.4730E-007
1388.017600,7.4540E-007
1388.296400,6.5750E-007
1388.575200,6.5570E-007
1388.854000,6.7800E-007
1389.132800,7.2990E-007
1389.411600,7.1140E-007
1389.690400,6.8950E-007
1389.969200,7.2710E-007
1390.248000,6.6920E-007
1390.526800,7.2020E-007
1390.805600,6.5960E-007
1391.084400,6.7460E-007
1391.363200,6.8450E-007
1391.642000,7.0030E-007
1391.920800,7.1330E-007
1392.199600,6.9470E-007
1392.478400,6.9500E-007
1392.757200,6.9170E-007
1393.036000,6.3730E-007
1393.314800,7.2160E-007
1393.593600,7.2560E-007
1393.872400,7.0120E-007
1394.151200,7.0030E-007
1394.430000,6.9740E-007
1394.708800,7.2710E-007
1394.987600,7.5740E-007
1395.266400,7.1990E-007
1395.545200,7.3550E-007
1395.824000,6.9170E-007
1396.102800,7.2900E-007
1396.381600,6.9670E-007
1396.660400,7.5080E-007
1396.939200,7.6220E-007
1397.218000,7.2180E-007
1397.496800,7.1960E-007
1397.775600,7.0870E-007
1398.054400,7.3020E-007
1398.333200,7.3380E-007
1398.612000,7.4570E-007
1398.890800,7.3660E-007
1399.169600,7.3580E-007
1399.448400,7.8870E-007
1399.727200,7.4560E-007
1400.006000,7.4460E-007
1400.284800,7.3630E-007
1400.563600,7.3730E-007
1400.842400,7.0720E-007
1401.121200,7.1080E-007
1401.400000,7.7870E-007
1401.678800,7.5920E-007
1401.957600,7.7180E-007
1402.236400,7.5670E-007
1402.515200,7.2750E-007
1402.794000,8.5600E-007
1403.072800,7.4320E-007
1403.351600,7.8390E-007
1403.630400,8.1620E-007
1403.909200,7.1640E-007
1404.188000,7.8210E-007
1404.466800,7.3650E-007
1404.745600,7.3850E-007
1405.024400,7.8290E-007
1405.303200,7.9910E-007
1405.582000,7.7360E-007
1405.860800,8.0820E-007
1406.139600,7.7960E-007
1406.418400,7.6790E-007
1406.697200,7.5120E-007
1406.976000,7.7250E-007
1407.254800,7.8250E-007
1407.533600,7.1590E-007
1407.812400,7.5290E-007
1408.091200,8.2260E-007
1408.370000,7.6000E-007
1408.648800,7.2150E-007
1408.927600,7.8790E-007
1409.206400,7.1790E-007
1409.485200,6.7660E-007
1409.764000,7.6470E-007
1410.042800,7.8140E-007
1410.321600,7.9470E-007
1410.600400,7.5320E-007
1410.879200,7.7750E-007
1411.158000,7.1790E-007
1411.436800,7.4470E-007
1411.715600,7.4580E-007
1411.994400,7.6070E-007
1412.273200,7.8570E-007
1412.552000,7.5520E-007
1412.830800,7.5930E-007
1413.109600,7.6560E-007
1413.388400,7.6960E-007
1413.667200,7.3370E-007
1413.946000,7.4250E-007
1414.224800,7.4780E-007
1414.503600,8.0890E-007
1414.782400,7.9300E-007
1415.061200,7.7850E-007
1415.340000,7.5810E-007
1415.618800,7.9910E-007
1415.897600,7.9350E-007
1416.176400,7.5550E-007
1416.455200,7.7800E-007
1416.734000,7.9900E-007
1417.012800,7.2840E-007
1417.291600,7.7140E-007
1417.570400,7.7250E-007
1417.849200,7.4530E-007
1418.128000,7.7810E-007
1418.406800,7.9550E-007
1418.685600,7.4080E-007
1418.964400,7.4450E-007
1419.243200,7.7870E-007
1419.522000,7.1620E-007
1419.800800,7.3930E-007
1420.079600,7.9690E-007
1420.358400,7.9100E-007
1420.637200,7.9350E-007
1420.916000,7.8010E-007
1421.194800,8.2910E-007
1421.473600,8.0720E-007
1421.752400,7.9100E-007
1422.031200,8.0750E-007
1422.310000,8.1400E-007
1422.588800,8.1070E-007
1422.867600,7.8900E-007
1423.146400,8.1810E-007
1423.425200,7.8530E-007
1423.704000,8.2820E-007
1423.982800,8.7710E-007
1424.261600,8.6850E-007
1424.540400,8.1660E-007
1424.819200,8.3550E-007
1425.098000,8.1180E-007
1425.376800,8.1720E-007
1425.655600,8.7630E-007
1425.934400,8.9050E-007
1426.213200,8.6600E-007
1426.492000,8.7790E-007
1426.770800,8.3890E-007
1427.049600,8.7330E-007
1427.328400,8.6540E-007
1427.607200,8.5060E-007
1427.886000,9.1230E-007
1428.164800,9.3170E-007
1428.443600,9.1340E-007
1428.722400,8.6800E-007
1429.001200,9.1060E-007
1429.280000,9.3230E-007
1429.558800,9.4500E-007
1429.837600,8.7780E-007
1430.116400,9.0240E-007
1430.395200,9.2680E-007
1430.674000,9.0350E-007
1430.952800,9.1470E-007
1431.231600,9.4350E-007
1431.510400,9.4570E-007
1431.789200,9.3680E-007
1432.068000,9.7020E-007
1432.346800,9.5590E-007
1432.625600,9.6550E-007
1432.904400,9.3180E-007
1433.183200,9.6790E-007
1433.462000,1.0180E-006
1433.740800,1.0000E-006
1434.019600,9.5160E-007
1434.298400,1.0030E-006
1434.577200,1.0130E-006
1434.856000,9.9410E-007
1435.134800,1.0060E-006
1435.413600,9.8550E-007
1435.692400,1.0170E-006
1435.971200,9.8420E-007
1436.250000,1.0210E-006
1436.528800,1.0280E-006
1436.807600,1.0100E-006
1437.086400,9.9920E-007
1437.365200,9.6900E-007
1437.644000,1.0320E-006
1437.922800,1.0360E-006
1438.201600,1.0770E-006
1438.480400,1.1120E-006
1438.759200,1.0680E-006
1439.038000,1.0540E-006
1439.316800,1.0720E-006
1439.595600,1.1030E-006
1439.874400,1.0590E-006
1440.153200,1.1300E-006
1440.432000,1.0760E-006
1440.710800,1.1330E-006
1440.989600,1.0970E-006
1441.268400,1.1220E-006
1441.547200,1.1150E-006
1441.826000,1.1730E-006
1442.104800,1.1350E-006
1442.383600,1.1350E-006
1442.662400,1.1500E-006
1442.941200,1.1940E-006
1443.220000,1.1910E-006
1443.498800,1.1520E-006
1443.777600,1.1630E-006
1444.056400,1.1770E-006
1444.335200,1.1160E-006
1444.614000,1.1630E-006
1444.892800,1.1880E-006
1445.171600,1.1710E-006
1445.450400,1.1690E-006
1445.729200,1.2260E-006
1446.008000,1.2220E-006
1446.286800,1.1630E-006
1446.565600,1.1700E-006
1446.844400,1.1780E-006
1447.123200,1.1900E-006
1447.402000,1.2260E-006
1447.680800,1.2670E-006
1447.959600,1.2020E-006
1448.238400,1.2510E-006
1448.517200,1.2960E-006
1448.796000,1.2570E-006
1449.074800,1.2430E-006
1449.353600,1.2370E-006
1449.632400,1.2870E-006
1449.911200,1.3190E-006
1450.190000,1.3390E-006
1450.468800,1.2870E-006
1450.747600,1.3090E-006
1451.026400,1.2880E-006
1451.305200,1.3320E-006
1451.584000,1.3320E-006
1451.862800,1.2950E-006
1452.141600,1.3570E-006
1452.420400,1.3930E-006
1452.699200,1.3280E-006
1452.978000,1.3530E-006
1453.256800,1.3820E-006
1453.535600,1.4230E-006
1453.814400,1.3700E-006
1454.093200,1.4200E-006
1454.372000,1.3810E-006
1454.650800,1.4300E-006
1454.929600,1.3730E-006
1455.208400,1.4590E-006
1455.487200,1.4460E-006
1455.766000,1.3910E-006
1456.044800,1.4520E-006
1456.323600,1.4180E-006
1456.602400,1.4550E-006
1456.881200,1.4780E-006
1457.160000,1.4840E-006
1457.438800,1.5030E-006
1457.717600,1.4980E-006
1457.996400,1.4660E-006
1458.275200,1.5490E-006
1458.554000,1.4730E-006
1458.832800,1.5000E-006
1459.111600,1.5600E-006
1459.390400,1.5050E-006
1459.669200,1.5100E-006
1459.948000,1.5900E-006
1460.226800,1.5680E-006
1460.505600,1.5500E-006
1460.784400,1.6080E-006
1461.063200,1.5710E-006
1461.342000,1.5500E-006
1461.620800,1.6010E-006
1461.899600,1.6410E-006
1462.178400,1.6260E-006
1462.457200,1.5810E-006
1462.736000,1.6510E-006
1463.014800,1.5940E-006
1463.293600,1.6290E-006
1463.572400,1.6770E-006
1463.851200,1.6220E-006
1464.130000,1.7030E-006
1464.408800,1.6580E-006
1464.687600,1.6730E-006
1464.966400,1.7170E-006
1465.245200,1.7260E-006
1465.524000,1.7310E-006
1465.802800,1.7360E-006
1466.081600,1.7290E-006
1466.360400,1.7490E-006
1466.639200,1.7240E-006
1466.918000,1.7650E-006
1467.196800,1.7650E-006
1467.475600,1.7820E-006
1467.754400,1.8470E-006
1468.033200,1.7380E-006
1468.312000,1.8070E-006
1468.590800,1.7780E-006
1468.869600,1.7280E-006
1469.148400,1.7650E-006
1469.427200,1.8140E-006
1469.706000,1.8030E-006
1469.984800,1.8540E-006
1470.263600,1.8480E-006
1470.542400,1.8860E-006
1470.821200,1.9050E-006
1471.100000,1.9050E-006
1471.378800,1.8500E-006
1471.657600,1.9140E-006
1471.936400,1.9220E-006
1472.215200,1.8720E-006
1472.494000,2.0050E-006
1472.772800,1.8850E-006
1473.051600,1.9220E-006
1473.330400,1.8880E-006
1473.609200,1.9840E-006
1473.888000,1.9230E-006
1474.166800,1.9320E-006
1474.445600,2.0130E-006
1474.724400,1.9820E-006
1475.003200,2.0030E-006
1475.282000,2.0140E-006
1475.560800,2.0140E-006
1475.839600,2.0070E-006
1476.118400,2.0140E-006
1476.397200,2.0230E-006
1476.676000,2.0690E-006
1476.954800,2.0840E-006
1477.233600,2.0830E-006
1477.512400,2.0950E-006
1477.791200,2.0920E-006
1478.070000,2.1290E-006
1478.348800,2.1750E-006
1478.627600,2.1010E-006
1478.906400,2.1580E-006
1479.185200,2.1590E-006
1479.464000,2.1400E-006
1479.742800,2.1690E-006
1480.021600,2.2220E-006
1480.300400,2.2050E-006
1480.579200,2.2300E-006
1480.858000,2.2540E-006
1481.136800,2.2370E-006
1481.415600,2.3120E-006
1481.694400,2.2780E-006
1481.973200,2.2990E-006
1482.252000,2.3140E-006
1482.530800,2.3540E-006
1482.809600,2.3420E-006
1483.088400,2.3780E-006
1483.367200,2.3960E-006
1483.646000,2.3950E-006
1483.924800,2.4170E-006
1484.203600,2.4290E-006
1484.482400,2.4800E-006
1484.761200,2.4570E-006
1485.040000,2.4520E-006
1485.318800,2.4900E-006
1485.597600,2.5350E-006
1485.876400,2.5560E-006
1486.155200,2.5390E-006
1486.434000,2.6190E-006
1486.712800,2.5830E-006
1486.991600,2.6100E-006
1487.270400,2.6290E-006
1487.549200,2.6490E-006
1487.828000,2.6590E-006
1488.106800,2.6520E-006
1488.385600,2.6960E-006
1488.664400,2.7600E-006
1488.943200,2.7640E-006
1489.222000,2.7100E-006
1489.500800,2.8010E-006
1489.779600,2.7670E-006
1490.058400,2.8260E-006
1490.337200,2.8510E-006
1490.616000,2.8860E-006
1490.894800,2.8940E-006
1491.173600,2.9380E-006
1491.452400,2.9780E-006
1491.731200,2.9040E-006
1492.010000,3.0090E-006
1492.288800,2.9950E-006
1492.567600,3.0040E-006
1492.846400,3.1280E-006
1493.125200,3.0610E-006
1493.404000,3.1500E-006
1493.682800,3.1310E-006
1493.961600,3.2300E-006
1494.240400,3.1820E-006
1494.519200,3.2520E-006
1494.798000,3.2300E-006
1495.076800,3.3660E-006
1495.355600,3.3590E-006
1495.634400,3.4300E-006
1495.913200,3.4230E-006
1496.192000,3.4470E-006
1496.470800,3.4430E-006
1496.749600,3.4660E-006
1497.028400,3.5250E-006
1497.307200,3.5730E-006
1497.586000,3.5870E-006
1497.864800,3.5940E-006
1498.143600,3.6470E-006
1498.422400,3.6820E-006
1498.701200,3.7280E-006
1498.980000,3.7700E-006
1499.258800,3.8080E-006
1499.537600,3.8610E-006
1499.816400,3.9210E-006
1500.095200,3.9500E-006
1500.374000,3.9270E-006
1500.652800,4.0350E-006
1500.931600,4.0680E-006
1501.210400,4.1340E-006
1501.489200,4.1630E-006
1501.768000,4.2350E-006
1502.046800,4.2720E-006
1502.325600,4.3020E-006
1502.604400,4.3540E-006
1502.883200,4.4260E-006
1503.162000,4.5620E-006
1503.440800,4.5750E-006
1503.719600,4.6080E-006
1503.998400,4.6560E-006
1504.277200,4.7520E-006
1504.556000,4.8640E-006
1504.834800,4.9100E-006
1505.113600,5.0230E-006
1505.392400,5.1810E-006
1505.671200,5.3490E-006
1505.950000,5.3710E-006
1506.228800,5.4730E-006
1506.507600,5.5550E-006
1506.786400,5.6090E-006
1507.065200,5.6640E-006
1507.344000,5.8340E-006
1507.622800,5.9390E-006
1507.901600,6.1470E-006
1508.180400,6.2370E-006
1508.459200,6.2160E-006
1508.738000,6.1570E-006
1509.016800,6.2520E-006
1509.295600,6.4620E-006
1509.574400,6.8000E-006
1509.853200,7.1620E-006
1510.132000,7.4070E-006
1510.410800,7.6800E-006
1510.689600,8.0440E-006
1510.968400,8.4170E-006
1511.247200,8.9930E-006
1511.526000,9.3610E-006
1511.804800,9.4830E-006
1512.083600,9.7420E-006
1512.362400,9.8890E-006
1512.641200,1.0230E-005
1512.920000,1.0550E-005
1513.198800,1.1200E-005
1513.477600,1.1880E-005
1513.756400,1.2640E-005
1514.035200,1.2850E-005
1514.314000,1.3070E-005
1514.592800,1.3900E-005
1514.871600,1.4740E-005
1515.150400,1.5540E-005
1515.429200,1.7340E-005
1515.708000,1.9920E-005
1515.986800,2.1420E-005
1516.265600,2.2520E-005
1516.544400,2.3740E-005
1516.823200,2.3410E-005
1517.102000,2.2590E-005
1517.380800,2.3120E-005
1517.659600,2.5020E-005
1517.938400,2.7650E-005
1518.217200,2.9640E-005
1518.496000,2.9620E-005
1518.774800,2.9530E-005
1519.053600,3.1030E-005
1519.332400,3.4390E-005
1519.611200,3.7630E-005
1519.890000,4.0360E-005
1520.168800,4.3700E-005
1520.447600,4.5170E-005
1520.726400,4.7380E-005
1521.005200,5.0750E-005
1521.284000,5.7400E-005
1521.562800,6.7940E-005
1521.841600,7.6960E-005
1522.120400,8.3250E-005
1522.399200,8.5490E-005
1522.678000,8.7080E-005
1522.956800,9.3910E-005
1523.235600,1.0800E-004
1523.514400,1.3920E-004
1523.793200,1.7620E-004
1524.072000,2.1770E-004
1524.350800,2.7160E-004
1524.629600,3.1440E-004
1524.908400,3.7790E-004
1525.187200,4.6160E-004
1525.466000,5.4830E-004
1525.744800,6.4840E-004
1526.023600,7.6160E-004
1526.302400,9.1050E-004
1526.581200,1.0970E-003
1526.860000,1.2440E-003
1527.138800,1.4260E-003
1527.417600,1.6190E-003
1527.696400,1.8440E-003
1527.975200,2.0960E-003
1528.254000,2.3020E-003
1528.532800,2.5490E-003
1528.811600,2.7600E-003
1529.090400,2.8990E-003
1529.369200,3.0350E-003
1529.648000,3.2020E-003
1529.926800,3.4910E-003
1530.205600,3.7380E-003
1530.484400,3.7760E-003
1530.763200,3.7190E-003
1531.042000,3.7170E-003
1531.320800,3.6460E-003
1531.599600,3.5290E-003
1531.878400,3.6030E-003
1532.157200,3.7020E-003
1532.436000,3.5950E-003
1532.714800,3.6190E-003
1532.993600,3.7770E-003
1533.272400,3.6040E-003
1533.551200,3.2920E-003
1533.830000,3.3020E-003
1534.108800,3.2810E-003
1534.387600,3.6460E-003
1534.666400,7.6350E-003
1534.945200,1.1940E-002
1535.224000,1.2010E-002
1535.502800,1.1120E-002
1535.781600,1.0010E-002
1536.060400,7.7290E-003
1536.339200,5.6880E-003
1536.618000,5.3840E-003
1536.896800,5.6370E-003
1537.175600,4.8520E-003
1537.454400,3.7420E-003
1537.733200,3.3030E-003
1538.012000,3.3850E-003
1538.290800,4.0480E-003
1538.569600,5.2730E-003
1538.848400,5.6680E-003
1539.127200,5.7020E-003
1539.406000,6.3890E-003
1539.684800,6.4820E-003
1539.963600,6.2250E-003
1540.242400,7.7560E-003
1540.521200,1.0180E-002
1540.800000,1.2470E-002
1541.078800,1.3110E-002
1541.357600,1.2340E-002
1541.636400,1.2140E-002
1541.915200,1.1520E-002
1542.194000,1.0800E-002
1542.472800,1.2580E-002
1542.751600,1.6380E-002
1543.030400,1.6800E-002
1543.309200,1.3940E-002
1543.588000,1.6910E-002
1543.866800,2.3640E-002
1544.145600,2.6490E-002
1544.424400,2.4720E-002
1544.703200,5.2990E-002
1544.982000,1.2230E-001
1545.260800,1.3720E-001
1545.539600,1.1380E-001
1545.818400,9.9630E-002
1546.097200,8.6310E-002
1546.376000,6.4680E-002
1546.654800,5.1980E-002
1546.933600,5.1570E-002
1547.212400,5.5490E-002
1547.491200,5.4290E-002
1547.770000,4.4050E-002
1548.048800,3.1600E-002
1548.327600,2.6120E-002
1548.606400,2.8260E-002
1548.885200,3.5120E-002
1549.164000,4.3400E-002
1549.442800,4.8650E-002
1549.721600,5.4260E-002
1550.000400,5.6040E-002
1550.279200,5.2100E-002
1550.558000,4.9290E-002
1550.836800,5.2340E-002
1551.115600,6.2260E-002
1551.394400,7.7050E-002
1551.673200,9.2430E-002
1551.952000,9.9300E-002
1552.230800,9.0600E-002
1552.509600,7.8830E-002
1552.788400,7.8890E-002
1553.067200,8.3840E-002
1553.346000,1.2130E-001
1553.624800,1.4060E-001
1553.903600,1.0410E-001
1554.182400,1.0670E-001
1554.461200,1.2000E-001
1554.740000,1.0380E-001
1555.018800,8.2020E-002
1555.297600,7.6560E-002
1555.576400,8.0980E-002
1555.855200,8.4870E-002
1556.134000,9.1380E-002
1556.412800,1.1110E-001
1556.691600,1.3550E-001
1556.970400,1.4430E-001
1557.249200,1.4590E-001
1557.528000,1.3860E-001
1557.806800,1.2430E-001
1558.085600,1.0880E-001
1558.364400,1.0010E-001
1558.643200,1.0090E-001
1558.922000,1.0410E-001
1559.200800,1.0290E-001
1559.479600,9.3610E-002
1559.758400,7.9280E-002
1560.037200,7.1930E-002
1560.316000,7.2290E-002
1560.594800,7.7100E-002
1560.873600,7.8080E-002
1561.152400,7.3540E-002
1561.431200,7.0040E-002
1561.710000,6.5350E-002
1561.988800,5.9670E-002
1562.267600,5.4550E-002
1562.546400,5.1590E-002
1562.825200,4.8520E-002
1563.104000,4.4700E-002
1563.382800,4.2820E-002
1563.661600,4.5890E-002
1563.940400,5.0700E-002
1564.219200,5.5310E-002
1564.498000,5.9220E-002
1564.776800,6.0120E-002
1565.055600,6.0010E-002
1565.334400,5.8510E-002
1565.613200,5.4830E-002
1565.892000,5.2090E-002
1566.170800,5.2700E-002
1566.449600,5.6280E-002
1566.728400,5.9330E-002
1567.007200,5.7880E-002
1567.286000,5.2970E-002
1567.564800,4.7830E-002
1567.843600,4.3750E-002
1568.122400,4.0440E-002
1568.401200,3.6570E-002
1568.680000,3.1110E-002
1568.958800,2.5400E-002
1569.237600,2.0880E-002
1569.516400,1.7780E-002
1569.795200,1.8120E-002
1570.074000,2.0740E-002
1570.352800,2.3410E-002
1570.631600,2.6100E-002
1570.910400,2.8370E-002
1571.189200,2.8650E-002
1571.468000,2.5710E-002
1571.746800,2.1810E-002
1572.025600,2.0750E-002
1572.304400,2.1700E-002
1572.583200,2.3980E-002
1572.862000,2.4320E-002
1573.140800,2.4950E-002
1573.419600,2.5960E-002
1573.698400,2.6950E-002
1573.977200,2.5830E-002
1574.256000,2.3290E-002
1574.534800,1.9910E-002
1574.813600,1.6480E-002
1575.092400,1.4710E-002
1575.371200,1.4030E-002
1575.650000,1.3590E-002
1575.928800,1.3660E-002
1576.207600,1.4660E-002
1576.486400,1.6720E-002
1576.765200,1.8730E-002
1577.044000,1.8960E-002
1577.322800,1.8510E-002
1577.601600,1.7890E-002
1577.880400,1.7510E-002
1578.159200,1.7360E-002
1578.438000,1.7600E-002
1578.716800,1.8750E-002
1578.995600,2.0450E-002
1579.274400,2.1240E-002
1579.553200,2.1590E-002
1579.832000,2.1890E-002
1580.110800,2.2180E-002
1580.389600,2.1360E-002
1580.668400,2.0530E-002
1580.947200,1.9810E-002
1581.226000,1.9860E-002
1581.504800,1.9290E-002
1581.783600,1.9330E-002
1582.062400,1.9280E-002
1582.341200,1.9250E-002
1582.620000,1.8830E-002
1582.898800,1.7810E-002
1583.177600,1.6970E-002
1583.456400,1.5520E-002
1583.735200,1.4100E-002
1584.014000,1.2870E-002
1584.292800,1.1990E-002
1584.571600,1.1330E-002
1584.850400,1.0890E-002
1585.129200,1.0980E-002
1585.408000,1.1250E-002
1585.686800,1.1750E-002
1585.965600,1.2340E-002
1586.244400,1.3260E-002
1586.523200,1.3910E-002
1586.802000,1.4320E-002
1587.080800,1.3710E-002
1587.359600,1.3160E-002
1587.638400,1.2310E-002
1587.917200,1.0870E-002
1588.196000,9.6280E-003
1588.474800,8.5100E-003
1588.753600,7.8110E-003
1589.032400,7.7030E-003
1589.311200,7.9800E-003
1589.590000,8.5700E-003
1589.868800,9.2800E-003
1590.147600,9.7760E-003
1590.426400,9.7410E-003
1590.705200,9.2320E-003
1590.984000,8.2190E-003
1591.262800,7.0120E-003
1591.541600,5.8980E-003
1591.820400,5.1060E-003
1592.099200,4.6520E-003
1592.378000,4.5900E-003
1592.656800,4.6490E-003
1592.935600,4.6670E-003
1593.214400,4.4910E-003
1593.493200,4.0230E-003
1593.772000,3.4360E-003
1594.050800,2.8940E-003
1594.329600,2.5270E-003
1594.608400,2.4200E-003
1594.887200,2.4430E-003
1595.166000,2.4770E-003
1595.444800,2.3770E-003
1595.723600,2.1210E-003
1596.002400,1.7870E-003
1596.281200,1.5070E-003
1596.560000,1.3710E-003
1596.838800,1.4010E-003
1597.117600,1.4520E-003
1597.396400,1.4200E-003
1597.675200,1.2490E-003
1597.954000,9.9920E-004
1598.232800,8.2230E-004
1598.511600,7.5050E-004
1598.790400,7.7440E-004
1599.069200,7.8910E-004
1599.348000,7.1480E-004
1599.626800,5.5340E-004
1599.905600,3.8980E-004
1600.184400,3.1610E-004
1600.463200,3.5120E-004
1600.742000,4.1230E-004
1601.020800,4.0760E-004
1601.299600,3.1220E-004
1601.578400,1.9530E-004
1601.857200,1.3330E-004
1602.136000,1.3860E-004
1602.414800,1.6980E-004
1602.693600,1.6760E-004
1602.972400,1.2100E-004
1603.251200,7.4950E-005
1603.530000,6.1250E-005
1603.808800,6.6140E-005
1604.087600,6.2710E-005
1604.366400,4.6170E-005
1604.645200,2.9470E-005
1604.924000,2.9400E-005
1605.202800,3.6400E-005
1605.481600,3.6930E-005
1605.760400,2.8770E-005
1606.039200,2.2080E-005
1606.318000,2.5490E-005
1606.596800,3.1740E-005
1606.875600,3.1010E-005
1607.154400,2.6190E-005
1607.433200,2.3980E-005
1607.712000,2.5290E-005
1607.990800,2.6340E-005
1608.269600,2.6780E-005
1608.548400,2.7350E-005
1608.827200,2.5910E-005
1609.106000,2.5110E-005
1609.384800,2.7190E-005
1609.663600,3.1730E-005
1609.942400,3.2970E-005
1610.221200,2.9820E-005
1610.500000,2.9160E-005
1610.778800,3.2880E-005
1611.057600,3.4370E-005
1611.336400,3.0770E-005
1611.615200,2.8730E-005
1611.894000,3.0910E-005
1612.172800,3.0400E-005
1612.451600,2.6820E-005
1612.730400,2.7430E-005
1613.009200,3.1100E-005
1613.288000,2.9950E-005
1613.566800,2.4870E-005
1613.845600,2.5250E-005
1614.124400,2.8590E-005
1614.403200,2.6570E-005
1614.682000,2.2300E-005
1614.960800,2.2350E-005
1615.239600,2.2410E-005
1615.518400,1.9700E-005
1615.797200,1.8160E-005
1616.076000,1.8410E-005
1616.354800,1.6680E-005
1616.633600,1.4140E-005
1616.912400,1.4580E-005
1617.191200,1.4960E-005
1617.470000,1.2860E-005
1617.748800,1.1460E-005
1618.027600,1.1190E-005
1618.306400,1.0480E-005
1618.585200,9.6520E-006
1618.864000,9.0840E-006
1619.142800,8.4210E-006
1619.421600,7.6750E-006
1619.700400,7.5630E-006
1619.979200,7.8470E-006
1620.258000,7.2980E-006
1620.536800,6.6770E-006
1620.815600,6.8020E-006
1621.094400,6.7080E-006
1621.373200,6.2010E-006
1621.652000,6.1450E-006
1621.930800,6.0270E-006
1622.209600,5.8190E-006
1622.488400,6.0000E-006
1622.767200,5.7960E-006
1623.046000,5.7120E-006
1623.324800,5.8780E-006
1623.603600,5.8310E-006
1623.882400,5.7500E-006
1624.161200,5.6990E-006
1624.440000,5.5990E-006
1624.718800,5.4480E-006
1624.997600,5.5070E-006
1625.276400,5.3900E-006
1625.555200,5.3310E-006
1625.834000,5.4370E-006
1626.112800,5.2540E-006
1626.391600,5.0720E-006
1626.670400,5.0430E-006
1626.949200,4.9570E-006
1627.228000,4.8840E-006
1627.506800,4.7480E-006
1627.785600,4.6020E-006
1628.064400,4.7130E-006
1628.343200,4.5650E-006
1628.622000,4.4470E-006
1628.900800,4.4090E-006
1629.179600,4.3090E-006
1629.458400,4.2500E-006
1629.737200,4.0900E-006
1630.016000,4.0760E-006
1630.294800,4.1000E-006
1630.573600,4.0140E-006
1630.852400,3.9710E-006
1631.131200,3.9360E-006
1631.410000,3.8250E-006
1631.688800,3.8350E-006
1631.967600,3.8410E-006
1632.246400,3.8320E-006
1632.525200,3.7740E-006
1632.804000,3.5370E-006
1633.082800,3.7890E-006
1633.361600,3.6440E-006
1633.640400,3.6710E-006
1633.919200,3.6790E-006
1634.198000,3.7810E-006
1634.476800,3.5960E-006
1634.755600,3.6450E-006
1635.034400,3.4960E-006
1635.313200,3.5880E-006
1635.592000,3.5370E-006
1635.870800,3.5400E-006
1636.149600,3.4740E-006
1636.428400,3.4520E-006
1636.707200,3.4610E-006
1636.986000,3.5330E-006
1637.264800,3.4950E-006
1637.543600,3.5430E-006
1637.822400,3.5920E-006
1638.101200,3.4880E-006
1638.380000,3.5030E-006
1638.658800,3.4450E-006
1638.937600,3.5800E-006
1639.216400,3.4560E-006
1639.495200,3.4540E-006
1639.774000,3.3830E-006
1640.052800,3.3350E-006
1640.331600,3.4010E-006
1640.610400,3.3160E-006
1640.889200,3.5040E-006
1641.168000,3.3490E-006
1641.446800,3.4380E-006
1641.725600,3.5330E-006
1642.004400,3.3650E-006
1642.283200,3.4080E-006
1642.562000,3.3630E-006
1642.840800,3.4140E-006
1643.119600,3.5310E-006
1643.398400,3.5070E-006
1643.677200,3.4710E-006
1643.956000,3.3940E-006
1644.234800,3.4010E-006
1644.513600,3.3490E-006
1644.792400,3.4940E-006
1645.071200,3.5060E-006
1645.350000,3.4660E-006
1645.628800,3.4700E-006
1645.907600,3.4010E-006
1646.186400,3.4380E-006
1646.465200,3.4950E-006
1646.744000,3.4790E-006
1647.022800,3.4970E-006
1647.301600,3.3420E-006
1647.580400,3.4800E-006
1647.859200,3.4810E-006
1648.138000,3.5760E-006
1648.416800,3.5870E-006
1648.695600,3.5780E-006
1648.974400,3.5400E-006
1649.253200,3.4110E-006
1649.532000,3.6160E-006
1649.810800,3.4970E-006
1650.089600,3.5110E-006
1650.368400,3.5300E-006
1650.647200,3.6700E-006
1650.926000,3.6640E-006
1651.204800,3.7250E-006
1651.483600,3.5940E-006
1651.762400,3.5370E-006
1652.041200,3.6850E-006
1652.320000,3.5870E-006
1652.598800,3.5700E-006
1652.877600,3.6840E-006
1653.156400,3.6130E-006
1653.435200,3.6470E-006
1653.714000,3.6570E-006
1653.992800,3.6630E-006
1654.271600,3.6700E-006
1654.550400,3.6970E-006
1654.829200,3.6590E-006
1655.108000,3.6800E-006
1655.386800,3.7320E-006
1655.665600,3.7400E-006
1655.944400,3.8900E-006
1656.223200,3.8350E-006
1656.502000,3.7800E-006
1656.780800,3.9230E-006
1657.059600,3.8450E-006
1657.338400,3.8790E-006
1657.617200,3.8740E-006
1657.896000,3.8310E-006
1658.174800,3.8010E-006
1658.453600,3.9270E-006
1658.732400,3.8750E-006
1659.011200,3.9330E-006
1659.290000,4.0550E-006
1659.568800,4.0860E-006
1659.847600,3.9430E-006
1660.126400,3.8400E-006
1660.405200,4.0010E-006
1660.684000,3.9380E-006
1660.962800,4.1120E-006
1661.241600,4.0210E-006
1661.520400,4.2400E-006
1661.799200,3.9830E-006
1662.078000,4.2130E-006
1662.356800,4.0590E-006
1662.635600,4.3280E-006
1662.914400,4.3110E-006
1663.193200,4.2150E-006
1663.472000,4.3300E-006
1663.750800,4.3890E-006
1664.029600,4.5850E-006
1664.308400,4.3290E-006
1664.587200,4.4070E-006
1664.866000,4.4140E-006
1665.144800,4.6410E-006
1665.423600,4.3810E-006
1665.702400,4.4670E-006
1665.981200,4.6160E-006
1666.260000,4.6420E-006
1666.538800,4.7530E-006
1666.817600,4.7320E-006
1667.096400,4.7550E-006
1667.375200,4.7900E-006
1667.654000,4.8270E-006
1667.932800,4.8420E-006
1668.211600,4.8170E-006
1668.490400,5.0120E-006
1668.769200,5.0590E-006
1669.048000,4.9550E-006
1669.326800,5.1830E-006
1669.605600,5.1250E-006
1669.884400,5.1000E-006
1670.163200,5.2540E-006
1670.442000,5.2170E-006
1670.720800,5.4560E-006
1670.999600,5.3960E-006
1671.278400,5.5870E-006
1671.557200,5.4200E-006
1671.836000,5.5390E-006
1672.114800,5.5700E-006
1672.393600,5.7610E-006
1672.672400,5.7570E-006
1672.951200,5.7470E-006
1673.230000,5.8500E-006
1673.508800,5.8140E-006
1673.787600,5.9690E-006
1674.066400,6.0450E-006
1674.345200,5.8850E-006
1674.624000,6.0850E-006
1674.902800,6.1580E-006
1675.181600,6.0790E-006
1675.460400,6.1360E-006
1675.739200,6.3260E-006
1676.018000,6.3210E-006
1676.296800,6.6480E-006
1676.575600,6.2820E-006
1676.854400,6.5910E-006
1677.133200,6.9620E-006
1677.412000,6.9680E-006
1677.690800,7.1080E-006
1677.969600,6.9800E-006
1678.248400,6.9490E-006
1678.527200,7.0810E-006
1678.806000,7.0230E-006
1679.084800,6.8920E-006
1679.363600,6.9870E-006
1679.642400,7.0380E-006
1679.921200,7.3820E-006
1680.200000,7.5730E-006
1680.478800,7.3220E-006
1680.757600,7.7480E-006
1681.036400,7.4730E-006
1681.315200,7.6410E-006
1681.594000,7.9270E-006
1681.872800,8.0640E-006
1682.151600,8.2310E-006
1682.430400,8.2150E-006
1682.709200,8.1610E-006
1682.988000,7.9670E-006
1683.266800,7.9010E-006
1683.545600,8.0400E-006
1683.824400,8.1590E-006
1684.103200,8.2640E-006
1684.382000,8.3220E-006
1684.660800,8.6430E-006
1684.939600,8.2240E-006
1685.218400,8.0040E-006
1685.497200,8.4180E-006
1685.776000,8.7070E-006
1686.054800,8.4980E-006
1686.333600,8.7510E-006
1686.612400,8.9210E-006
1686.891200,8.5280E-006
1687.170000,8.7110E-006
1687.448800,8.8660E-006
1687.727600,8.7920E-006
1688.006400,9.0930E-006
1688.285200,9.0780E-006
1688.564000,9.2290E-006
1688.842800,9.1630E-006
1689.121600,8.9460E-006
1689.400400,8.6040E-006
1689.679200,9.0470E-006
1689.958000,9.4010E-006
1690.236800,9.2700E-006
1690.515600,9.5100E-006
1690.794400,9.6310E-006
1691.073200,9.8430E-006
1691.352000,9.3540E-006
1691.630800,9.5510E-006
1691.909600,9.4590E-006
1692.188400,9.6140E-006
1692.467200,9.6790E-006
1692.746000,9.6730E-006
1693.024800,9.4340E-006
1693.303600,9.3930E-006
1693.582400,9.8620E-006
1693.861200,1.0150E-005
1694.140000,9.1870E-006
1694.418800,9.6090E-006
1694.697600,1.0010E-005
1694.976400,1.0080E-005
1695.255200,9.1190E-006
1695.534000,1.0140E-005
1695.812800,9.4320E-006
1696.091600,9.7800E-006
1696.370400,1.0420E-005
1696.649200,1.0630E-005
1696.928000,9.0460E-006
1697.206800,1.0640E-005
1697.485600,9.7720E-006
1697.764400,1.0130E-005
1698.043200,9.4120E-006
1698.322000,1.0260E-005
1698.600800,1.0410E-005
1698.879600,9.8510E-006
1699.158400,1.0050E-005
1699.437200,9.2200E-006
1699.716000,1.0500E-005
1699.994800,1.0670E-005
1700.273600,1.0910E-005
1700.552400,1.0460E-005
1700.831200,9.2300E-006
1701.110000,1.0540E-005
1701.388800,1.0250E-005
1701.667600,1.0190E-005
1701.946400,1.0250E-005
1702.225200,1.0110E-005
1702.504000,1.0910E-005
1702.782800,1.0830E-005
1703.061600,1.1020E-005
1703.340400,1.0380E-005
1703.619200,1.0250E-005
1703.898000,9.9560E-006
1704.176800,1.1400E-005
1704.455600,1.0320E-005
1704.734400,1.0440E-005
1705.013200,1.0140E-005
1705.292000,1.0800E-005
1705.570800,1.0690E-005
1705.849600,9.8810E-006
1706.128400,1.1080E-005
1706.407200,9.7660E-006
1706.686000,1.1140E-005
1706.964800,1.0820E-005
1707.243600,1.0670E-005
1707.522400,1.1630E-005
1707.801200,1.1130E-005
1708.080000,1.0010E-005
1708.358800,1.1340E-005
1708.637600,1.0100E-005
1708.916400,1.1140E-005
1709.195200,1.1280E-005
1709.474000,1.1020E-005
1709.752800,1.0880E-005
1710.031600,1.0350E-005
1710.310400,1.3200E-005
1710.589200,1.0810E-005
1710.868000,1.0170E-005
1711.146800,1.0230E-005
1711.425600,1.1100E-005
1711.704400,1.1940E-005
1711.983200,1.1070E-005
1712.262000,1.1800E-005
1712.540800,1.1080E-005
1712.819600,1.2090E-005
1713.098400,1.1190E-005
1713.377200,1.2360E-005
1713.656000,1.1460E-005
1713.934800,1.1850E-005
1714.213600,1.2140E-005
1714.492400,1.1310E-005
1714.771200,1.1610E-005
1715.050000,1.0800E-005
1715.328800,1.2510E-005
1715.607600,1.2870E-005
1715.886400,1.3250E-005
1716.165200,1.1340E-005
1716.444000,1.3260E-005
1716.722800,1.1320E-005
1717.001600,1.2060E-005
1717.280400,1.2120E-005
1717.559200,1.1260E-005
1717.838000,1.1900E-005
1718.116800,1.3440E-005
1718.395600,1.1720E-005
1718.674400,1.1050E-005
1718.953200,1.2150E-005
1719.232000,1.4090E-005
1719.510800,1.2860E-005
1719.789600,1.3500E-005
1720.068400,1.2850E-005
1720.347200,1.4450E-005
1720.626000,1.4750E-005
1720.904800,1.2460E-005
1721.183600,1.2800E-005
1721.462400,1.2490E-005
1721.741200,1.2980E-005
1722.020000,1.3360E-005
1722.298800,1.4750E-005
1722.577600,1.4420E-005
1722.856400,1.4080E-005
1723.135200,1.3040E-005
1723.414000,1.4800E-005
1723.692800,1.4340E-005
1723.971600,1.4080E-005
1724.250400,1.3810E-005
1724.529200,1.3580E-005
1724.808000,1.4370E-005
1725.086800,1.5270E-005
1725.365600,1.1050E-005
1725.644400,1.6440E-005
1725.923200,1.6110E-005
1726.202000,1.5170E-005
1726.480800,1.5610E-005
1726.759600,1.5650E-005
1727.038400,1.4220E-005
1727.317200,1.6870E-005
1727.596000,1.4560E-005
1727.874800,1.5670E-005
1728.153600,1.5730E-005
1728.432400,1.6070E-005
1728.711200,1.4320E-005
1728.990000,1.4770E-005
1729.268800,1.6800E-005
1729.547600,1.5850E-005
1729.826400,1.4460E-005
1730.105200,1.8000E-005
1730.384000,1.5350E-005
1730.662800,1.6830E-005
1730.941600,1.7500E-005
1731.220400,1.6480E-005
1731.499200,1.6600E-005
1731.778000,1.7910E-005
1732.056800,1.4540E-005
1732.335600,1.4990E-005
1732.614400,1.6320E-005
1732.893200,1.9210E-005
1733.172000,1.7830E-005
1733.450800,1.6240E-005
1733.729600,1.6580E-005
1734.008400,1.8770E-005
1734.287200,1.6820E-005
1734.566000,2.1070E-005
1734.844800,1.9570E-005
1735.123600,1.7260E-005
1735.402400,1.8280E-005
1735.681200,1.8200E-005
1735.960000,1.8470E-005
1736.238800,1.8170E-005
1736.517600,1.9750E-005
1736.796400,2.1480E-005
1737.075200,1.9450E-005
1737.354000,1.8110E-005
1737.632800,2.1420E-005
1737.911600,2.1420E-005
1738.190400,1.9530E-005
1738.469200,2.0950E-005
1738.748000,1.9680E-005
1739.026800,1.8360E-005
1739.305600,2.0880E-005
1739.584400,2.0380E-005
1739.863200,2.0420E-005
1740.142000,2.2880E-005
1740.420800,2.5680E-005
1740.699600,1.8040E-005
1740.978400,2.2480E-005
1741.257200,2.1990E-005
1741.536000,2.1420E-005
1741.814800,2.1860E-005
1742.093600,2.0040E-005
1742.372400,2.4640E-005
1742.651200,2.1020E-005
1742.930000,2.1170E-005
1743.208800,2.2270E-005
1743.487600,2.2610E-005
1743.766400,2.7170E-005
1744.045200,2.1140E-005
1744.324000,2.4850E-005
1744.602800,2.5050E-005
1744.881600,2.3150E-005
1745.160400,2.3650E-005
1745.439200,2.3910E-005
1745.718000,2.3760E-005
1745.996800,2.6230E-005
1746.275600,2.3670E-005
1746.554400,2.5510E-005
1746.833200,2.1850E-005
1747.112000,2.3260E-005
1747.390800,2.4730E-005
1747.669600,2.2320E-005
1747.948400,2.4010E-005
1748.227200,2.3010E-005
1748.506000,2.4880E-005
1748.784800,2.3820E-005
1749.063600,2.4450E-005
1749.342400,2.4290E-005
1749.621200,2.1760E-005
1749.900000,2.2730E-005
