File,WaveData20210924_026.csv,
Date/Time,21-09-24/13:49,

Trace,A
Center Wavelength,1557.8,nm
Span Wavelength,400,nm
Start Wavelength,1357.8,nm
Stop Wavelength,1757.8,nm
Value In Air/Vacuum,Vacuum,
Optical Attenuater,Off,
Resolution,0.07,nm
Actual Resolution,0.058,nm
VBW,1000,Hz
Point Average,20,
Sweep Average,4,
Smooth,Off,
Sampling Points,2001,pt
Trace Type,Write,
Trace Storage Mode,Off,
Trace Calculate Trace 1,-,
Trace Calculate Trace 2,-,
Dynamic Range,Normal,
Ext-Trigger,Off,
Interval Time,Off,
MM Mode,Off,
Start,1357.8,nm
Stop,1757.8,nm

Wavelength(A),Level(A)
1357.800000,1.3130E-007
1358.000000,1.1500E-007
1358.200000,1.3020E-007
1358.400000,1.2420E-007
1358.600000,1.4540E-007
1358.800000,1.3630E-007
1359.000000,1.2310E-007
1359.200000,1.3690E-007
1359.400000,1.1240E-007
1359.600000,1.3060E-007
1359.800000,1.3720E-007
1360.000000,1.2290E-007
1360.200000,1.3480E-007
1360.400000,1.3150E-007
1360.600000,1.3270E-007
1360.800000,1.2210E-007
1361.000000,1.2340E-007
1361.200000,1.3420E-007
1361.400000,1.4450E-007
1361.600000,1.2490E-007
1361.800000,1.1670E-007
1362.000000,1.3110E-007
1362.200000,1.2070E-007
1362.400000,1.2410E-007
1362.600000,1.1880E-007
1362.800000,1.3570E-007
1363.000000,1.3050E-007
1363.200000,1.1680E-007
1363.400000,1.2430E-007
1363.600000,1.3610E-007
1363.800000,1.2440E-007
1364.000000,1.3630E-007
1364.200000,1.1970E-007
1364.400000,1.4470E-007
1364.600000,1.1880E-007
1364.800000,1.3550E-007
1365.000000,1.3690E-007
1365.200000,1.2720E-007
1365.400000,1.3030E-007
1365.600000,1.4510E-007
1365.800000,1.3140E-007
1366.000000,1.4060E-007
1366.200000,1.3890E-007
1366.400000,1.4310E-007
1366.600000,1.4040E-007
1366.800000,1.4660E-007
1367.000000,1.3930E-007
1367.200000,1.5390E-007
1367.400000,1.4420E-007
1367.600000,1.3950E-007
1367.800000,1.3610E-007
1368.000000,1.5830E-007
1368.200000,1.6270E-007
1368.400000,1.5640E-007
1368.600000,1.2830E-007
1368.800000,1.3940E-007
1369.000000,1.5430E-007
1369.200000,1.8740E-007
1369.400000,1.6140E-007
1369.600000,1.5620E-007
1369.800000,1.6890E-007
1370.000000,1.4800E-007
1370.200000,1.6690E-007
1370.400000,1.6260E-007
1370.600000,1.6990E-007
1370.800000,1.7640E-007
1371.000000,1.4640E-007
1371.200000,1.7180E-007
1371.400000,1.9190E-007
1371.600000,1.8040E-007
1371.800000,1.8370E-007
1372.000000,2.0790E-007
1372.200000,1.9250E-007
1372.400000,1.8050E-007
1372.600000,1.8960E-007
1372.800000,1.7580E-007
1373.000000,1.7770E-007
1373.200000,1.9540E-007
1373.400000,1.7100E-007
1373.600000,2.0020E-007
1373.800000,1.8930E-007
1374.000000,1.9990E-007
1374.200000,1.9430E-007
1374.400000,1.8800E-007
1374.600000,1.8420E-007
1374.800000,1.8820E-007
1375.000000,1.9180E-007
1375.200000,1.8340E-007
1375.400000,1.9750E-007
1375.600000,1.6260E-007
1375.800000,1.4660E-007
1376.000000,1.6400E-007
1376.200000,1.6240E-007
1376.400000,1.6730E-007
1376.600000,1.6990E-007
1376.800000,1.6940E-007
1377.000000,1.4820E-007
1377.200000,1.4720E-007
1377.400000,1.4680E-007
1377.600000,1.6880E-007
1377.800000,1.9220E-007
1378.000000,1.7260E-007
1378.200000,1.6400E-007
1378.400000,1.6290E-007
1378.600000,1.6940E-007
1378.800000,1.4230E-007
1379.000000,1.5310E-007
1379.200000,1.6630E-007
1379.400000,1.8100E-007
1379.600000,1.7640E-007
1379.800000,1.6600E-007
1380.000000,1.5510E-007
1380.200000,1.7430E-007
1380.400000,1.5360E-007
1380.600000,1.3260E-007
1380.800000,1.6710E-007
1381.000000,1.6730E-007
1381.200000,1.4860E-007
1381.400000,1.6350E-007
1381.600000,1.6000E-007
1381.800000,1.5610E-007
1382.000000,1.7740E-007
1382.200000,1.6090E-007
1382.400000,1.5490E-007
1382.600000,1.4680E-007
1382.800000,1.6130E-007
1383.000000,1.5190E-007
1383.200000,1.7550E-007
1383.400000,1.8760E-007
1383.600000,1.9500E-007
1383.800000,1.6100E-007
1384.000000,2.0360E-007
1384.200000,1.9660E-007
1384.400000,2.1080E-007
1384.600000,2.1220E-007
1384.800000,2.0200E-007
1385.000000,1.9990E-007
1385.200000,2.1980E-007
1385.400000,2.0860E-007
1385.600000,2.4840E-007
1385.800000,2.2410E-007
1386.000000,2.3070E-007
1386.200000,2.6350E-007
1386.400000,2.2830E-007
1386.600000,2.4700E-007
1386.800000,2.7780E-007
1387.000000,2.7950E-007
1387.200000,3.6220E-007
1387.400000,3.0700E-007
1387.600000,2.9800E-007
1387.800000,2.6750E-007
1388.000000,3.2340E-007
1388.200000,3.4680E-007
1388.400000,3.1550E-007
1388.600000,3.9530E-007
1388.800000,3.9070E-007
1389.000000,3.7590E-007
1389.200000,4.3310E-007
1389.400000,4.3590E-007
1389.600000,4.6260E-007
1389.800000,4.4950E-007
1390.000000,4.5160E-007
1390.200000,4.8370E-007
1390.400000,5.3360E-007
1390.600000,5.0030E-007
1390.800000,5.5050E-007
1391.000000,5.8360E-007
1391.200000,6.1620E-007
1391.400000,5.7430E-007
1391.600000,5.6840E-007
1391.800000,6.7900E-007
1392.000000,6.3770E-007
1392.200000,5.8390E-007
1392.400000,6.3220E-007
1392.600000,5.7880E-007
1392.800000,7.5660E-007
1393.000000,8.0280E-007
1393.200000,7.8630E-007
1393.400000,8.4400E-007
1393.600000,8.6040E-007
1393.800000,8.5580E-007
1394.000000,9.4510E-007
1394.200000,9.8210E-007
1394.400000,1.0040E-006
1394.600000,8.8460E-007
1394.800000,1.0030E-006
1395.000000,5.8390E-007
1395.200000,1.1100E-006
1395.400000,9.9300E-007
1395.600000,1.0200E-006
1395.800000,1.0740E-006
1396.000000,1.2290E-006
1396.200000,1.1970E-006
1396.400000,8.4450E-007
1396.600000,9.3210E-007
1396.800000,1.3680E-006
1397.000000,1.3910E-006
1397.200000,1.3240E-006
1397.400000,1.4920E-006
1397.600000,1.5510E-006
1397.800000,1.5410E-006
1398.000000,1.5820E-006
1398.200000,1.6920E-006
1398.400000,1.6200E-006
1398.600000,1.7440E-006
1398.800000,1.8430E-006
1399.000000,1.7340E-006
1399.200000,1.8280E-006
1399.400000,1.7270E-006
1399.600000,1.6270E-006
1399.800000,2.0370E-006
1400.000000,1.4940E-006
1400.200000,1.9720E-006
1400.400000,1.8670E-006
1400.600000,1.5600E-006
1400.800000,1.8050E-006
1401.000000,2.2440E-006
1401.200000,2.2410E-006
1401.400000,2.2370E-006
1401.600000,2.2170E-006
1401.800000,2.3890E-006
1402.000000,2.6590E-006
1402.200000,2.6700E-006
1402.400000,2.6170E-006
1402.600000,2.7940E-006
1402.800000,2.8590E-006
1403.000000,2.8150E-006
1403.200000,2.9320E-006
1403.400000,2.9780E-006
1403.600000,2.9850E-006
1403.800000,3.0470E-006
1404.000000,2.9530E-006
1404.200000,3.0090E-006
1404.400000,2.7030E-006
1404.600000,3.0940E-006
1404.800000,3.0560E-006
1405.000000,1.2760E-006
1405.200000,3.1160E-006
1405.400000,3.2700E-006
1405.600000,3.4410E-006
1405.800000,3.4190E-006
1406.000000,3.5740E-006
1406.200000,3.4540E-006
1406.400000,3.5840E-006
1406.600000,3.5940E-006
1406.800000,3.4700E-006
1407.000000,3.3360E-006
1407.200000,3.3790E-006
1407.400000,3.6360E-006
1407.600000,3.5840E-006
1407.800000,3.8630E-006
1408.000000,3.9620E-006
1408.200000,3.8900E-006
1408.400000,3.9510E-006
1408.600000,3.9620E-006
1408.800000,4.0250E-006
1409.000000,3.7480E-006
1409.200000,3.4930E-006
1409.400000,3.8480E-006
1409.600000,3.4200E-006
1409.800000,4.1030E-006
1410.000000,4.1030E-006
1410.200000,4.2150E-006
1410.400000,4.3230E-006
1410.600000,4.1950E-006
1410.800000,4.4140E-006
1411.000000,4.5320E-006
1411.200000,4.3420E-006
1411.400000,4.5310E-006
1411.600000,4.7410E-006
1411.800000,4.6200E-006
1412.000000,4.7010E-006
1412.200000,4.5740E-006
1412.400000,4.5890E-006
1412.600000,4.8230E-006
1412.800000,4.9980E-006
1413.000000,5.0760E-006
1413.200000,5.2420E-006
1413.400000,5.1360E-006
1413.600000,4.9480E-006
1413.800000,5.3150E-006
1414.000000,5.0720E-006
1414.200000,4.5120E-006
1414.400000,5.3720E-006
1414.600000,4.6830E-006
1414.800000,5.2150E-006
1415.000000,5.5760E-006
1415.200000,5.5810E-006
1415.400000,5.4050E-006
1415.600000,5.6750E-006
1415.800000,5.5970E-006
1416.000000,5.7920E-006
1416.200000,5.8400E-006
1416.400000,5.8370E-006
1416.600000,5.9970E-006
1416.800000,6.0100E-006
1417.000000,5.9790E-006
1417.200000,6.1350E-006
1417.400000,6.1530E-006
1417.600000,5.3000E-006
1417.800000,6.2080E-006
1418.000000,6.1870E-006
1418.200000,6.3530E-006
1418.400000,6.4330E-006
1418.600000,6.3650E-006
1418.800000,6.3240E-006
1419.000000,5.6840E-006
1419.200000,6.3620E-006
1419.400000,6.3160E-006
1419.600000,6.1000E-006
1419.800000,6.7560E-006
1420.000000,5.9970E-006
1420.200000,6.7740E-006
1420.400000,6.8810E-006
1420.600000,6.6490E-006
1420.800000,6.6960E-006
1421.000000,7.0540E-006
1421.200000,6.8160E-006
1421.400000,7.0740E-006
1421.600000,6.8680E-006
1421.800000,6.9730E-006
1422.000000,7.1470E-006
1422.200000,7.0040E-006
1422.400000,7.0030E-006
1422.600000,7.1650E-006
1422.800000,6.8490E-006
1423.000000,7.0170E-006
1423.200000,6.7270E-006
1423.400000,6.5470E-006
1423.600000,7.0950E-006
1423.800000,6.3680E-006
1424.000000,6.5780E-006
1424.200000,6.9310E-006
1424.400000,6.9450E-006
1424.600000,6.9340E-006
1424.800000,6.8920E-006
1425.000000,6.7920E-006
1425.200000,6.7810E-006
1425.400000,6.6690E-006
1425.600000,6.4780E-006
1425.800000,6.6610E-006
1426.000000,6.4910E-006
1426.200000,6.6000E-006
1426.400000,6.4560E-006
1426.600000,6.5240E-006
1426.800000,6.4370E-006
1427.000000,6.4300E-006
1427.200000,6.4130E-006
1427.400000,6.3700E-006
1427.600000,6.3740E-006
1427.800000,6.2880E-006
1428.000000,6.3770E-006
1428.200000,5.9390E-006
1428.400000,6.0540E-006
1428.600000,6.2150E-006
1428.800000,6.2140E-006
1429.000000,5.9140E-006
1429.200000,6.3160E-006
1429.400000,6.2930E-006
1429.600000,6.1400E-006
1429.800000,6.2280E-006
1430.000000,6.0070E-006
1430.200000,6.3300E-006
1430.400000,6.1530E-006
1430.600000,6.1220E-006
1430.800000,6.4430E-006
1431.000000,6.2040E-006
1431.200000,5.4970E-006
1431.400000,6.6800E-006
1431.600000,5.8420E-006
1431.800000,6.4520E-006
1432.000000,6.9100E-006
1432.200000,6.4970E-006
1432.400000,5.9470E-006
1432.600000,6.9680E-006
1432.800000,6.8120E-006
1433.000000,7.0190E-006
1433.200000,7.2640E-006
1433.400000,7.0340E-006
1433.600000,7.2050E-006
1433.800000,7.1850E-006
1434.000000,7.0510E-006
1434.200000,7.3420E-006
1434.400000,6.1530E-006
1434.600000,7.0660E-006
1434.800000,7.1830E-006
1435.000000,7.0010E-006
1435.200000,6.7880E-006
1435.400000,6.8630E-006
1435.600000,6.7220E-006
1435.800000,6.6230E-006
1436.000000,6.4760E-006
1436.200000,6.4990E-006
1436.400000,6.2570E-006
1436.600000,6.2320E-006
1436.800000,6.4910E-006
1437.000000,6.2030E-006
1437.200000,5.8400E-006
1437.400000,6.2310E-006
1437.600000,6.2750E-006
1437.800000,5.5060E-006
1438.000000,6.0450E-006
1438.200000,6.1630E-006
1438.400000,6.1910E-006
1438.600000,6.0490E-006
1438.800000,6.2510E-006
1439.000000,6.5230E-006
1439.200000,6.4500E-006
1439.400000,6.5780E-006
1439.600000,6.7650E-006
1439.800000,7.5340E-006
1440.000000,1.1340E-005
1440.200000,1.1580E-005
1440.400000,1.2570E-005
1440.600000,1.1970E-005
1440.800000,1.2300E-005
1441.000000,1.3000E-005
1441.200000,1.2600E-005
1441.400000,1.2590E-005
1441.600000,1.3210E-005
1441.800000,1.2990E-005
1442.000000,1.4200E-005
1442.200000,1.3560E-005
1442.400000,1.3830E-005
1442.600000,1.5000E-005
1442.800000,1.4030E-005
1443.000000,1.4310E-005
1443.200000,1.5350E-005
1443.400000,1.4800E-005
1443.600000,1.5180E-005
1443.800000,1.5420E-005
1444.000000,1.5370E-005
1444.200000,1.5590E-005
1444.400000,1.5710E-005
1444.600000,1.6280E-005
1444.800000,1.6320E-005
1445.000000,1.6560E-005
1445.200000,1.6010E-005
1445.400000,1.6280E-005
1445.600000,1.5150E-005
1445.800000,1.4430E-005
1446.000000,1.6400E-005
1446.200000,1.7610E-005
1446.400000,1.7950E-005
1446.600000,1.6870E-005
1446.800000,1.4560E-005
1447.000000,1.8410E-005
1447.200000,1.7820E-005
1447.400000,1.8580E-005
1447.600000,1.6190E-005
1447.800000,1.2340E-005
1448.000000,1.2900E-005
1448.200000,1.2240E-005
1448.400000,1.2660E-005
1448.600000,1.3470E-005
1448.800000,1.3290E-005
1449.000000,1.3270E-005
1449.200000,1.9480E-005
1449.400000,1.8480E-005
1449.600000,1.9100E-005
1449.800000,1.9160E-005
1450.000000,2.0400E-005
1450.200000,2.1500E-005
1450.400000,2.1160E-005
1450.600000,1.9420E-005
1450.800000,2.4600E-005
1451.000000,2.3310E-005
1451.200000,2.5070E-005
1451.400000,2.7820E-005
1451.600000,2.5720E-005
1451.800000,3.0640E-005
1452.000000,3.2000E-005
1452.200000,2.7130E-005
1452.400000,3.3230E-005
1452.600000,3.3710E-005
1452.800000,3.1730E-005
1453.000000,3.4360E-005
1453.200000,3.1290E-005
1453.400000,3.0280E-005
1453.600000,3.4020E-005
1453.800000,3.2710E-005
1454.000000,3.1940E-005
1454.200000,3.5540E-005
1454.400000,3.2250E-005
1454.600000,3.2400E-005
1454.800000,3.3090E-005
1455.000000,3.2890E-005
1455.200000,3.2300E-005
1455.400000,3.3440E-005
1455.600000,3.4650E-005
1455.800000,3.5270E-005
1456.000000,3.5150E-005
1456.200000,3.5830E-005
1456.400000,3.5980E-005
1456.600000,3.6230E-005
1456.800000,3.6220E-005
1457.000000,3.6180E-005
1457.200000,3.5600E-005
1457.400000,3.5780E-005
1457.600000,3.6290E-005
1457.800000,3.5700E-005
1458.000000,3.7250E-005
1458.200000,3.6380E-005
1458.400000,3.6110E-005
1458.600000,3.7450E-005
1458.800000,3.7470E-005
1459.000000,3.8230E-005
1459.200000,3.8810E-005
1459.400000,3.8750E-005
1459.600000,3.8680E-005
1459.800000,3.9210E-005
1460.000000,3.9770E-005
1460.200000,4.0020E-005
1460.400000,3.9560E-005
1460.600000,4.0670E-005
1460.800000,4.0190E-005
1461.000000,4.1240E-005
1461.200000,4.0700E-005
1461.400000,4.0870E-005
1461.600000,4.1120E-005
1461.800000,4.0920E-005
1462.000000,4.5880E-005
1462.200000,5.0770E-005
1462.400000,5.3560E-005
1462.600000,5.5510E-005
1462.800000,5.3200E-005
1463.000000,5.6340E-005
1463.200000,5.3260E-005
1463.400000,5.6410E-005
1463.600000,5.9030E-005
1463.800000,6.1450E-005
1464.000000,6.1240E-005
1464.200000,6.1970E-005
1464.400000,6.2560E-005
1464.600000,6.3340E-005
1464.800000,6.4190E-005
1465.000000,6.5130E-005
1465.200000,6.3770E-005
1465.400000,6.7450E-005
1465.600000,6.8320E-005
1465.800000,7.0110E-005
1466.000000,6.9250E-005
1466.200000,7.1360E-005
1466.400000,7.0750E-005
1466.600000,7.3400E-005
1466.800000,7.4730E-005
1467.000000,7.0650E-005
1467.200000,7.5880E-005
1467.400000,7.4800E-005
1467.600000,7.1810E-005
1467.800000,7.1050E-005
1468.000000,6.9960E-005
1468.200000,6.6980E-005
1468.400000,6.8520E-005
1468.600000,6.3100E-005
1468.800000,6.1380E-005
1469.000000,6.1350E-005
1469.200000,5.8820E-005
1469.400000,5.7410E-005
1469.600000,5.2370E-005
1469.800000,5.6770E-005
1470.000000,5.6990E-005
1470.200000,6.0070E-005
1470.400000,5.9020E-005
1470.600000,6.2830E-005
1470.800000,5.9920E-005
1471.000000,6.3670E-005
1471.200000,7.0070E-005
1471.400000,6.8110E-005
1471.600000,7.5610E-005
1471.800000,7.7410E-005
1472.000000,7.2390E-005
1472.200000,9.0400E-005
1472.400000,8.3320E-005
1472.600000,8.0360E-005
1472.800000,1.0430E-004
1473.000000,9.5950E-005
1473.200000,9.0720E-005
1473.400000,1.1230E-004
1473.600000,1.0340E-004
1473.800000,1.0340E-004
1474.000000,1.1910E-004
1474.200000,1.1170E-004
1474.400000,1.0890E-004
1474.600000,1.2030E-004
1474.800000,1.1620E-004
1475.000000,1.1670E-004
1475.200000,1.2050E-004
1475.400000,1.1500E-004
1475.600000,1.1390E-004
1475.800000,1.1140E-004
1476.000000,1.1170E-004
1476.200000,1.0730E-004
1476.400000,1.0500E-004
1476.600000,1.0090E-004
1476.800000,9.5590E-005
1477.000000,9.1110E-005
1477.200000,8.9000E-005
1477.400000,8.8440E-005
1477.600000,7.9360E-005
1477.800000,7.4550E-005
1478.000000,7.9600E-005
1478.200000,7.2200E-005
1478.400000,7.3850E-005
1478.600000,6.8090E-005
1478.800000,7.1810E-005
1479.000000,7.0820E-005
1479.200000,6.7800E-005
1479.400000,6.8350E-005
1479.600000,6.2260E-005
1479.800000,6.4130E-005
1480.000000,7.2100E-005
1480.200000,7.1900E-005
1480.400000,6.5870E-005
1480.600000,7.2800E-005
1480.800000,7.6470E-005
1481.000000,7.7920E-005
1481.200000,8.2450E-005
1481.400000,8.3210E-005
1481.600000,8.9040E-005
1481.800000,8.9740E-005
1482.000000,9.8300E-005
1482.200000,1.1200E-004
1482.400000,1.0520E-004
1482.600000,1.1680E-004
1482.800000,1.4070E-004
1483.000000,1.2700E-004
1483.200000,1.2910E-004
1483.400000,1.4240E-004
1483.600000,6.4160E-005
1483.800000,6.3530E-005
1484.000000,7.0950E-005
1484.200000,6.8730E-005
1484.400000,1.5920E-004
1484.600000,1.5190E-004
1484.800000,1.5910E-004
1485.000000,1.5000E-004
1485.200000,1.4790E-004
1485.400000,1.5600E-004
1485.600000,1.4530E-004
1485.800000,1.3820E-004
1486.000000,1.2800E-004
1486.200000,1.4120E-004
1486.400000,1.2740E-004
1486.600000,1.1440E-004
1486.800000,1.1410E-004
1487.000000,1.0640E-004
1487.200000,1.0070E-004
1487.400000,1.1030E-004
1487.600000,1.1160E-004
1487.800000,1.1390E-004
1488.000000,1.1480E-004
1488.200000,1.3830E-004
1488.400000,1.2040E-004
1488.600000,1.4320E-004
1488.800000,1.4370E-004
1489.000000,1.3860E-004
1489.200000,1.4230E-004
1489.400000,2.0100E-004
1489.600000,1.8870E-004
1489.800000,1.8930E-004
1490.000000,2.2470E-004
1490.200000,2.3610E-004
1490.400000,2.0730E-004
1490.600000,2.4210E-004
1490.800000,2.5690E-004
1491.000000,2.4520E-004
1491.200000,2.7840E-004
1491.400000,2.6540E-004
1491.600000,2.5570E-004
1491.800000,2.9300E-004
1492.000000,2.9280E-004
1492.200000,2.6140E-004
1492.400000,3.1620E-004
1492.600000,3.0800E-004
1492.800000,2.7870E-004
1493.000000,3.3380E-004
1493.200000,3.0970E-004
1493.400000,2.7510E-004
1493.600000,3.3810E-004
1493.800000,3.0850E-004
1494.000000,2.7270E-004
1494.200000,3.2110E-004
1494.400000,2.8560E-004
1494.600000,2.5910E-004
1494.800000,2.7450E-004
1495.000000,2.5250E-004
1495.200000,2.3450E-004
1495.400000,2.5170E-004
1495.600000,2.3050E-004
1495.800000,2.0580E-004
1496.000000,2.2110E-004
1496.200000,2.1650E-004
1496.400000,2.0320E-004
1496.600000,2.1480E-004
1496.800000,2.1950E-004
1497.000000,2.0230E-004
1497.200000,2.3140E-004
1497.400000,2.4200E-004
1497.600000,2.3190E-004
1497.800000,2.5430E-004
1498.000000,2.8480E-004
1498.200000,2.8010E-004
1498.400000,3.1770E-004
1498.600000,3.6410E-004
1498.800000,3.8210E-004
1499.000000,2.5790E-004
1499.200000,2.8950E-004
1499.400000,2.9860E-004
1499.600000,3.0290E-004
1499.800000,3.2090E-004
1500.000000,3.4130E-004
1500.200000,3.4720E-004
1500.400000,3.7390E-004
1500.600000,4.0540E-004
1500.800000,4.0610E-004
1501.000000,4.3050E-004
1501.200000,4.5260E-004
1501.400000,4.4970E-004
1501.600000,4.3600E-004
1501.800000,4.4720E-004
1502.000000,4.2900E-004
1502.200000,4.1770E-004
1502.400000,4.2680E-004
1502.600000,4.0470E-004
1502.800000,4.0140E-004
1503.000000,3.9560E-004
1503.200000,3.5030E-004
1503.400000,3.3580E-004
1503.600000,3.3850E-004
1503.800000,2.9270E-004
1504.000000,2.7400E-004
1504.200000,2.9480E-004
1504.400000,2.5190E-004
1504.600000,2.3550E-004
1504.800000,2.8400E-004
1505.000000,2.4580E-004
1505.200000,2.0770E-004
1505.400000,2.6390E-004
1505.600000,2.4700E-004
1505.800000,1.8310E-004
1506.000000,2.1780E-004
1506.200000,2.2790E-004
1506.400000,1.5560E-004
1506.600000,1.7610E-004
1506.800000,2.0270E-004
1507.000000,1.5460E-004
1507.200000,1.6230E-004
1507.400000,1.7550E-004
1507.600000,1.4440E-004
1507.800000,1.5040E-004
1508.000000,1.5690E-004
1508.200000,1.4240E-004
1508.400000,1.4910E-004
1508.600000,1.6630E-004
1508.800000,1.8420E-004
1509.000000,2.0560E-004
1509.200000,2.1950E-004
1509.400000,2.4420E-004
1509.600000,2.7330E-004
1509.800000,3.0180E-004
1510.000000,3.3930E-004
1510.200000,3.6790E-004
1510.400000,3.7400E-004
1510.600000,4.2750E-004
1510.800000,4.8220E-004
1511.000000,4.6890E-004
1511.200000,5.1820E-004
1511.400000,6.0990E-004
1511.600000,5.9360E-004
1511.800000,5.8830E-004
1512.000000,6.4970E-004
1512.200000,6.2470E-004
1512.400000,5.9530E-004
1512.600000,6.3810E-004
1512.800000,5.9730E-004
1513.000000,5.5840E-004
1513.200000,5.7390E-004
1513.400000,5.5700E-004
1513.600000,5.4030E-004
1513.800000,5.3510E-004
1514.000000,5.1590E-004
1514.200000,5.1240E-004
1514.400000,4.5750E-004
1514.600000,4.1140E-004
1514.800000,3.9940E-004
1515.000000,3.3800E-004
1515.200000,2.9280E-004
1515.400000,3.1930E-004
1515.600000,3.0560E-004
1515.800000,2.5700E-004
1516.000000,3.0800E-004
1516.200000,3.3560E-004
1516.400000,2.8830E-004
1516.600000,3.4040E-004
1516.800000,3.6730E-004
1517.000000,3.3720E-004
1517.200000,3.6620E-004
1517.400000,4.0730E-004
1517.600000,4.1850E-004
1517.800000,4.3810E-004
1518.000000,4.7630E-004
1518.200000,4.9830E-004
1518.400000,5.2890E-004
1518.600000,6.0810E-004
1518.800000,6.9640E-004
1519.000000,8.0140E-004
1519.200000,9.3060E-004
1519.400000,1.0720E-003
1519.600000,1.2270E-003
1519.800000,1.3310E-003
1520.000000,1.4090E-003
1520.200000,1.5070E-003
1520.400000,1.5120E-003
1520.600000,1.4620E-003
1520.800000,1.4590E-003
1521.000000,1.4340E-003
1521.200000,1.3600E-003
1521.400000,1.3570E-003
1521.600000,1.4220E-003
1521.800000,1.4040E-003
1522.000000,1.3490E-003
1522.200000,1.4720E-003
1522.400000,1.5320E-003
1522.600000,1.4800E-003
1522.800000,1.5670E-003
1523.000000,1.5520E-003
1523.200000,1.7020E-003
1523.400000,1.6650E-003
1523.600000,1.5970E-003
1523.800000,1.6770E-003
1524.000000,1.6380E-003
1524.200000,1.5180E-003
1524.400000,1.4720E-003
1524.600000,1.3700E-003
1524.800000,1.2770E-003
1525.000000,1.1540E-003
1525.200000,9.9530E-004
1525.400000,9.8130E-004
1525.600000,8.7470E-004
1525.800000,9.4780E-004
1526.000000,8.4330E-004
1526.200000,8.8640E-004
1526.400000,1.0460E-003
1526.600000,1.0480E-003
1526.800000,1.0270E-003
1527.000000,1.1010E-003
1527.200000,1.0460E-003
1527.400000,9.5950E-004
1527.600000,9.5990E-004
1527.800000,1.0060E-003
1528.000000,1.0170E-003
1528.200000,1.0960E-003
1528.400000,1.2030E-003
1528.600000,1.2890E-003
1528.800000,1.3450E-003
1529.000000,1.3640E-003
1529.200000,1.3700E-003
1529.400000,1.3200E-003
1529.600000,1.2790E-003
1529.800000,1.2560E-003
1530.000000,1.1040E-003
1530.200000,1.0330E-003
1530.400000,1.0520E-003
1530.600000,9.2120E-004
1530.800000,8.3110E-004
1531.000000,7.9030E-004
1531.200000,7.3110E-004
1531.400000,7.4550E-004
1531.600000,7.5680E-004
1531.800000,8.3920E-004
1532.000000,1.0120E-003
1532.200000,1.1280E-003
1532.400000,1.2620E-003
1532.600000,1.3780E-003
1532.800000,1.4670E-003
1533.000000,1.5200E-003
1533.200000,1.5230E-003
1533.400000,1.5360E-003
1533.600000,1.5730E-003
1533.800000,1.6050E-003
1534.000000,1.6390E-003
1534.200000,1.8300E-003
1534.400000,2.0450E-003
1534.600000,2.1620E-003
1534.800000,2.3550E-003
1535.000000,2.6570E-003
1535.200000,2.9400E-003
1535.400000,3.2510E-003
1535.600000,3.5550E-003
1535.800000,3.6410E-003
1536.000000,3.5700E-003
1536.200000,3.6740E-003
1536.400000,3.6080E-003
1536.600000,3.4830E-003
1536.800000,3.4050E-003
1537.000000,3.2840E-003
1537.200000,3.1110E-003
1537.400000,2.9700E-003
1537.600000,2.6430E-003
1537.800000,2.4280E-003
1538.000000,2.1430E-003
1538.200000,1.7610E-003
1538.400000,1.6070E-003
1538.600000,1.5680E-003
1538.800000,1.4630E-003
1539.000000,1.5340E-003
1539.200000,1.7320E-003
1539.400000,1.7360E-003
1539.600000,1.6670E-003
1539.800000,1.7500E-003
1540.000000,1.9670E-003
1540.200000,2.0680E-003
1540.400000,2.1800E-003
1540.600000,1.7990E-003
1540.800000,1.1620E-003
1541.000000,8.4950E-004
1541.200000,7.0780E-004
1541.400000,7.1410E-004
1541.600000,5.6560E-004
1541.800000,5.6060E-004
1542.000000,3.2160E-004
1542.200000,2.6770E-004
1542.400000,5.3550E-004
1542.600000,4.4090E-004
1542.800000,4.8400E-004
1543.000000,7.5260E-004
1543.200000,7.7070E-004
1543.400000,8.4140E-004
1543.600000,1.0210E-003
1543.800000,1.2520E-003
1544.000000,1.5730E-003
1544.200000,1.9680E-003
1544.400000,2.4990E-003
1544.600000,3.0350E-003
1544.800000,3.5750E-003
1545.000000,4.1140E-003
1545.200000,4.5540E-003
1545.400000,4.8330E-003
1545.600000,5.0260E-003
1545.800000,5.0960E-003
1546.000000,4.9910E-003
1546.200000,4.6920E-003
1546.400000,4.4610E-003
1546.600000,4.3330E-003
1546.800000,4.2840E-003
1547.000000,4.5160E-003
1547.200000,5.2790E-003
1547.400000,7.2680E-003
1547.600000,8.9670E-003
1547.800000,8.1370E-003
1548.000000,7.5420E-003
1548.200000,7.1340E-003
1548.400000,6.8880E-003
1548.600000,5.6000E-003
1548.800000,4.2130E-003
1549.000000,3.6090E-003
1549.200000,2.9140E-003
1549.400000,2.3770E-003
1549.600000,3.0870E-003
1549.800000,4.2510E-003
1550.000000,4.3230E-003
1550.200000,4.7940E-003
1550.400000,5.9570E-003
1550.600000,5.3930E-003
1550.800000,4.4790E-003
1551.000000,4.7390E-003
1551.200000,4.2740E-003
1551.400000,2.8430E-003
1551.600000,2.5470E-003
1551.800000,2.6790E-003
1552.000000,2.2980E-003
1552.200000,2.0490E-003
1552.400000,2.0880E-003
1552.600000,2.0490E-003
1552.800000,1.9650E-003
1553.000000,2.0000E-003
1553.200000,2.1180E-003
1553.400000,2.2870E-003
1553.600000,2.5800E-003
1553.800000,2.9250E-003
1554.000000,3.2700E-003
1554.200000,3.4820E-003
1554.400000,3.7020E-003
1554.600000,3.7740E-003
1554.800000,3.7860E-003
1555.000000,3.6820E-003
1555.200000,3.3870E-003
1555.400000,2.9850E-003
1555.600000,2.4920E-003
1555.800000,2.0100E-003
1556.000000,1.6370E-003
1556.200000,1.4360E-003
1556.400000,1.4310E-003
1556.600000,1.7170E-003
1556.800000,2.1840E-003
1557.000000,2.7890E-003
1557.200000,3.5270E-003
1557.400000,4.3210E-003
1557.600000,5.1410E-003
1557.800000,5.7800E-003
1558.000000,6.1990E-003
1558.200000,6.8720E-003
1558.400000,7.1510E-003
1558.600000,6.8810E-003
1558.800000,6.9910E-003
1559.000000,7.0050E-003
1559.200000,6.4010E-003
1559.400000,5.8660E-003
1559.600000,5.6330E-003
1559.800000,5.0250E-003
1560.000000,4.2820E-003
1560.200000,3.9310E-003
1560.400000,3.5290E-003
1560.600000,2.9690E-003
1560.800000,2.4680E-003
1561.000000,2.2890E-003
1561.200000,2.0880E-003
1561.400000,1.7670E-003
1561.600000,1.6000E-003
1561.800000,1.5020E-003
1562.000000,1.3630E-003
1562.200000,1.2500E-003
1562.400000,1.2030E-003
1562.600000,1.1470E-003
1562.800000,1.0720E-003
1563.000000,9.8090E-004
1563.200000,8.6850E-004
1563.400000,8.0670E-004
1563.600000,7.7400E-004
1563.800000,7.3600E-004
1564.000000,6.0160E-004
1564.200000,5.4430E-004
1564.400000,6.7600E-004
1564.600000,6.4450E-004
1564.800000,4.9590E-004
1565.000000,6.1190E-004
1565.200000,7.4260E-004
1565.400000,6.1700E-004
1565.600000,6.0790E-004
1565.800000,8.3080E-004
1566.000000,7.9590E-004
1566.200000,6.7620E-004
1566.400000,8.0420E-004
1566.600000,8.5970E-004
1566.800000,7.6940E-004
1567.000000,8.6340E-004
1567.200000,9.7430E-004
1567.400000,1.1050E-003
1567.600000,1.2260E-003
1567.800000,1.2960E-003
1568.000000,1.5420E-003
1568.200000,1.5460E-003
1568.400000,1.8440E-003
1568.600000,2.2480E-003
1568.800000,2.1400E-003
1569.000000,2.1140E-003
1569.200000,2.4080E-003
1569.400000,2.4430E-003
1569.600000,2.2380E-003
1569.800000,2.1910E-003
1570.000000,2.0550E-003
1570.200000,1.9450E-003
1570.400000,1.8430E-003
1570.600000,1.5700E-003
1570.800000,1.3980E-003
1571.000000,1.5100E-003
1571.200000,1.4490E-003
1571.400000,1.1720E-003
1571.600000,1.2710E-003
1571.800000,1.4890E-003
1572.000000,1.4860E-003
1572.200000,1.5080E-003
1572.400000,1.6940E-003
1572.600000,1.8280E-003
1572.800000,1.8660E-003
1573.000000,1.9580E-003
1573.200000,2.0380E-003
1573.400000,2.0460E-003
1573.600000,2.0730E-003
1573.800000,2.0390E-003
1574.000000,1.9960E-003
1574.200000,1.9900E-003
1574.400000,1.9830E-003
1574.600000,1.9340E-003
1574.800000,1.9290E-003
1575.000000,1.9970E-003
1575.200000,2.0130E-003
1575.400000,2.0290E-003
1575.600000,2.0650E-003
1575.800000,2.0600E-003
1576.000000,2.0570E-003
1576.200000,2.0300E-003
1576.400000,1.9740E-003
1576.600000,1.9170E-003
1576.800000,1.9000E-003
1577.000000,1.8860E-003
1577.200000,1.8750E-003
1577.400000,1.8720E-003
1577.600000,1.8930E-003
1577.800000,1.9000E-003
1578.000000,1.9180E-003
1578.200000,1.9390E-003
1578.400000,1.9630E-003
1578.600000,2.0270E-003
1578.800000,2.1630E-003
1579.000000,2.2520E-003
1579.200000,2.2690E-003
1579.400000,2.4040E-003
1579.600000,2.5510E-003
1579.800000,2.5010E-003
1580.000000,2.5100E-003
1580.200000,2.5460E-003
1580.400000,2.3570E-003
1580.600000,2.1820E-003
1580.800000,2.0770E-003
1581.000000,1.8830E-003
1581.200000,1.7060E-003
1581.400000,1.5500E-003
1581.600000,1.4030E-003
1581.800000,1.3130E-003
1582.000000,1.2970E-003
1582.200000,1.3250E-003
1582.400000,1.4010E-003
1582.600000,1.5480E-003
1582.800000,1.6310E-003
1583.000000,1.7260E-003
1583.200000,1.9070E-003
1583.400000,1.9680E-003
1583.600000,1.9530E-003
1583.800000,1.9860E-003
1584.000000,1.9730E-003
1584.200000,1.9270E-003
1584.400000,1.8790E-003
1584.600000,1.7620E-003
1584.800000,1.7710E-003
1585.000000,1.8360E-003
1585.200000,1.7760E-003
1585.400000,1.7630E-003
1585.600000,1.9610E-003
1585.800000,1.9590E-003
1586.000000,1.8460E-003
1586.200000,1.8800E-003
1586.400000,1.8170E-003
1586.600000,1.5940E-003
1586.800000,1.4300E-003
1587.000000,1.2420E-003
1587.200000,1.0410E-003
1587.400000,9.1470E-004
1587.600000,7.7850E-004
1587.800000,7.3160E-004
1588.000000,7.7290E-004
1588.200000,8.4830E-004
1588.400000,1.0270E-003
1588.600000,1.2020E-003
1588.800000,1.3010E-003
1589.000000,1.4750E-003
1589.200000,1.6490E-003
1589.400000,1.6430E-003
1589.600000,1.7310E-003
1589.800000,1.8020E-003
1590.000000,1.8720E-003
1590.200000,1.9050E-003
1590.400000,1.9420E-003
1590.600000,2.0040E-003
1590.800000,2.0950E-003
1591.000000,2.2800E-003
1591.200000,2.5820E-003
1591.400000,2.9780E-003
1591.600000,3.4650E-003
1591.800000,3.9370E-003
1592.000000,4.4250E-003
1592.200000,4.8730E-003
1592.400000,5.1360E-003
1592.600000,5.3880E-003
1592.800000,5.6040E-003
1593.000000,5.6150E-003
1593.200000,5.5370E-003
1593.400000,5.4090E-003
1593.600000,5.2690E-003
1593.800000,4.9320E-003
1594.000000,4.4590E-003
1594.200000,4.0420E-003
1594.400000,3.5490E-003
1594.600000,2.8980E-003
1594.800000,2.2900E-003
1595.000000,1.8870E-003
1595.200000,1.4990E-003
1595.400000,1.1630E-003
1595.600000,9.7230E-004
1595.800000,8.1840E-004
1596.000000,8.6890E-004
1596.200000,9.9710E-004
1596.400000,1.0270E-003
1596.600000,1.1090E-003
1596.800000,1.4200E-003
1597.000000,1.6150E-003
1597.200000,1.4870E-003
1597.400000,1.5550E-003
1597.600000,1.7860E-003
1597.800000,1.7260E-003
1598.000000,1.7770E-003
1598.200000,1.8650E-003
1598.400000,1.9170E-003
1598.600000,1.9360E-003
1598.800000,1.9560E-003
1599.000000,1.9750E-003
1599.200000,1.9870E-003
1599.400000,1.9920E-003
1599.600000,2.0070E-003
1599.800000,1.9780E-003
1600.000000,1.9460E-003
1600.200000,2.0210E-003
1600.400000,2.0140E-003
1600.600000,1.9200E-003
1600.800000,1.9460E-003
1601.000000,1.9950E-003
1601.200000,1.9070E-003
1601.400000,1.7750E-003
1601.600000,1.7290E-003
1601.800000,1.5830E-003
1602.000000,1.3830E-003
1602.200000,1.2890E-003
1602.400000,1.2540E-003
1602.600000,1.2690E-003
1602.800000,1.3710E-003
1603.000000,1.4940E-003
1603.200000,1.7110E-003
1603.400000,1.9710E-003
1603.600000,2.2350E-003
1603.800000,2.4870E-003
1604.000000,2.7650E-003
1604.200000,3.0280E-003
1604.400000,3.2100E-003
1604.600000,3.3470E-003
1604.800000,3.4630E-003
1605.000000,3.5030E-003
1605.200000,3.3620E-003
1605.400000,3.1700E-003
1605.600000,2.9110E-003
1605.800000,2.4930E-003
1606.000000,2.0850E-003
1606.200000,1.6580E-003
1606.400000,1.2710E-003
1606.600000,1.0510E-003
1606.800000,8.7580E-004
1607.000000,8.2270E-004
1607.200000,8.6280E-004
1607.400000,1.0060E-003
1607.600000,1.1450E-003
1607.800000,1.1780E-003
1608.000000,1.2860E-003
1608.200000,1.3990E-003
1608.400000,1.4160E-003
1608.600000,1.4120E-003
1608.800000,1.4960E-003
1609.000000,1.6100E-003
1609.200000,1.7160E-003
1609.400000,1.8120E-003
1609.600000,1.9080E-003
1609.800000,1.9570E-003
1610.000000,1.9380E-003
1610.200000,1.8570E-003
1610.400000,1.7260E-003
1610.600000,1.5540E-003
1610.800000,1.4100E-003
1611.000000,1.2990E-003
1611.200000,1.1520E-003
1611.400000,1.0810E-003
1611.600000,9.6670E-004
1611.800000,8.8230E-004
1612.000000,7.7940E-004
1612.200000,6.6310E-004
1612.400000,6.0810E-004
1612.600000,5.6930E-004
1612.800000,5.0340E-004
1613.000000,4.4750E-004
1613.200000,4.1790E-004
1613.400000,4.1790E-004
1613.600000,3.6080E-004
1613.800000,3.2980E-004
1614.000000,3.0580E-004
1614.200000,2.9230E-004
1614.400000,2.7890E-004
1614.600000,2.7000E-004
1614.800000,2.8240E-004
1615.000000,3.0890E-004
1615.200000,3.3010E-004
1615.400000,3.4890E-004
1615.600000,3.6700E-004
1615.800000,3.8370E-004
1616.000000,3.9780E-004
1616.200000,4.1640E-004
1616.400000,4.4180E-004
1616.600000,4.8670E-004
1616.800000,5.2620E-004
1617.000000,5.7780E-004
1617.200000,6.3490E-004
1617.400000,6.7080E-004
1617.600000,7.1620E-004
1617.800000,7.7110E-004
1618.000000,8.4940E-004
1618.200000,9.2890E-004
1618.400000,1.0080E-003
1618.600000,1.0720E-003
1618.800000,1.1400E-003
1619.000000,1.2000E-003
1619.200000,1.1870E-003
1619.400000,1.1380E-003
1619.600000,1.1760E-003
1619.800000,1.2130E-003
1620.000000,1.1740E-003
1620.200000,1.1590E-003
1620.400000,1.2350E-003
1620.600000,1.2310E-003
1620.800000,1.1150E-003
1621.000000,1.0650E-003
1621.200000,1.0650E-003
1621.400000,1.0230E-003
1621.600000,9.7600E-004
1621.800000,9.7930E-004
1622.000000,1.0090E-003
1622.200000,9.9010E-004
1622.400000,9.3530E-004
1622.600000,8.7060E-004
1622.800000,8.0410E-004
1623.000000,7.2370E-004
1623.200000,6.6060E-004
1623.400000,6.1570E-004
1623.600000,5.7460E-004
1623.800000,5.3140E-004
1624.000000,4.7990E-004
1624.200000,4.1680E-004
1624.400000,3.4890E-004
1624.600000,2.8530E-004
1624.800000,2.3590E-004
1625.000000,2.1610E-004
1625.200000,2.0600E-004
1625.400000,1.8980E-004
1625.600000,1.9950E-004
1625.800000,2.2600E-004
1626.000000,2.4010E-004
1626.200000,2.6280E-004
1626.400000,3.1280E-004
1626.600000,3.6310E-004
1626.800000,3.8580E-004
1627.000000,3.8560E-004
1627.200000,3.7680E-004
1627.400000,3.4970E-004
1627.600000,3.2270E-004
1627.800000,3.0050E-004
1628.000000,1.3270E-004
1628.200000,1.2290E-004
1628.400000,1.2580E-004
1628.600000,1.1820E-004
1628.800000,9.4210E-005
1629.000000,8.8230E-005
1629.200000,1.0840E-004
1629.400000,1.4560E-004
1629.600000,1.5790E-004
1629.800000,1.6530E-004
1630.000000,1.9650E-004
1630.200000,2.1360E-004
1630.400000,2.4800E-004
1630.600000,2.7850E-004
1630.800000,3.2540E-004
1631.000000,3.6530E-004
1631.200000,4.0000E-004
1631.400000,4.0650E-004
1631.600000,4.0290E-004
1631.800000,3.8990E-004
1632.000000,3.6660E-004
1632.200000,3.4480E-004
1632.400000,3.4170E-004
1632.600000,3.3850E-004
1632.800000,3.1660E-004
1633.000000,2.9260E-004
1633.200000,2.7030E-004
1633.400000,2.6090E-004
1633.600000,2.4840E-004
1633.800000,2.3660E-004
1634.000000,2.2770E-004
1634.200000,2.4150E-004
1634.400000,2.6390E-004
1634.600000,2.5620E-004
1634.800000,2.5580E-004
1635.000000,2.7610E-004
1635.200000,2.9120E-004
1635.400000,2.5650E-004
1635.600000,2.7110E-004
1635.800000,2.7200E-004
1636.000000,2.7840E-004
1636.200000,2.6970E-004
1636.400000,2.6160E-004
1636.600000,2.6240E-004
1636.800000,2.3020E-004
1637.000000,2.2310E-004
1637.200000,2.5820E-004
1637.400000,2.4430E-004
1637.600000,2.0020E-004
1637.800000,2.0840E-004
1638.000000,2.2610E-004
1638.200000,1.9260E-004
1638.400000,1.9310E-004
1638.600000,2.1010E-004
1638.800000,1.9550E-004
1639.000000,2.0520E-004
1639.200000,2.0310E-004
1639.400000,1.8000E-004
1639.600000,1.9880E-004
1639.800000,2.1230E-004
1640.000000,1.8670E-004
1640.200000,1.6840E-004
1640.400000,1.6930E-004
1640.600000,1.4730E-004
1640.800000,1.3180E-004
1641.000000,1.3250E-004
1641.200000,1.1270E-004
1641.400000,1.0630E-004
1641.600000,9.3540E-005
1641.800000,8.6250E-005
1642.000000,8.0300E-005
1642.200000,7.5400E-005
1642.400000,7.6940E-005
1642.600000,8.3390E-005
1642.800000,8.7490E-005
1643.000000,9.2490E-005
1643.200000,1.0000E-004
1643.400000,1.0940E-004
1643.600000,1.1880E-004
1643.800000,1.2110E-004
1644.000000,1.1910E-004
1644.200000,1.2250E-004
1644.400000,1.3610E-004
1644.600000,1.3680E-004
1644.800000,1.2640E-004
1645.000000,1.2390E-004
1645.200000,1.2640E-004
1645.400000,1.2310E-004
1645.600000,1.0880E-004
1645.800000,1.0860E-004
1646.000000,1.2220E-004
1646.200000,1.1640E-004
1646.400000,1.1160E-004
1646.600000,1.1850E-004
1646.800000,1.1110E-004
1647.000000,1.2240E-004
1647.200000,1.3200E-004
1647.400000,1.4590E-004
1647.600000,1.4070E-004
1647.800000,1.4700E-004
1648.000000,1.5830E-004
1648.200000,1.6760E-004
1648.400000,1.7740E-004
1648.600000,1.8150E-004
1648.800000,1.8830E-004
1649.000000,1.9370E-004
1649.200000,1.8320E-004
1649.400000,1.7480E-004
1649.600000,1.7310E-004
1649.800000,1.7350E-004
1650.000000,1.7410E-004
1650.200000,1.6340E-004
1650.400000,1.4630E-004
1650.600000,1.4270E-004
1650.800000,1.4270E-004
1651.000000,1.3220E-004
1651.200000,1.2020E-004
1651.400000,1.1610E-004
1651.600000,1.0540E-004
1651.800000,9.8350E-005
1652.000000,9.7650E-005
1652.200000,8.8750E-005
1652.400000,8.2030E-005
1652.600000,7.8990E-005
1652.800000,7.3970E-005
1653.000000,6.7920E-005
1653.200000,6.6990E-005
1653.400000,6.7280E-005
1653.600000,6.2600E-005
1653.800000,5.6730E-005
1654.000000,4.8260E-005
1654.200000,4.2410E-005
1654.400000,4.2310E-005
1654.600000,4.1900E-005
1654.800000,3.5400E-005
1655.000000,3.1300E-005
1655.200000,3.0030E-005
1655.400000,2.7960E-005
1655.600000,2.4690E-005
1655.800000,2.3010E-005
1656.000000,2.1410E-005
1656.200000,2.0740E-005
1656.400000,2.0830E-005
1656.600000,2.1750E-005
1656.800000,2.3190E-005
1657.000000,2.4400E-005
1657.200000,2.4940E-005
1657.400000,2.5340E-005
1657.600000,2.6880E-005
1657.800000,3.0320E-005
1658.000000,3.1850E-005
1658.200000,3.1570E-005
1658.400000,3.1330E-005
1658.600000,3.3380E-005
1658.800000,3.5720E-005
1659.000000,3.6050E-005
1659.200000,3.5510E-005
1659.400000,3.6440E-005
1659.600000,3.5610E-005
1659.800000,3.7760E-005
1660.000000,3.8780E-005
1660.200000,3.8470E-005
1660.400000,3.9170E-005
1660.600000,4.2020E-005
1660.800000,4.2980E-005
1661.000000,4.4120E-005
1661.200000,4.5590E-005
1661.400000,4.7470E-005
1661.600000,4.8520E-005
1661.800000,5.0810E-005
1662.000000,5.2710E-005
1662.200000,5.2270E-005
1662.400000,5.1170E-005
1662.600000,5.1170E-005
1662.800000,5.1280E-005
1663.000000,4.9450E-005
1663.200000,4.7950E-005
1663.400000,4.6160E-005
1663.600000,4.3960E-005
1663.800000,4.1820E-005
1664.000000,4.0910E-005
1664.200000,3.8970E-005
1664.400000,3.6130E-005
1664.600000,3.4130E-005
1664.800000,3.2860E-005
1665.000000,3.1740E-005
1665.200000,3.0030E-005
1665.400000,2.8650E-005
1665.600000,2.9220E-005
1665.800000,3.0700E-005
1666.000000,2.9630E-005
1666.200000,2.9350E-005
1666.400000,3.1590E-005
1666.600000,3.1940E-005
1666.800000,3.0580E-005
1667.000000,3.0670E-005
1667.200000,3.2400E-005
1667.400000,3.2660E-005
1667.600000,3.0100E-005
1667.800000,2.9300E-005
1668.000000,2.9980E-005
1668.200000,2.9560E-005
1668.400000,2.5910E-005
1668.600000,2.3770E-005
1668.800000,2.4870E-005
1669.000000,2.3380E-005
1669.200000,2.1090E-005
1669.400000,2.0320E-005
1669.600000,2.0040E-005
1669.800000,1.8980E-005
1670.000000,1.8030E-005
1670.200000,1.6180E-005
1670.400000,1.5480E-005
1670.600000,1.5750E-005
1670.800000,1.5310E-005
1671.000000,1.4980E-005
1671.200000,1.4610E-005
1671.400000,1.3840E-005
1671.600000,1.3590E-005
1671.800000,1.3400E-005
1672.000000,1.2650E-005
1672.200000,1.2010E-005
1672.400000,1.1500E-005
1672.600000,1.1000E-005
1672.800000,1.0390E-005
1673.000000,1.0170E-005
1673.200000,9.8940E-006
1673.400000,9.2840E-006
1673.600000,8.7830E-006
1673.800000,9.0550E-006
1674.000000,9.0490E-006
1674.200000,8.8700E-006
1674.400000,8.9990E-006
1674.600000,1.0020E-005
1674.800000,1.0870E-005
1675.000000,1.0330E-005
1675.200000,1.0620E-005
1675.400000,1.1330E-005
1675.600000,1.2010E-005
1675.800000,1.2340E-005
1676.000000,1.2490E-005
1676.200000,1.3000E-005
1676.400000,1.3600E-005
1676.600000,1.4230E-005
1676.800000,1.4100E-005
1677.000000,1.4630E-005
1677.200000,1.4860E-005
1677.400000,1.5120E-005
1677.600000,1.5540E-005
1677.800000,1.5470E-005
1678.000000,1.6180E-005
1678.200000,1.7390E-005
1678.400000,1.7680E-005
1678.600000,1.7990E-005
1678.800000,1.8460E-005
1679.000000,1.8920E-005
1679.200000,1.9110E-005
1679.400000,1.9610E-005
1679.600000,2.0360E-005
1679.800000,2.0690E-005
1680.000000,2.0990E-005
1680.200000,2.0910E-005
1680.400000,2.1080E-005
1680.600000,2.1510E-005
1680.800000,2.1060E-005
1681.000000,2.0430E-005
1681.200000,2.1420E-005
1681.400000,2.1060E-005
1681.600000,1.9530E-005
1681.800000,1.8900E-005
1682.000000,1.9320E-005
1682.200000,1.8900E-005
1682.400000,1.7610E-005
1682.600000,1.6810E-005
1682.800000,1.7370E-005
1683.000000,1.6890E-005
1683.200000,1.5460E-005
1683.400000,1.4410E-005
1683.600000,1.4670E-005
1683.800000,1.4560E-005
1684.000000,1.3060E-005
1684.200000,1.2480E-005
1684.400000,1.3030E-005
1684.600000,1.2030E-005
1684.800000,1.1260E-005
1685.000000,1.0860E-005
1685.200000,1.0760E-005
1685.400000,1.0160E-005
1685.600000,9.6460E-006
1685.800000,9.6390E-006
1686.000000,9.0500E-006
1686.200000,8.6330E-006
1686.400000,8.3750E-006
1686.600000,8.4630E-006
1686.800000,7.8930E-006
1687.000000,7.4230E-006
1687.200000,7.6560E-006
1687.400000,7.8630E-006
1687.600000,7.0620E-006
1687.800000,6.9480E-006
1688.000000,7.3190E-006
1688.200000,7.1210E-006
1688.400000,7.2560E-006
1688.600000,7.3570E-006
1688.800000,7.3850E-006
1689.000000,7.6290E-006
1689.200000,8.1910E-006
1689.400000,8.2380E-006
1689.600000,8.2720E-006
1689.800000,8.8830E-006
1690.000000,9.3080E-006
1690.200000,8.7700E-006
1690.400000,8.6600E-006
1690.600000,9.3640E-006
1690.800000,9.6240E-006
1691.000000,9.1370E-006
1691.200000,9.5490E-006
1691.400000,9.9080E-006
1691.600000,9.9440E-006
1691.800000,9.5340E-006
1692.000000,9.6270E-006
1692.200000,1.0010E-005
1692.400000,9.8430E-006
1692.600000,9.3960E-006
1692.800000,9.4620E-006
1693.000000,9.9080E-006
1693.200000,9.5220E-006
1693.400000,9.2800E-006
1693.600000,9.3510E-006
1693.800000,9.6120E-006
1694.000000,9.6390E-006
1694.200000,9.3530E-006
1694.400000,9.0570E-006
1694.600000,9.2440E-006
1694.800000,9.3800E-006
1695.000000,8.8450E-006
1695.200000,8.8950E-006
1695.400000,8.8410E-006
1695.600000,8.9910E-006
1695.800000,8.5640E-006
1696.000000,8.3320E-006
1696.200000,8.6330E-006
1696.400000,8.3680E-006
1696.600000,8.1120E-006
1696.800000,8.1680E-006
1697.000000,7.8480E-006
1697.200000,7.6110E-006
1697.400000,7.6340E-006
1697.600000,7.2500E-006
1697.800000,7.2970E-006
1698.000000,7.0980E-006
1698.200000,7.2260E-006
1698.400000,7.3350E-006
1698.600000,7.3220E-006
1698.800000,7.2110E-006
1699.000000,6.2250E-006
1699.200000,6.8000E-006
1699.400000,7.4140E-006
1699.600000,7.0250E-006
1699.800000,6.2850E-006
1700.000000,6.3830E-006
1700.200000,6.9260E-006
1700.400000,6.4550E-006
1700.600000,5.8780E-006
1700.800000,6.2560E-006
1701.000000,6.6400E-006
1701.200000,6.3100E-006
1701.400000,5.5690E-006
1701.600000,5.7620E-006
1701.800000,6.2260E-006
1702.000000,5.8520E-006
1702.200000,5.4160E-006
1702.400000,5.5980E-006
1702.600000,6.1240E-006
1702.800000,5.7190E-006
1703.000000,4.8600E-006
1703.200000,5.4810E-006
1703.400000,5.6630E-006
1703.600000,5.0610E-006
1703.800000,4.9580E-006
1704.000000,5.3230E-006
1704.200000,5.2200E-006
1704.400000,4.8320E-006
1704.600000,4.8630E-006
1704.800000,4.8630E-006
1705.000000,4.8830E-006
1705.200000,4.7040E-006
1705.400000,4.4980E-006
1705.600000,4.7280E-006
1705.800000,4.5520E-006
1706.000000,4.5740E-006
1706.200000,4.5680E-006
1706.400000,4.4980E-006
1706.600000,4.3830E-006
1706.800000,4.3910E-006
1707.000000,4.4950E-006
1707.200000,4.4310E-006
1707.400000,4.4530E-006
1707.600000,4.3600E-006
1707.800000,6.9740E-006
1708.000000,6.7210E-006
1708.200000,7.3330E-006
1708.400000,7.4280E-006
1708.600000,6.7080E-006
1708.800000,6.6710E-006
1709.000000,7.1260E-006
1709.200000,6.5940E-006
1709.400000,6.2320E-006
1709.600000,6.5540E-006
1709.800000,6.7770E-006
1710.000000,6.1520E-006
1710.200000,5.9510E-006
1710.400000,6.4450E-006
1710.600000,5.1230E-006
1710.800000,5.8260E-006
1711.000000,5.7940E-006
1711.200000,6.2550E-006
1711.400000,5.6980E-006
1711.600000,5.7860E-006
1711.800000,5.8410E-006
1712.000000,5.9590E-006
1712.200000,5.8570E-006
1712.400000,5.4270E-006
1712.600000,5.5740E-006
1712.800000,5.7320E-006
1713.000000,5.3510E-006
1713.200000,5.2410E-006
1713.400000,5.4860E-006
1713.600000,5.6210E-006
1713.800000,5.2200E-006
1714.000000,5.4610E-006
1714.200000,5.6530E-006
1714.400000,5.6910E-006
1714.600000,4.7780E-006
1714.800000,4.1270E-006
1715.000000,4.2690E-006
1715.200000,4.2660E-006
1715.400000,4.1070E-006
1715.600000,5.3920E-006
1715.800000,5.2740E-006
1716.000000,5.2800E-006
1716.200000,5.9400E-006
1716.400000,5.4220E-006
1716.600000,5.5230E-006
1716.800000,5.2570E-006
1717.000000,5.5010E-006
1717.200000,5.1750E-006
1717.400000,4.9680E-006
1717.600000,4.8020E-006
1717.800000,5.5350E-006
1718.000000,5.1350E-006
1718.200000,4.7690E-006
1718.400000,5.2750E-006
1718.600000,5.4230E-006
1718.800000,5.0800E-006
1719.000000,4.5760E-006
1719.200000,5.3210E-006
1719.400000,4.9740E-006
1719.600000,4.5780E-006
1719.800000,4.9930E-006
1720.000000,5.0670E-006
1720.200000,4.8810E-006
1720.400000,4.6960E-006
1720.600000,4.8660E-006
1720.800000,4.9580E-006
1721.000000,4.8950E-006
1721.200000,4.8420E-006
1721.400000,5.0790E-006
1721.600000,4.5560E-006
1721.800000,4.4860E-006
1722.000000,3.8820E-006
1722.200000,4.3150E-006
1722.400000,5.3060E-006
1722.600000,4.8510E-006
1722.800000,4.9510E-006
1723.000000,4.7190E-006
1723.200000,4.1700E-006
1723.400000,3.8870E-006
1723.600000,4.4500E-006
1723.800000,4.1470E-006
1724.000000,4.2280E-006
1724.200000,4.5670E-006
1724.400000,3.9670E-006
1724.600000,4.8500E-006
1724.800000,4.4170E-006
1725.000000,5.0680E-006
1725.200000,3.8640E-006
1725.400000,4.6020E-006
1725.600000,4.8280E-006
1725.800000,4.1620E-006
1726.000000,4.5350E-006
1726.200000,3.9540E-006
1726.400000,3.7980E-006
1726.600000,4.7220E-006
1726.800000,3.9730E-006
1727.000000,3.8700E-006
1727.200000,3.7060E-006
1727.400000,4.4250E-006
1727.600000,4.0500E-006
1727.800000,4.2380E-006
1728.000000,4.2620E-006
1728.200000,4.0740E-006
1728.400000,4.2110E-006
1728.600000,4.3300E-006
1728.800000,4.0480E-006
1729.000000,4.0170E-006
1729.200000,4.0420E-006
1729.400000,3.9360E-006
1729.600000,3.9150E-006
1729.800000,3.8600E-006
1730.000000,3.7310E-006
1730.200000,4.1550E-006
1730.400000,4.3930E-006
1730.600000,3.9450E-006
1730.800000,4.0460E-006
1731.000000,3.7540E-006
1731.200000,3.6880E-006
1731.400000,3.5550E-006
1731.600000,4.0760E-006
1731.800000,3.9830E-006
1732.000000,4.5310E-006
1732.200000,3.9810E-006
1732.400000,3.7740E-006
1732.600000,4.2760E-006
1732.800000,3.9570E-006
1733.000000,4.0140E-006
1733.200000,4.0820E-006
1733.400000,5.0430E-006
1733.600000,4.4840E-006
1733.800000,4.2420E-006
1734.000000,4.8160E-006
1734.200000,4.4520E-006
1734.400000,4.4410E-006
1734.600000,4.2760E-006
1734.800000,4.3010E-006
1735.000000,4.5620E-006
1735.200000,4.0750E-006
1735.400000,4.4360E-006
1735.600000,4.7730E-006
1735.800000,4.4250E-006
1736.000000,4.2260E-006
1736.200000,4.3200E-006
1736.400000,4.4180E-006
1736.600000,4.8680E-006
1736.800000,4.4070E-006
1737.000000,4.1590E-006
1737.200000,4.6890E-006
1737.400000,4.7770E-006
1737.600000,4.2940E-006
1737.800000,4.5680E-006
1738.000000,4.6770E-006
1738.200000,4.3110E-006
1738.400000,4.8150E-006
1738.600000,3.8710E-006
1738.800000,4.1490E-006
1739.000000,4.2310E-006
1739.200000,4.3070E-006
1739.400000,4.7300E-006
1739.600000,4.3210E-006
1739.800000,4.5060E-006
1740.000000,4.3570E-006
1740.200000,4.4440E-006
1740.400000,4.2780E-006
1740.600000,4.1900E-006
1740.800000,4.8270E-006
1741.000000,4.6700E-006
1741.200000,4.0630E-006
1741.400000,4.5840E-006
1741.600000,5.0590E-006
1741.800000,4.5770E-006
1742.000000,4.6110E-006
1742.200000,4.0740E-006
1742.400000,4.7920E-006
1742.600000,3.8840E-006
1742.800000,5.1590E-006
1743.000000,4.8390E-006
1743.200000,4.8470E-006
1743.400000,4.2810E-006
1743.600000,3.7550E-006
1743.800000,4.4040E-006
1744.000000,4.4480E-006
1744.200000,4.0400E-006
1744.400000,4.1560E-006
1744.600000,4.4350E-006
1744.800000,4.1070E-006
1745.000000,4.4750E-006
1745.200000,4.0620E-006
1745.400000,4.1600E-006
1745.600000,4.0540E-006
1745.800000,4.2310E-006
1746.000000,4.3340E-006
1746.200000,4.3660E-006
1746.400000,3.7940E-006
1746.600000,4.5400E-006
1746.800000,5.0450E-006
1747.000000,4.1090E-006
1747.200000,4.3990E-006
1747.400000,3.9510E-006
1747.600000,3.5520E-006
1747.800000,4.5370E-006
1748.000000,4.2600E-006
1748.200000,4.4020E-006
1748.400000,3.8510E-006
1748.600000,4.3020E-006
1748.800000,3.7000E-006
1749.000000,4.1380E-006
1749.200000,4.3890E-006
1749.400000,4.1830E-006
1749.600000,4.4560E-006
1749.800000,3.7650E-006
1750.000000,3.5970E-006
1750.200000,1.0000E-012
1750.400000,1.0000E-012
1750.600000,1.0000E-012
1750.800000,1.0000E-012
1751.000000,1.0000E-012
1751.200000,1.0000E-012
1751.400000,1.0000E-012
1751.600000,1.0000E-012
1751.800000,1.0000E-012
1752.000000,1.0000E-012
1752.200000,1.0000E-012
1752.400000,1.0000E-012
1752.600000,1.0000E-012
1752.800000,1.0000E-012
1753.000000,1.0000E-012
1753.200000,1.0000E-012
1753.400000,1.0000E-012
1753.600000,1.0000E-012
1753.800000,1.0000E-012
1754.000000,1.0000E-012
1754.200000,1.0000E-012
1754.400000,1.0000E-012
1754.600000,1.0000E-012
1754.800000,1.0000E-012
1755.000000,1.0000E-012
1755.200000,1.0000E-012
1755.400000,1.0000E-012
1755.600000,1.0000E-012
1755.800000,1.0000E-012
1756.000000,1.0000E-012
1756.200000,1.0000E-012
1756.400000,1.0000E-012
1756.600000,1.0000E-012
1756.800000,1.0000E-012
1757.000000,1.0000E-012
1757.200000,1.0000E-012
1757.400000,1.0000E-012
1757.600000,1.0000E-012
1757.800000,1.0000E-012
