File,WaveData20230210_036.csv,
Date/Time,23-02-10/21:45,

Trace,A
Center Wavelength,1500.6,nm
Span Wavelength,499.8,nm
Start Wavelength,1250.7,nm
Stop Wavelength,1750.5,nm
Value In Air/Vacuum,Vacuum,
Optical Attenuater,Off,
Resolution,0.5,nm
Actual Resolution,0.483,nm
VBW,2000,Hz
Point Average,Off,
Sweep Average,1,
Smooth,Off,
Sampling Points,2001,pt
Trace Type,Write,
Trace Storage Mode,Off,
Trace Calculate Trace 1,-,
Trace Calculate Trace 2,-,
Dynamic Range,Normal,
Ext-Trigger,Off,
Interval Time,Off,
MM Mode,Off,
Start,1250.7,nm
Stop,1750.5,nm
Trace,B
Center Wavelength,1500.6,nm
Span Wavelength,499.8,nm
Start Wavelength,1250.7,nm
Stop Wavelength,1750.5,nm
Value In Air/Vacuum,Vacuum,
Optical Attenuater,Off,
Resolution,0.5,nm
Actual Resolution,0.483,nm
VBW,2000,Hz
Point Average,Off,
Sweep Average,1,
Smooth,Off,
Sampling Points,2001,pt
Trace Type,Write,
Trace Storage Mode,Off,
Trace Calculate Trace 1,-,
Trace Calculate Trace 2,-,
Dynamic Range,Normal,
Ext-Trigger,Off,
Interval Time,Off,
MM Mode,Off,
Start,1250.7,nm
Stop,1750.5,nm

Wavelength(A),Level(A),Wavelength(B),Level(B)
1250.700000,1.9890E-007,1250.700000,1.9890E-007
1250.949900,1.9110E-007,1250.949900,1.9110E-007
1251.199800,1.5890E-007,1251.199800,1.5890E-007
1251.449700,2.0910E-007,1251.449700,2.0910E-007
1251.699600,1.7520E-007,1251.699600,1.7520E-007
1251.949500,1.9480E-007,1251.949500,1.9480E-007
1252.199400,1.6680E-007,1252.199400,1.6680E-007
1252.449300,1.9890E-007,1252.449300,1.9890E-007
1252.699200,1.7710E-007,1252.699200,1.7710E-007
1252.949100,1.6370E-007,1252.949100,1.6370E-007
1253.199000,1.6870E-007,1253.199000,1.6870E-007
1253.448900,1.9330E-007,1253.448900,1.9330E-007
1253.698800,1.4420E-007,1253.698800,1.4420E-007
1253.948700,1.4070E-007,1253.948700,1.4070E-007
1254.198600,1.5520E-007,1254.198600,1.5520E-007
1254.448500,1.3100E-007,1254.448500,1.3100E-007
1254.698400,1.8690E-007,1254.698400,1.8690E-007
1254.948300,1.5800E-007,1254.948300,1.5800E-007
1255.198200,1.7070E-007,1255.198200,1.7070E-007
1255.448100,2.0520E-007,1255.448100,2.0520E-007
1255.698000,1.8280E-007,1255.698000,1.8280E-007
1255.947900,1.8370E-007,1255.947900,1.8370E-007
1256.197800,1.4510E-007,1256.197800,1.4510E-007
1256.447700,1.5470E-007,1256.447700,1.5470E-007
1256.697600,1.6860E-007,1256.697600,1.6860E-007
1256.947500,1.8000E-007,1256.947500,1.8000E-007
1257.197400,1.6530E-007,1257.197400,1.6530E-007
1257.447300,1.6740E-007,1257.447300,1.6740E-007
1257.697200,1.5560E-007,1257.697200,1.5560E-007
1257.947100,1.3040E-007,1257.947100,1.3040E-007
1258.197000,1.7730E-007,1258.197000,1.7730E-007
1258.446900,1.1580E-007,1258.446900,1.1580E-007
1258.696800,1.4320E-007,1258.696800,1.4320E-007
1258.946700,1.4260E-007,1258.946700,1.4260E-007
1259.196600,1.3290E-007,1259.196600,1.3290E-007
1259.446500,1.7320E-007,1259.446500,1.7320E-007
1259.696400,2.1670E-007,1259.696400,2.1670E-007
1259.946300,1.9200E-007,1259.946300,1.9200E-007
1260.196200,1.3050E-007,1260.196200,1.3050E-007
1260.446100,1.0970E-007,1260.446100,1.0970E-007
1260.696000,1.5770E-007,1260.696000,1.5770E-007
1260.945900,1.7830E-007,1260.945900,1.7830E-007
1261.195800,1.5790E-007,1261.195800,1.5790E-007
1261.445700,1.8500E-007,1261.445700,1.8500E-007
1261.695600,1.4490E-007,1261.695600,1.4490E-007
1261.945500,1.6570E-007,1261.945500,1.6570E-007
1262.195400,2.0290E-007,1262.195400,2.0290E-007
1262.445300,1.4240E-007,1262.445300,1.4240E-007
1262.695200,1.4040E-007,1262.695200,1.4040E-007
1262.945100,1.9890E-007,1262.945100,1.9890E-007
1263.195000,8.4550E-008,1263.195000,8.4550E-008
1263.444900,1.3600E-007,1263.444900,1.3600E-007
1263.694800,1.8980E-007,1263.694800,1.8980E-007
1263.944700,1.3550E-007,1263.944700,1.3550E-007
1264.194600,1.6690E-007,1264.194600,1.6690E-007
1264.444500,1.5740E-007,1264.444500,1.5740E-007
1264.694400,2.0380E-007,1264.694400,2.0380E-007
1264.944300,1.5520E-007,1264.944300,1.5520E-007
1265.194200,1.3040E-007,1265.194200,1.3040E-007
1265.444100,1.7270E-007,1265.444100,1.7270E-007
1265.694000,1.9280E-007,1265.694000,1.9280E-007
1265.943900,1.4440E-007,1265.943900,1.4440E-007
1266.193800,1.2710E-007,1266.193800,1.2710E-007
1266.443700,1.4260E-007,1266.443700,1.4260E-007
1266.693600,1.3980E-007,1266.693600,1.3980E-007
1266.943500,2.1630E-007,1266.943500,2.1630E-007
1267.193400,1.7940E-007,1267.193400,1.7940E-007
1267.443300,1.1940E-007,1267.443300,1.1940E-007
1267.693200,1.5180E-007,1267.693200,1.5180E-007
1267.943100,1.6830E-007,1267.943100,1.6830E-007
1268.193000,1.9080E-007,1268.193000,1.9080E-007
1268.442900,2.1960E-007,1268.442900,2.1960E-007
1268.692800,2.3270E-007,1268.692800,2.3270E-007
1268.942700,1.7820E-007,1268.942700,1.7820E-007
1269.192600,1.3780E-007,1269.192600,1.3780E-007
1269.442500,1.8930E-007,1269.442500,1.8930E-007
1269.692400,2.0330E-007,1269.692400,2.0330E-007
1269.942300,1.6070E-007,1269.942300,1.6070E-007
1270.192200,1.6760E-007,1270.192200,1.6760E-007
1270.442100,1.9340E-007,1270.442100,1.9340E-007
1270.692000,1.8710E-007,1270.692000,1.8710E-007
1270.941900,1.4570E-007,1270.941900,1.4570E-007
1271.191800,1.6430E-007,1271.191800,1.6430E-007
1271.441700,1.7180E-007,1271.441700,1.7180E-007
1271.691600,1.2070E-007,1271.691600,1.2070E-007
1271.941500,1.5540E-007,1271.941500,1.5540E-007
1272.191400,1.7950E-007,1272.191400,1.7950E-007
1272.441300,1.5700E-007,1272.441300,1.5700E-007
1272.691200,1.4700E-007,1272.691200,1.4700E-007
1272.941100,1.9170E-007,1272.941100,1.9170E-007
1273.191000,1.5120E-007,1273.191000,1.5120E-007
1273.440900,1.9280E-007,1273.440900,1.9280E-007
1273.690800,1.7130E-007,1273.690800,1.7130E-007
1273.940700,1.4440E-007,1273.940700,1.4440E-007
1274.190600,1.4520E-007,1274.190600,1.4520E-007
1274.440500,1.4610E-007,1274.440500,1.4610E-007
1274.690400,1.5570E-007,1274.690400,1.5570E-007
1274.940300,1.4320E-007,1274.940300,1.4320E-007
1275.190200,1.0790E-007,1275.190200,1.0790E-007
1275.440100,1.7280E-007,1275.440100,1.7280E-007
1275.690000,1.3960E-007,1275.690000,1.3960E-007
1275.939900,1.8030E-007,1275.939900,1.8030E-007
1276.189800,1.3250E-007,1276.189800,1.3250E-007
1276.439700,1.8780E-007,1276.439700,1.8780E-007
1276.689600,1.8840E-007,1276.689600,1.8840E-007
1276.939500,1.4260E-007,1276.939500,1.4260E-007
1277.189400,1.8120E-007,1277.189400,1.8120E-007
1277.439300,1.9180E-007,1277.439300,1.9180E-007
1277.689200,1.3340E-007,1277.689200,1.3340E-007
1277.939100,1.5540E-007,1277.939100,1.5540E-007
1278.189000,1.4880E-007,1278.189000,1.4880E-007
1278.438900,1.5620E-007,1278.438900,1.5620E-007
1278.688800,1.4240E-007,1278.688800,1.4240E-007
1278.938700,2.0400E-007,1278.938700,2.0400E-007
1279.188600,1.0290E-007,1279.188600,1.0290E-007
1279.438500,1.3920E-007,1279.438500,1.3920E-007
1279.688400,1.8710E-007,1279.688400,1.8710E-007
1279.938300,1.8020E-007,1279.938300,1.8020E-007
1280.188200,1.9340E-007,1280.188200,1.9340E-007
1280.438100,1.7600E-007,1280.438100,1.7600E-007
1280.688000,1.4420E-007,1280.688000,1.4420E-007
1280.937900,1.6480E-007,1280.937900,1.6480E-007
1281.187800,1.7050E-007,1281.187800,1.7050E-007
1281.437700,1.1870E-007,1281.437700,1.1870E-007
1281.687600,1.4890E-007,1281.687600,1.4890E-007
1281.937500,1.4280E-007,1281.937500,1.4280E-007
1282.187400,1.1540E-007,1282.187400,1.1540E-007
1282.437300,1.5700E-007,1282.437300,1.5700E-007
1282.687200,1.9030E-007,1282.687200,1.9030E-007
1282.937100,1.5140E-007,1282.937100,1.5140E-007
1283.187000,1.9080E-007,1283.187000,1.9080E-007
1283.436900,1.7160E-007,1283.436900,1.7160E-007
1283.686800,2.0000E-007,1283.686800,2.0000E-007
1283.936700,1.6610E-007,1283.936700,1.6610E-007
1284.186600,1.7540E-007,1284.186600,1.7540E-007
1284.436500,1.8980E-007,1284.436500,1.8980E-007
1284.686400,9.1810E-008,1284.686400,9.1810E-008
1284.936300,1.6270E-007,1284.936300,1.6270E-007
1285.186200,1.9170E-007,1285.186200,1.9170E-007
1285.436100,1.4750E-007,1285.436100,1.4750E-007
1285.686000,1.4850E-007,1285.686000,1.4850E-007
1285.935900,1.5140E-007,1285.935900,1.5140E-007
1286.185800,1.3060E-007,1286.185800,1.3060E-007
1286.435700,1.9410E-007,1286.435700,1.9410E-007
1286.685600,1.4940E-007,1286.685600,1.4940E-007
1286.935500,1.3140E-007,1286.935500,1.3140E-007
1287.185400,1.9960E-007,1287.185400,1.9960E-007
1287.435300,1.3770E-007,1287.435300,1.3770E-007
1287.685200,1.6490E-007,1287.685200,1.6490E-007
1287.935100,1.1450E-007,1287.935100,1.1450E-007
1288.185000,1.6240E-007,1288.185000,1.6240E-007
1288.434900,1.1000E-007,1288.434900,1.1000E-007
1288.684800,1.7290E-007,1288.684800,1.7290E-007
1288.934700,1.6940E-007,1288.934700,1.6940E-007
1289.184600,1.3120E-007,1289.184600,1.3120E-007
1289.434500,1.6190E-007,1289.434500,1.6190E-007
1289.684400,1.6190E-007,1289.684400,1.6190E-007
1289.934300,1.8070E-007,1289.934300,1.8070E-007
1290.184200,1.4720E-007,1290.184200,1.4720E-007
1290.434100,1.5200E-007,1290.434100,1.5200E-007
1290.684000,1.9020E-007,1290.684000,1.9020E-007
1290.933900,1.7270E-007,1290.933900,1.7270E-007
1291.183800,1.3300E-007,1291.183800,1.3300E-007
1291.433700,1.7440E-007,1291.433700,1.7440E-007
1291.683600,1.6820E-007,1291.683600,1.6820E-007
1291.933500,1.5190E-007,1291.933500,1.5190E-007
1292.183400,1.7600E-007,1292.183400,1.7600E-007
1292.433300,1.7220E-007,1292.433300,1.7220E-007
1292.683200,1.2610E-007,1292.683200,1.2610E-007
1292.933100,1.5830E-007,1292.933100,1.5830E-007
1293.183000,1.3600E-007,1293.183000,1.3600E-007
1293.432900,1.4950E-007,1293.432900,1.4950E-007
1293.682800,1.4420E-007,1293.682800,1.4420E-007
1293.932700,2.1030E-007,1293.932700,2.1030E-007
1294.182600,1.2000E-007,1294.182600,1.2000E-007
1294.432500,1.5340E-007,1294.432500,1.5340E-007
1294.682400,1.7520E-007,1294.682400,1.7520E-007
1294.932300,1.8810E-007,1294.932300,1.8810E-007
1295.182200,1.1620E-007,1295.182200,1.1620E-007
1295.432100,1.7280E-007,1295.432100,1.7280E-007
1295.682000,1.5360E-007,1295.682000,1.5360E-007
1295.931900,1.6120E-007,1295.931900,1.6120E-007
1296.181800,1.4640E-007,1296.181800,1.4640E-007
1296.431700,1.2070E-007,1296.431700,1.2070E-007
1296.681600,1.6720E-007,1296.681600,1.6720E-007
1296.931500,1.3980E-007,1296.931500,1.3980E-007
1297.181400,1.9220E-007,1297.181400,1.9220E-007
1297.431300,1.1400E-007,1297.431300,1.1400E-007
1297.681200,1.7570E-007,1297.681200,1.7570E-007
1297.931100,1.6330E-007,1297.931100,1.6330E-007
1298.181000,1.6230E-007,1298.181000,1.6230E-007
1298.430900,1.2800E-007,1298.430900,1.2800E-007
1298.680800,1.0860E-007,1298.680800,1.0860E-007
1298.930700,1.4230E-007,1298.930700,1.4230E-007
1299.180600,1.8310E-007,1299.180600,1.8310E-007
1299.430500,1.3540E-007,1299.430500,1.3540E-007
1299.680400,1.7390E-007,1299.680400,1.7390E-007
1299.930300,1.5210E-007,1299.930300,1.5210E-007
1300.180200,1.1820E-007,1300.180200,1.1820E-007
1300.430100,1.3730E-007,1300.430100,1.3730E-007
1300.680000,1.2570E-007,1300.680000,1.2570E-007
1300.929900,1.5050E-007,1300.929900,1.5050E-007
1301.179800,1.5810E-007,1301.179800,1.5810E-007
1301.429700,2.1930E-007,1301.429700,2.1930E-007
1301.679600,1.8020E-007,1301.679600,1.8020E-007
1301.929500,1.6980E-007,1301.929500,1.6980E-007
1302.179400,1.5590E-007,1302.179400,1.5590E-007
1302.429300,1.1270E-007,1302.429300,1.1270E-007
1302.679200,1.5610E-007,1302.679200,1.5610E-007
1302.929100,2.0450E-007,1302.929100,2.0450E-007
1303.179000,1.4010E-007,1303.179000,1.4010E-007
1303.428900,1.4820E-007,1303.428900,1.4820E-007
1303.678800,1.3730E-007,1303.678800,1.3730E-007
1303.928700,1.8840E-007,1303.928700,1.8840E-007
1304.178600,1.4180E-007,1304.178600,1.4180E-007
1304.428500,1.2330E-007,1304.428500,1.2330E-007
1304.678400,1.9560E-007,1304.678400,1.9560E-007
1304.928300,1.2500E-007,1304.928300,1.2500E-007
1305.178200,1.6880E-007,1305.178200,1.6880E-007
1305.428100,1.2470E-007,1305.428100,1.2470E-007
1305.678000,1.5070E-007,1305.678000,1.5070E-007
1305.927900,9.2960E-008,1305.927900,9.2960E-008
1306.177800,1.2330E-007,1306.177800,1.2330E-007
1306.427700,1.4100E-007,1306.427700,1.4100E-007
1306.677600,1.6340E-007,1306.677600,1.6340E-007
1306.927500,1.5710E-007,1306.927500,1.5710E-007
1307.177400,1.5940E-007,1307.177400,1.5940E-007
1307.427300,1.2600E-007,1307.427300,1.2600E-007
1307.677200,1.6780E-007,1307.677200,1.6780E-007
1307.927100,1.1420E-007,1307.927100,1.1420E-007
1308.177000,1.2110E-007,1308.177000,1.2110E-007
1308.426900,1.4110E-007,1308.426900,1.4110E-007
1308.676800,9.9430E-008,1308.676800,9.9430E-008
1308.926700,1.5890E-007,1308.926700,1.5890E-007
1309.176600,1.4250E-007,1309.176600,1.4250E-007
1309.426500,1.5820E-007,1309.426500,1.5820E-007
1309.676400,1.4960E-007,1309.676400,1.4960E-007
1309.926300,1.9040E-007,1309.926300,1.9040E-007
1310.176200,1.5470E-007,1310.176200,1.5470E-007
1310.426100,1.5020E-007,1310.426100,1.5020E-007
1310.676000,1.6120E-007,1310.676000,1.6120E-007
1310.925900,1.7850E-007,1310.925900,1.7850E-007
1311.175800,1.6040E-007,1311.175800,1.6040E-007
1311.425700,1.7040E-007,1311.425700,1.7040E-007
1311.675600,1.8400E-007,1311.675600,1.8400E-007
1311.925500,1.5370E-007,1311.925500,1.5370E-007
1312.175400,1.4450E-007,1312.175400,1.4450E-007
1312.425300,1.4970E-007,1312.425300,1.4970E-007
1312.675200,1.6320E-007,1312.675200,1.6320E-007
1312.925100,1.1800E-007,1312.925100,1.1800E-007
1313.175000,1.3980E-007,1313.175000,1.3980E-007
1313.424900,1.2260E-007,1313.424900,1.2260E-007
1313.674800,1.4810E-007,1313.674800,1.4810E-007
1313.924700,2.0920E-007,1313.924700,2.0920E-007
1314.174600,1.5130E-007,1314.174600,1.5130E-007
1314.424500,1.3700E-007,1314.424500,1.3700E-007
1314.674400,1.4400E-007,1314.674400,1.4400E-007
1314.924300,1.3940E-007,1314.924300,1.3940E-007
1315.174200,1.4680E-007,1315.174200,1.4680E-007
1315.424100,1.5900E-007,1315.424100,1.5900E-007
1315.674000,1.4810E-007,1315.674000,1.4810E-007
1315.923900,1.3510E-007,1315.923900,1.3510E-007
1316.173800,1.5170E-007,1316.173800,1.5170E-007
1316.423700,1.9150E-007,1316.423700,1.9150E-007
1316.673600,1.8850E-007,1316.673600,1.8850E-007
1316.923500,1.8460E-007,1316.923500,1.8460E-007
1317.173400,1.5300E-007,1317.173400,1.5300E-007
1317.423300,1.2880E-007,1317.423300,1.2880E-007
1317.673200,1.6680E-007,1317.673200,1.6680E-007
1317.923100,1.7270E-007,1317.923100,1.7270E-007
1318.173000,1.6300E-007,1318.173000,1.6300E-007
1318.422900,1.7690E-007,1318.422900,1.7690E-007
1318.672800,1.6180E-007,1318.672800,1.6180E-007
1318.922700,1.8430E-007,1318.922700,1.8430E-007
1319.172600,1.3610E-007,1319.172600,1.3610E-007
1319.422500,2.1250E-007,1319.422500,2.1250E-007
1319.672400,1.4580E-007,1319.672400,1.4580E-007
1319.922300,1.9280E-007,1319.922300,1.9280E-007
1320.172200,1.4150E-007,1320.172200,1.4150E-007
1320.422100,1.4230E-007,1320.422100,1.4230E-007
1320.672000,1.5210E-007,1320.672000,1.5210E-007
1320.921900,1.8790E-007,1320.921900,1.8790E-007
1321.171800,1.7600E-007,1321.171800,1.7600E-007
1321.421700,1.0430E-007,1321.421700,1.0430E-007
1321.671600,1.6680E-007,1321.671600,1.6680E-007
1321.921500,1.2640E-007,1321.921500,1.2640E-007
1322.171400,1.5710E-007,1322.171400,1.5710E-007
1322.421300,1.6740E-007,1322.421300,1.6740E-007
1322.671200,1.7790E-007,1322.671200,1.7790E-007
1322.921100,1.6710E-007,1322.921100,1.6710E-007
1323.171000,1.7760E-007,1323.171000,1.7760E-007
1323.420900,1.9380E-007,1323.420900,1.9380E-007
1323.670800,1.6630E-007,1323.670800,1.6630E-007
1323.920700,1.5110E-007,1323.920700,1.5110E-007
1324.170600,1.5290E-007,1324.170600,1.5290E-007
1324.420500,1.8220E-007,1324.420500,1.8220E-007
1324.670400,1.8090E-007,1324.670400,1.8090E-007
1324.920300,9.8890E-008,1324.920300,9.8890E-008
1325.170200,1.6950E-007,1325.170200,1.6950E-007
1325.420100,1.5730E-007,1325.420100,1.5730E-007
1325.670000,1.3480E-007,1325.670000,1.3480E-007
1325.919900,1.6950E-007,1325.919900,1.6950E-007
1326.169800,1.0440E-007,1326.169800,1.0440E-007
1326.419700,1.6060E-007,1326.419700,1.6060E-007
1326.669600,1.5980E-007,1326.669600,1.5980E-007
1326.919500,1.6830E-007,1326.919500,1.6830E-007
1327.169400,1.9460E-007,1327.169400,1.9460E-007
1327.419300,1.5200E-007,1327.419300,1.5200E-007
1327.669200,1.4670E-007,1327.669200,1.4670E-007
1327.919100,1.4110E-007,1327.919100,1.4110E-007
1328.169000,1.6020E-007,1328.169000,1.6020E-007
1328.418900,1.6130E-007,1328.418900,1.6130E-007
1328.668800,1.1330E-007,1328.668800,1.1330E-007
1328.918700,2.2050E-007,1328.918700,2.2050E-007
1329.168600,1.1650E-007,1329.168600,1.1650E-007
1329.418500,1.5500E-007,1329.418500,1.5500E-007
1329.668400,1.9510E-007,1329.668400,1.9510E-007
1329.918300,1.5580E-007,1329.918300,1.5580E-007
1330.168200,1.7040E-007,1330.168200,1.7040E-007
1330.418100,1.3260E-007,1330.418100,1.3260E-007
1330.668000,1.9060E-007,1330.668000,1.9060E-007
1330.917900,1.7120E-007,1330.917900,1.7120E-007
1331.167800,1.7510E-007,1331.167800,1.7510E-007
1331.417700,2.3310E-007,1331.417700,2.3310E-007
1331.667600,1.1530E-007,1331.667600,1.1530E-007
1331.917500,1.2950E-007,1331.917500,1.2950E-007
1332.167400,1.3440E-007,1332.167400,1.3440E-007
1332.417300,1.4230E-007,1332.417300,1.4230E-007
1332.667200,1.6210E-007,1332.667200,1.6210E-007
1332.917100,1.1360E-007,1332.917100,1.1360E-007
1333.167000,1.2540E-007,1333.167000,1.2540E-007
1333.416900,1.5610E-007,1333.416900,1.5610E-007
1333.666800,1.5090E-007,1333.666800,1.5090E-007
1333.916700,1.7660E-007,1333.916700,1.7660E-007
1334.166600,1.9160E-007,1334.166600,1.9160E-007
1334.416500,1.5140E-007,1334.416500,1.5140E-007
1334.666400,1.6570E-007,1334.666400,1.6570E-007
1334.916300,1.4610E-007,1334.916300,1.4610E-007
1335.166200,1.2100E-007,1335.166200,1.2100E-007
1335.416100,2.0110E-007,1335.416100,2.0110E-007
1335.666000,1.3370E-007,1335.666000,1.3370E-007
1335.915900,1.1970E-007,1335.915900,1.1970E-007
1336.165800,1.5690E-007,1336.165800,1.5690E-007
1336.415700,1.6410E-007,1336.415700,1.6410E-007
1336.665600,1.6410E-007,1336.665600,1.6410E-007
1336.915500,1.6730E-007,1336.915500,1.6730E-007
1337.165400,1.5890E-007,1337.165400,1.5890E-007
1337.415300,1.7160E-007,1337.415300,1.7160E-007
1337.665200,1.2120E-007,1337.665200,1.2120E-007
1337.915100,2.1530E-007,1337.915100,2.1530E-007
1338.165000,1.8340E-007,1338.165000,1.8340E-007
1338.414900,1.4550E-007,1338.414900,1.4550E-007
1338.664800,1.4200E-007,1338.664800,1.4200E-007
1338.914700,1.4810E-007,1338.914700,1.4810E-007
1339.164600,1.3110E-007,1339.164600,1.3110E-007
1339.414500,1.1680E-007,1339.414500,1.1680E-007
1339.664400,1.8000E-007,1339.664400,1.8000E-007
1339.914300,2.0220E-007,1339.914300,2.0220E-007
1340.164200,1.6920E-007,1340.164200,1.6920E-007
1340.414100,1.7450E-007,1340.414100,1.7450E-007
1340.664000,2.0010E-007,1340.664000,2.0010E-007
1340.913900,1.4910E-007,1340.913900,1.4910E-007
1341.163800,1.3310E-007,1341.163800,1.3310E-007
1341.413700,1.3340E-007,1341.413700,1.3340E-007
1341.663600,1.4770E-007,1341.663600,1.4770E-007
1341.913500,1.3210E-007,1341.913500,1.3210E-007
1342.163400,1.5130E-007,1342.163400,1.5130E-007
1342.413300,1.2740E-007,1342.413300,1.2740E-007
1342.663200,1.3050E-007,1342.663200,1.3050E-007
1342.913100,2.1260E-007,1342.913100,2.1260E-007
1343.163000,1.6530E-007,1343.163000,1.6530E-007
1343.412900,1.0090E-007,1343.412900,1.0090E-007
1343.662800,1.7480E-007,1343.662800,1.7480E-007
1343.912700,1.5300E-007,1343.912700,1.5300E-007
1344.162600,1.6220E-007,1344.162600,1.6220E-007
1344.412500,1.2670E-007,1344.412500,1.2670E-007
1344.662400,1.8450E-007,1344.662400,1.8450E-007
1344.912300,1.9280E-007,1344.912300,1.9280E-007
1345.162200,2.1420E-007,1345.162200,2.1420E-007
1345.412100,1.5190E-007,1345.412100,1.5190E-007
1345.662000,1.6060E-007,1345.662000,1.6060E-007
1345.911900,1.6390E-007,1345.911900,1.6390E-007
1346.161800,1.6040E-007,1346.161800,1.6040E-007
1346.411700,1.7670E-007,1346.411700,1.7670E-007
1346.661600,1.4270E-007,1346.661600,1.4270E-007
1346.911500,1.2940E-007,1346.911500,1.2940E-007
1347.161400,1.6490E-007,1347.161400,1.6490E-007
1347.411300,1.4190E-007,1347.411300,1.4190E-007
1347.661200,1.6840E-007,1347.661200,1.6840E-007
1347.911100,1.5620E-007,1347.911100,1.5620E-007
1348.161000,1.3240E-007,1348.161000,1.3240E-007
1348.410900,2.2660E-007,1348.410900,2.2660E-007
1348.660800,1.3960E-007,1348.660800,1.3960E-007
1348.910700,1.7960E-007,1348.910700,1.7960E-007
1349.160600,1.5960E-007,1349.160600,1.5960E-007
1349.410500,1.7620E-007,1349.410500,1.7620E-007
1349.660400,1.3490E-007,1349.660400,1.3490E-007
1349.910300,1.4610E-007,1349.910300,1.4610E-007
1350.160200,1.6240E-007,1350.160200,1.6240E-007
1350.410100,1.7380E-007,1350.410100,1.7380E-007
1350.660000,1.4840E-007,1350.660000,1.4840E-007
1350.909900,1.9750E-007,1350.909900,1.9750E-007
1351.159800,1.7420E-007,1351.159800,1.7420E-007
1351.409700,1.4060E-007,1351.409700,1.4060E-007
1351.659600,1.6220E-007,1351.659600,1.6220E-007
1351.909500,2.0620E-007,1351.909500,2.0620E-007
1352.159400,1.9880E-007,1352.159400,1.9880E-007
1352.409300,1.4560E-007,1352.409300,1.4560E-007
1352.659200,1.7320E-007,1352.659200,1.7320E-007
1352.909100,1.7810E-007,1352.909100,1.7810E-007
1353.159000,1.8280E-007,1353.159000,1.8280E-007
1353.408900,1.5960E-007,1353.408900,1.5960E-007
1353.658800,1.4420E-007,1353.658800,1.4420E-007
1353.908700,1.8840E-007,1353.908700,1.8840E-007
1354.158600,1.8260E-007,1354.158600,1.8260E-007
1354.408500,1.7130E-007,1354.408500,1.7130E-007
1354.658400,1.9460E-007,1354.658400,1.9460E-007
1354.908300,1.5060E-007,1354.908300,1.5060E-007
1355.158200,1.5670E-007,1355.158200,1.5670E-007
1355.408100,1.7460E-007,1355.408100,1.7460E-007
1355.658000,1.4370E-007,1355.658000,1.4370E-007
1355.907900,1.9200E-007,1355.907900,1.9200E-007
1356.157800,1.8440E-007,1356.157800,1.8440E-007
1356.407700,1.8610E-007,1356.407700,1.8610E-007
1356.657600,1.5340E-007,1356.657600,1.5340E-007
1356.907500,2.2650E-007,1356.907500,2.2650E-007
1357.157400,2.0980E-007,1357.157400,2.0980E-007
1357.407300,2.0060E-007,1357.407300,2.0060E-007
1357.657200,1.9110E-007,1357.657200,1.9110E-007
1357.907100,2.1680E-007,1357.907100,2.1680E-007
1358.157000,2.2470E-007,1358.157000,2.2470E-007
1358.406900,1.7130E-007,1358.406900,1.7130E-007
1358.656800,2.3050E-007,1358.656800,2.3050E-007
1358.906700,1.9970E-007,1358.906700,1.9970E-007
1359.156600,2.2610E-007,1359.156600,2.2610E-007
1359.406500,2.0480E-007,1359.406500,2.0480E-007
1359.656400,2.1780E-007,1359.656400,2.1780E-007
1359.906300,1.8990E-007,1359.906300,1.8990E-007
1360.156200,2.7310E-007,1360.156200,2.7310E-007
1360.406100,2.4110E-007,1360.406100,2.4110E-007
1360.656000,2.3500E-007,1360.656000,2.3500E-007
1360.905900,3.1190E-007,1360.905900,3.1190E-007
1361.155800,2.9710E-007,1361.155800,2.9710E-007
1361.405700,2.4080E-007,1361.405700,2.4080E-007
1361.655600,2.7730E-007,1361.655600,2.7730E-007
1361.905500,2.6690E-007,1361.905500,2.6690E-007
1362.155400,2.8440E-007,1362.155400,2.8440E-007
1362.405300,2.5760E-007,1362.405300,2.5760E-007
1362.655200,3.0310E-007,1362.655200,3.0310E-007
1362.905100,2.9300E-007,1362.905100,2.9300E-007
1363.155000,3.4970E-007,1363.155000,3.4970E-007
1363.404900,4.0280E-007,1363.404900,4.0280E-007
1363.654800,3.7800E-007,1363.654800,3.7800E-007
1363.904700,3.6790E-007,1363.904700,3.6790E-007
1364.154600,3.1170E-007,1364.154600,3.1170E-007
1364.404500,3.3580E-007,1364.404500,3.3580E-007
1364.654400,2.6820E-007,1364.654400,2.6820E-007
1364.904300,2.7240E-007,1364.904300,2.7240E-007
1365.154200,3.5530E-007,1365.154200,3.5530E-007
1365.404100,3.6940E-007,1365.404100,3.6940E-007
1365.654000,3.6280E-007,1365.654000,3.6280E-007
1365.903900,3.4970E-007,1365.903900,3.4970E-007
1366.153800,3.8370E-007,1366.153800,3.8370E-007
1366.403700,4.4570E-007,1366.403700,4.4570E-007
1366.653600,4.2480E-007,1366.653600,4.2480E-007
1366.903500,4.4500E-007,1366.903500,4.4500E-007
1367.153400,4.5290E-007,1367.153400,4.5290E-007
1367.403300,4.2920E-007,1367.403300,4.2920E-007
1367.653200,4.4440E-007,1367.653200,4.4440E-007
1367.903100,4.5290E-007,1367.903100,4.5290E-007
1368.153000,5.3940E-007,1368.153000,5.3940E-007
1368.402900,4.4420E-007,1368.402900,4.4420E-007
1368.652800,5.0130E-007,1368.652800,5.0130E-007
1368.902700,5.5110E-007,1368.902700,5.5110E-007
1369.152600,5.9730E-007,1369.152600,5.9730E-007
1369.402500,6.1970E-007,1369.402500,6.1970E-007
1369.652400,7.0570E-007,1369.652400,7.0570E-007
1369.902300,5.3240E-007,1369.902300,5.3240E-007
1370.152200,6.4470E-007,1370.152200,6.4470E-007
1370.402100,7.7630E-007,1370.402100,7.7630E-007
1370.652000,6.9400E-007,1370.652000,6.9400E-007
1370.901900,6.8710E-007,1370.901900,6.8710E-007
1371.151800,6.6280E-007,1371.151800,6.6280E-007
1371.401700,7.8010E-007,1371.401700,7.8010E-007
1371.651600,8.6350E-007,1371.651600,8.6350E-007
1371.901500,7.1200E-007,1371.901500,7.1200E-007
1372.151400,7.3120E-007,1372.151400,7.3120E-007
1372.401300,8.6060E-007,1372.401300,8.6060E-007
1372.651200,8.3250E-007,1372.651200,8.3250E-007
1372.901100,8.8030E-007,1372.901100,8.8030E-007
1373.151000,1.0490E-006,1373.151000,1.0490E-006
1373.400900,9.5660E-007,1373.400900,9.5660E-007
1373.650800,9.8600E-007,1373.650800,9.8600E-007
1373.900700,1.0140E-006,1373.900700,1.0140E-006
1374.150600,1.0980E-006,1374.150600,1.0980E-006
1374.400500,1.0960E-006,1374.400500,1.0960E-006
1374.650400,1.1480E-006,1374.650400,1.1480E-006
1374.900300,1.2080E-006,1374.900300,1.2080E-006
1375.150200,1.2240E-006,1375.150200,1.2240E-006
1375.400100,1.3100E-006,1375.400100,1.3100E-006
1375.650000,1.3200E-006,1375.650000,1.3200E-006
1375.899900,1.3420E-006,1375.899900,1.3420E-006
1376.149800,1.3810E-006,1376.149800,1.3810E-006
1376.399700,1.4350E-006,1376.399700,1.4350E-006
1376.649600,1.4360E-006,1376.649600,1.4360E-006
1376.899500,1.4950E-006,1376.899500,1.4950E-006
1377.149400,1.5620E-006,1377.149400,1.5620E-006
1377.399300,1.7090E-006,1377.399300,1.7090E-006
1377.649200,1.8710E-006,1377.649200,1.8710E-006
1377.899100,1.8010E-006,1377.899100,1.8010E-006
1378.149000,1.8990E-006,1378.149000,1.8990E-006
1378.398900,1.9140E-006,1378.398900,1.9140E-006
1378.648800,1.7270E-006,1378.648800,1.7270E-006
1378.898700,1.8320E-006,1378.898700,1.8320E-006
1379.148600,1.9900E-006,1379.148600,1.9900E-006
1379.398500,2.1110E-006,1379.398500,2.1110E-006
1379.648400,2.2280E-006,1379.648400,2.2280E-006
1379.898300,2.2910E-006,1379.898300,2.2910E-006
1380.148200,2.4720E-006,1380.148200,2.4720E-006
1380.398100,2.1640E-006,1380.398100,2.1640E-006
1380.648000,2.0290E-006,1380.648000,2.0290E-006
1380.897900,2.2470E-006,1380.897900,2.2470E-006
1381.147800,2.5640E-006,1381.147800,2.5640E-006
1381.397700,2.8940E-006,1381.397700,2.8940E-006
1381.647600,2.9550E-006,1381.647600,2.9550E-006
1381.897500,3.1080E-006,1381.897500,3.1080E-006
1382.147400,3.0290E-006,1382.147400,3.0290E-006
1382.397300,2.8150E-006,1382.397300,2.8150E-006
1382.647200,2.4980E-006,1382.647200,2.4980E-006
1382.897100,2.6850E-006,1382.897100,2.6850E-006
1383.147000,3.6020E-006,1383.147000,3.6020E-006
1383.396900,3.7880E-006,1383.396900,3.7880E-006
1383.646800,3.5420E-006,1383.646800,3.5420E-006
1383.896700,3.7290E-006,1383.896700,3.7290E-006
1384.146600,4.2900E-006,1384.146600,4.2900E-006
1384.396500,4.6550E-006,1384.396500,4.6550E-006
1384.646400,4.5990E-006,1384.646400,4.5990E-006
1384.896300,4.1840E-006,1384.896300,4.1840E-006
1385.146200,4.3540E-006,1385.146200,4.3540E-006
1385.396100,4.8230E-006,1385.396100,4.8230E-006
1385.646000,4.9760E-006,1385.646000,4.9760E-006
1385.895900,5.1370E-006,1385.895900,5.1370E-006
1386.145800,5.3460E-006,1386.145800,5.3460E-006
1386.395700,5.5560E-006,1386.395700,5.5560E-006
1386.645600,5.6200E-006,1386.645600,5.6200E-006
1386.895500,6.2130E-006,1386.895500,6.2130E-006
1387.145400,6.7980E-006,1387.145400,6.7980E-006
1387.395300,6.7040E-006,1387.395300,6.7040E-006
1387.645200,6.1430E-006,1387.645200,6.1430E-006
1387.895100,5.8500E-006,1387.895100,5.8500E-006
1388.145000,5.9410E-006,1388.145000,5.9410E-006
1388.394900,6.4840E-006,1388.394900,6.4840E-006
1388.644800,7.2770E-006,1388.644800,7.2770E-006
1388.894700,7.1230E-006,1388.894700,7.1230E-006
1389.144600,7.6720E-006,1389.144600,7.6720E-006
1389.394500,7.8950E-006,1389.394500,7.8950E-006
1389.644400,7.7860E-006,1389.644400,7.7860E-006
1389.894300,8.1470E-006,1389.894300,8.1470E-006
1390.144200,8.8270E-006,1390.144200,8.8270E-006
1390.394100,8.8290E-006,1390.394100,8.8290E-006
1390.644000,9.2530E-006,1390.644000,9.2530E-006
1390.893900,8.9840E-006,1390.893900,8.9840E-006
1391.143800,9.3820E-006,1391.143800,9.3820E-006
1391.393700,9.8350E-006,1391.393700,9.8350E-006
1391.643600,1.0540E-005,1391.643600,1.0540E-005
1391.893500,9.7270E-006,1391.893500,9.7270E-006
1392.143400,9.7550E-006,1392.143400,9.7550E-006
1392.393300,9.0200E-006,1392.393300,9.0200E-006
1392.643200,9.7190E-006,1392.643200,9.7190E-006
1392.893100,1.1730E-005,1392.893100,1.1730E-005
1393.143000,1.1960E-005,1393.143000,1.1960E-005
1393.392900,1.2530E-005,1393.392900,1.2530E-005
1393.642800,1.2380E-005,1393.642800,1.2380E-005
1393.892700,1.3070E-005,1393.892700,1.3070E-005
1394.142600,1.3360E-005,1394.142600,1.3360E-005
1394.392500,1.3770E-005,1394.392500,1.3770E-005
1394.642400,1.3470E-005,1394.642400,1.3470E-005
1394.892300,1.1980E-005,1394.892300,1.1980E-005
1395.142200,1.3510E-005,1395.142200,1.3510E-005
1395.392100,1.3300E-005,1395.392100,1.3300E-005
1395.642000,1.3500E-005,1395.642000,1.3500E-005
1395.891900,1.5680E-005,1395.891900,1.5680E-005
1396.141800,1.4290E-005,1396.141800,1.4290E-005
1396.391700,1.3120E-005,1396.391700,1.3120E-005
1396.641600,1.4370E-005,1396.641600,1.4370E-005
1396.891500,1.7510E-005,1396.891500,1.7510E-005
1397.141400,1.6550E-005,1397.141400,1.6550E-005
1397.391300,1.7470E-005,1397.391300,1.7470E-005
1397.641200,1.8590E-005,1397.641200,1.8590E-005
1397.891100,1.8690E-005,1397.891100,1.8690E-005
1398.141000,1.8650E-005,1398.141000,1.8650E-005
1398.390900,1.9820E-005,1398.390900,1.9820E-005
1398.640800,2.0100E-005,1398.640800,2.0100E-005
1398.890700,2.0060E-005,1398.890700,2.0060E-005
1399.140600,2.0930E-005,1399.140600,2.0930E-005
1399.390500,1.9140E-005,1399.390500,1.9140E-005
1399.640400,1.9330E-005,1399.640400,1.9330E-005
1399.890300,2.0470E-005,1399.890300,2.0470E-005
1400.140200,2.0410E-005,1400.140200,2.0410E-005
1400.390100,2.0810E-005,1400.390100,2.0810E-005
1400.640000,1.9590E-005,1400.640000,1.9590E-005
1400.889900,2.0220E-005,1400.889900,2.0220E-005
1401.139800,2.3280E-005,1401.139800,2.3280E-005
1401.389700,2.1840E-005,1401.389700,2.1840E-005
1401.639600,2.3820E-005,1401.639600,2.3820E-005
1401.889500,2.4670E-005,1401.889500,2.4670E-005
1402.139400,2.5420E-005,1402.139400,2.5420E-005
1402.389300,2.6700E-005,1402.389300,2.6700E-005
1402.639200,2.6410E-005,1402.639200,2.6410E-005
1402.889100,2.7150E-005,1402.889100,2.7150E-005
1403.139000,2.7570E-005,1403.139000,2.7570E-005
1403.388900,2.7900E-005,1403.388900,2.7900E-005
1403.638800,2.8070E-005,1403.638800,2.8070E-005
1403.888700,2.8330E-005,1403.888700,2.8330E-005
1404.138600,2.8130E-005,1404.138600,2.8130E-005
1404.388500,2.8790E-005,1404.388500,2.8790E-005
1404.638400,2.7020E-005,1404.638400,2.7020E-005
1404.888300,2.4360E-005,1404.888300,2.4360E-005
1405.138200,2.4940E-005,1405.138200,2.4940E-005
1405.388100,3.0060E-005,1405.388100,3.0060E-005
1405.638000,3.1300E-005,1405.638000,3.1300E-005
1405.887900,3.2080E-005,1405.887900,3.2080E-005
1406.137800,3.2560E-005,1406.137800,3.2560E-005
1406.387700,3.2220E-005,1406.387700,3.2220E-005
1406.637600,3.1230E-005,1406.637600,3.1230E-005
1406.887500,3.0510E-005,1406.887500,3.0510E-005
1407.137400,2.9760E-005,1407.137400,2.9760E-005
1407.387300,2.9760E-005,1407.387300,2.9760E-005
1407.637200,3.3340E-005,1407.637200,3.3340E-005
1407.887100,3.3580E-005,1407.887100,3.3580E-005
1408.137000,3.4450E-005,1408.137000,3.4450E-005
1408.386900,3.4630E-005,1408.386900,3.4630E-005
1408.636800,3.5150E-005,1408.636800,3.5150E-005
1408.886700,3.4700E-005,1408.886700,3.4700E-005
1409.136600,3.2980E-005,1409.136600,3.2980E-005
1409.386500,3.1070E-005,1409.386500,3.1070E-005
1409.636400,3.1950E-005,1409.636400,3.1950E-005
1409.886300,3.4720E-005,1409.886300,3.4720E-005
1410.136200,3.4970E-005,1410.136200,3.4970E-005
1410.386100,3.6670E-005,1410.386100,3.6670E-005
1410.636000,3.7630E-005,1410.636000,3.7630E-005
1410.885900,3.7460E-005,1410.885900,3.7460E-005
1411.135800,3.8080E-005,1411.135800,3.8080E-005
1411.385700,3.8850E-005,1411.385700,3.8850E-005
1411.635600,3.8790E-005,1411.635600,3.8790E-005
1411.885500,3.9440E-005,1411.885500,3.9440E-005
1412.135400,3.8100E-005,1412.135400,3.8100E-005
1412.385300,3.7980E-005,1412.385300,3.7980E-005
1412.635200,3.9950E-005,1412.635200,3.9950E-005
1412.885100,4.1050E-005,1412.885100,4.1050E-005
1413.135000,4.2140E-005,1413.135000,4.2140E-005
1413.384900,4.0960E-005,1413.384900,4.0960E-005
1413.634800,4.0600E-005,1413.634800,4.0600E-005
1413.884700,4.0120E-005,1413.884700,4.0120E-005
1414.134600,3.7670E-005,1414.134600,3.7670E-005
1414.384500,3.9210E-005,1414.384500,3.9210E-005
1414.634400,4.0660E-005,1414.634400,4.0660E-005
1414.884300,4.1410E-005,1414.884300,4.1410E-005
1415.134200,4.3190E-005,1415.134200,4.3190E-005
1415.384100,4.2970E-005,1415.384100,4.2970E-005
1415.634000,4.3900E-005,1415.634000,4.3900E-005
1415.883900,4.4710E-005,1415.883900,4.4710E-005
1416.133800,4.4840E-005,1416.133800,4.4840E-005
1416.383700,4.6150E-005,1416.383700,4.6150E-005
1416.633600,4.6380E-005,1416.633600,4.6380E-005
1416.883500,4.5430E-005,1416.883500,4.5430E-005
1417.133400,4.7250E-005,1417.133400,4.7250E-005
1417.383300,4.6300E-005,1417.383300,4.6300E-005
1417.633200,4.7200E-005,1417.633200,4.7200E-005
1417.883100,4.6840E-005,1417.883100,4.6840E-005
1418.133000,4.8650E-005,1418.133000,4.8650E-005
1418.382900,4.8700E-005,1418.382900,4.8700E-005
1418.632800,4.7820E-005,1418.632800,4.7820E-005
1418.882700,4.6640E-005,1418.882700,4.6640E-005
1419.132600,4.7040E-005,1419.132600,4.7040E-005
1419.382500,4.8100E-005,1419.382500,4.8100E-005
1419.632400,4.9100E-005,1419.632400,4.9100E-005
1419.882300,4.8770E-005,1419.882300,4.8770E-005
1420.132200,5.0710E-005,1420.132200,5.0710E-005
1420.382100,5.1670E-005,1420.382100,5.1670E-005
1420.632000,5.0900E-005,1420.632000,5.0900E-005
1420.881900,5.1450E-005,1420.881900,5.1450E-005
1421.131800,5.1720E-005,1421.131800,5.1720E-005
1421.381700,5.2170E-005,1421.381700,5.2170E-005
1421.631600,5.2760E-005,1421.631600,5.2760E-005
1421.881500,5.2870E-005,1421.881500,5.2870E-005
1422.131400,5.5020E-005,1422.131400,5.5020E-005
1422.381300,5.4310E-005,1422.381300,5.4310E-005
1422.631200,5.4580E-005,1422.631200,5.4580E-005
1422.881100,5.4180E-005,1422.881100,5.4180E-005
1423.131000,5.5370E-005,1423.131000,5.5370E-005
1423.380900,5.5850E-005,1423.380900,5.5850E-005
1423.630800,5.4520E-005,1423.630800,5.4520E-005
1423.880700,5.4400E-005,1423.880700,5.4400E-005
1424.130600,5.6950E-005,1424.130600,5.6950E-005
1424.380500,5.8060E-005,1424.380500,5.8060E-005
1424.630400,5.8260E-005,1424.630400,5.8260E-005
1424.880300,6.0600E-005,1424.880300,6.0600E-005
1425.130200,5.8690E-005,1425.130200,5.8690E-005
1425.380100,5.7860E-005,1425.380100,5.7860E-005
1425.630000,5.9110E-005,1425.630000,5.9110E-005
1425.879900,5.9080E-005,1425.879900,5.9080E-005
1426.129800,6.0080E-005,1426.129800,6.0080E-005
1426.379700,6.1590E-005,1426.379700,6.1590E-005
1426.629600,6.1800E-005,1426.629600,6.1800E-005
1426.879500,6.2010E-005,1426.879500,6.2010E-005
1427.129400,6.2180E-005,1427.129400,6.2180E-005
1427.379300,6.1430E-005,1427.379300,6.1430E-005
1427.629200,6.2730E-005,1427.629200,6.2730E-005
1427.879100,6.3480E-005,1427.879100,6.3480E-005
1428.129000,6.3060E-005,1428.129000,6.3060E-005
1428.378900,6.4710E-005,1428.378900,6.4710E-005
1428.628800,6.3490E-005,1428.628800,6.3490E-005
1428.878700,6.4450E-005,1428.878700,6.4450E-005
1429.128600,6.5240E-005,1429.128600,6.5240E-005
1429.378500,6.5840E-005,1429.378500,6.5840E-005
1429.628400,6.7550E-005,1429.628400,6.7550E-005
1429.878300,6.6210E-005,1429.878300,6.6210E-005
1430.128200,6.7460E-005,1430.128200,6.7460E-005
1430.378100,6.8280E-005,1430.378100,6.8280E-005
1430.628000,6.7470E-005,1430.628000,6.7470E-005
1430.877900,7.0070E-005,1430.877900,7.0070E-005
1431.127800,7.0620E-005,1431.127800,7.0620E-005
1431.377700,6.7930E-005,1431.377700,6.7930E-005
1431.627600,6.8350E-005,1431.627600,6.8350E-005
1431.877500,7.0370E-005,1431.877500,7.0370E-005
1432.127400,7.0090E-005,1432.127400,7.0090E-005
1432.377300,7.0450E-005,1432.377300,7.0450E-005
1432.627200,7.2210E-005,1432.627200,7.2210E-005
1432.877100,7.2330E-005,1432.877100,7.2330E-005
1433.127000,7.3780E-005,1433.127000,7.3780E-005
1433.376900,7.4160E-005,1433.376900,7.4160E-005
1433.626800,7.5080E-005,1433.626800,7.5080E-005
1433.876700,7.4520E-005,1433.876700,7.4520E-005
1434.126600,7.5230E-005,1434.126600,7.5230E-005
1434.376500,7.3310E-005,1434.376500,7.3310E-005
1434.626400,7.4670E-005,1434.626400,7.4670E-005
1434.876300,7.6590E-005,1434.876300,7.6590E-005
1435.126200,7.8770E-005,1435.126200,7.8770E-005
1435.376100,7.8160E-005,1435.376100,7.8160E-005
1435.626000,7.8690E-005,1435.626000,7.8690E-005
1435.875900,7.9580E-005,1435.875900,7.9580E-005
1436.125800,7.7700E-005,1436.125800,7.7700E-005
1436.375700,7.9250E-005,1436.375700,7.9250E-005
1436.625600,7.9760E-005,1436.625600,7.9760E-005
1436.875500,8.0400E-005,1436.875500,8.0400E-005
1437.125400,8.2210E-005,1437.125400,8.2210E-005
1437.375300,8.1430E-005,1437.375300,8.1430E-005
1437.625200,8.0540E-005,1437.625200,8.0540E-005
1437.875100,8.0550E-005,1437.875100,8.0550E-005
1438.125000,8.2120E-005,1438.125000,8.2120E-005
1438.374900,8.4270E-005,1438.374900,8.4270E-005
1438.624800,8.4650E-005,1438.624800,8.4650E-005
1438.874700,8.3260E-005,1438.874700,8.3260E-005
1439.124600,8.5070E-005,1439.124600,8.5070E-005
1439.374500,8.4990E-005,1439.374500,8.4990E-005
1439.624400,8.4770E-005,1439.624400,8.4770E-005
1439.874300,8.6450E-005,1439.874300,8.6450E-005
1440.124200,8.7800E-005,1440.124200,8.7800E-005
1440.374100,8.7520E-005,1440.374100,8.7520E-005
1440.624000,8.8980E-005,1440.624000,8.8980E-005
1440.873900,8.8680E-005,1440.873900,8.8680E-005
1441.123800,8.9610E-005,1441.123800,8.9610E-005
1441.373700,8.7770E-005,1441.373700,8.7770E-005
1441.623600,8.7750E-005,1441.623600,8.7750E-005
1441.873500,9.1650E-005,1441.873500,9.1650E-005
1442.123400,9.0590E-005,1442.123400,9.0590E-005
1442.373300,9.1470E-005,1442.373300,9.1470E-005
1442.623200,9.0940E-005,1442.623200,9.0940E-005
1442.873100,9.1610E-005,1442.873100,9.1610E-005
1443.123000,9.1320E-005,1443.123000,9.1320E-005
1443.372900,9.3780E-005,1443.372900,9.3780E-005
1443.622800,9.5520E-005,1443.622800,9.5520E-005
1443.872700,9.5680E-005,1443.872700,9.5680E-005
1444.122600,9.3810E-005,1444.122600,9.3810E-005
1444.372500,9.5820E-005,1444.372500,9.5820E-005
1444.622400,9.6540E-005,1444.622400,9.6540E-005
1444.872300,9.6700E-005,1444.872300,9.6700E-005
1445.122200,9.8160E-005,1445.122200,9.8160E-005
1445.372100,9.5560E-005,1445.372100,9.5560E-005
1445.622000,9.3090E-005,1445.622000,9.3090E-005
1445.871900,9.6610E-005,1445.871900,9.6610E-005
1446.121800,9.9290E-005,1446.121800,9.9290E-005
1446.371700,1.0000E-004,1446.371700,1.0000E-004
1446.621600,9.8870E-005,1446.621600,9.8870E-005
1446.871500,1.0140E-004,1446.871500,1.0140E-004
1447.121400,1.0210E-004,1447.121400,1.0210E-004
1447.371300,1.0350E-004,1447.371300,1.0350E-004
1447.621200,1.0310E-004,1447.621200,1.0310E-004
1447.871100,1.0550E-004,1447.871100,1.0550E-004
1448.121000,1.0420E-004,1448.121000,1.0420E-004
1448.370900,1.0600E-004,1448.370900,1.0600E-004
1448.620800,1.0510E-004,1448.620800,1.0510E-004
1448.870700,1.0790E-004,1448.870700,1.0790E-004
1449.120600,1.0680E-004,1449.120600,1.0680E-004
1449.370500,1.0640E-004,1449.370500,1.0640E-004
1449.620400,1.0970E-004,1449.620400,1.0970E-004
1449.870300,1.0870E-004,1449.870300,1.0870E-004
1450.120200,1.1010E-004,1450.120200,1.1010E-004
1450.370100,1.0780E-004,1450.370100,1.0780E-004
1450.620000,1.0900E-004,1450.620000,1.0900E-004
1450.869900,1.1150E-004,1450.869900,1.1150E-004
1451.119800,1.1270E-004,1451.119800,1.1270E-004
1451.369700,1.1580E-004,1451.369700,1.1580E-004
1451.619600,1.1580E-004,1451.619600,1.1580E-004
1451.869500,1.1840E-004,1451.869500,1.1840E-004
1452.119400,1.1510E-004,1452.119400,1.1510E-004
1452.369300,1.1950E-004,1452.369300,1.1950E-004
1452.619200,1.2110E-004,1452.619200,1.2110E-004
1452.869100,1.2090E-004,1452.869100,1.2090E-004
1453.119000,1.1940E-004,1453.119000,1.1940E-004
1453.368900,1.2550E-004,1453.368900,1.2550E-004
1453.618800,1.2440E-004,1453.618800,1.2440E-004
1453.868700,1.2590E-004,1453.868700,1.2590E-004
1454.118600,1.2540E-004,1454.118600,1.2540E-004
1454.368500,1.2780E-004,1454.368500,1.2780E-004
1454.618400,1.2730E-004,1454.618400,1.2730E-004
1454.868300,1.2890E-004,1454.868300,1.2890E-004
1455.118200,1.2940E-004,1455.118200,1.2940E-004
1455.368100,1.2770E-004,1455.368100,1.2770E-004
1455.618000,1.3200E-004,1455.618000,1.3200E-004
1455.867900,1.3380E-004,1455.867900,1.3380E-004
1456.117800,1.3330E-004,1456.117800,1.3330E-004
1456.367700,1.3550E-004,1456.367700,1.3550E-004
1456.617600,1.3700E-004,1456.617600,1.3700E-004
1456.867500,1.3710E-004,1456.867500,1.3710E-004
1457.117400,1.3880E-004,1457.117400,1.3880E-004
1457.367300,1.3960E-004,1457.367300,1.3960E-004
1457.617200,1.4220E-004,1457.617200,1.4220E-004
1457.867100,1.4420E-004,1457.867100,1.4420E-004
1458.117000,1.4730E-004,1458.117000,1.4730E-004
1458.366900,1.4610E-004,1458.366900,1.4610E-004
1458.616800,1.4770E-004,1458.616800,1.4770E-004
1458.866700,1.4810E-004,1458.866700,1.4810E-004
1459.116600,1.5080E-004,1459.116600,1.5080E-004
1459.366500,1.5290E-004,1459.366500,1.5290E-004
1459.616400,1.5460E-004,1459.616400,1.5460E-004
1459.866300,1.5470E-004,1459.866300,1.5470E-004
1460.116200,1.5870E-004,1460.116200,1.5870E-004
1460.366100,1.5830E-004,1460.366100,1.5830E-004
1460.616000,1.5790E-004,1460.616000,1.5790E-004
1460.865900,1.6190E-004,1460.865900,1.6190E-004
1461.115800,1.6440E-004,1461.115800,1.6440E-004
1461.365700,1.6460E-004,1461.365700,1.6460E-004
1461.615600,1.6710E-004,1461.615600,1.6710E-004
1461.865500,1.7190E-004,1461.865500,1.7190E-004
1462.115400,1.7380E-004,1462.115400,1.7380E-004
1462.365300,1.7610E-004,1462.365300,1.7610E-004
1462.615200,1.7520E-004,1462.615200,1.7520E-004
1462.865100,1.7440E-004,1462.865100,1.7440E-004
1463.115000,1.7750E-004,1463.115000,1.7750E-004
1463.364900,1.7860E-004,1463.364900,1.7860E-004
1463.614800,1.8960E-004,1463.614800,1.8960E-004
1463.864700,1.8860E-004,1463.864700,1.8860E-004
1464.114600,1.9000E-004,1464.114600,1.9000E-004
1464.364500,1.9080E-004,1464.364500,1.9080E-004
1464.614400,1.9120E-004,1464.614400,1.9120E-004
1464.864300,1.9470E-004,1464.864300,1.9470E-004
1465.114200,1.9720E-004,1465.114200,1.9720E-004
1465.364100,1.9720E-004,1465.364100,1.9720E-004
1465.614000,2.0440E-004,1465.614000,2.0440E-004
1465.863900,2.0390E-004,1465.863900,2.0390E-004
1466.113800,2.0690E-004,1466.113800,2.0690E-004
1466.363700,2.1160E-004,1466.363700,2.1160E-004
1466.613600,2.1500E-004,1466.613600,2.1500E-004
1466.863500,2.1440E-004,1466.863500,2.1440E-004
1467.113400,2.1530E-004,1467.113400,2.1530E-004
1467.363300,2.2270E-004,1467.363300,2.2270E-004
1467.613200,2.2400E-004,1467.613200,2.2400E-004
1467.863100,2.2630E-004,1467.863100,2.2630E-004
1468.113000,2.2820E-004,1468.113000,2.2820E-004
1468.362900,2.3490E-004,1468.362900,2.3490E-004
1468.612800,2.2970E-004,1468.612800,2.2970E-004
1468.862700,2.3660E-004,1468.862700,2.3660E-004
1469.112600,2.4380E-004,1469.112600,2.4380E-004
1469.362500,2.4470E-004,1469.362500,2.4470E-004
1469.612400,2.4720E-004,1469.612400,2.4720E-004
1469.862300,2.5530E-004,1469.862300,2.5530E-004
1470.112200,2.5940E-004,1470.112200,2.5940E-004
1470.362100,2.5450E-004,1470.362100,2.5450E-004
1470.612000,2.4940E-004,1470.612000,2.4940E-004
1470.861900,2.6360E-004,1470.861900,2.6360E-004
1471.111800,2.6890E-004,1471.111800,2.6890E-004
1471.361700,2.6220E-004,1471.361700,2.6220E-004
1471.611600,2.8000E-004,1471.611600,2.8000E-004
1471.861500,2.7290E-004,1471.861500,2.7290E-004
1472.111400,2.7340E-004,1472.111400,2.7340E-004
1472.361300,2.8460E-004,1472.361300,2.8460E-004
1472.611200,2.8370E-004,1472.611200,2.8370E-004
1472.861100,2.8670E-004,1472.861100,2.8670E-004
1473.111000,2.9400E-004,1473.111000,2.9400E-004
1473.360900,2.9780E-004,1473.360900,2.9780E-004
1473.610800,3.0040E-004,1473.610800,3.0040E-004
1473.860700,3.0280E-004,1473.860700,3.0280E-004
1474.110600,3.1080E-004,1474.110600,3.1080E-004
1474.360500,3.1460E-004,1474.360500,3.1460E-004
1474.610400,3.2630E-004,1474.610400,3.2630E-004
1474.860300,3.2680E-004,1474.860300,3.2680E-004
1475.110200,3.2840E-004,1475.110200,3.2840E-004
1475.360100,3.3740E-004,1475.360100,3.3740E-004
1475.610000,3.4610E-004,1475.610000,3.4610E-004
1475.859900,3.4830E-004,1475.859900,3.4830E-004
1476.109800,3.5360E-004,1476.109800,3.5360E-004
1476.359700,3.5940E-004,1476.359700,3.5940E-004
1476.609600,3.6120E-004,1476.609600,3.6120E-004
1476.859500,3.7070E-004,1476.859500,3.7070E-004
1477.109400,3.8360E-004,1477.109400,3.8360E-004
1477.359300,3.8070E-004,1477.359300,3.8070E-004
1477.609200,3.8180E-004,1477.609200,3.8180E-004
1477.859100,3.9040E-004,1477.859100,3.9040E-004
1478.109000,3.9740E-004,1478.109000,3.9740E-004
1478.358900,4.0070E-004,1478.358900,4.0070E-004
1478.608800,4.0990E-004,1478.608800,4.0990E-004
1478.858700,4.2320E-004,1478.858700,4.2320E-004
1479.108600,4.1550E-004,1479.108600,4.1550E-004
1479.358500,4.3530E-004,1479.358500,4.3530E-004
1479.608400,4.4940E-004,1479.608400,4.4940E-004
1479.858300,4.4500E-004,1479.858300,4.4500E-004
1480.108200,4.5580E-004,1480.108200,4.5580E-004
1480.358100,4.6210E-004,1480.358100,4.6210E-004
1480.608000,4.5360E-004,1480.608000,4.5360E-004
1480.857900,4.7010E-004,1480.857900,4.7010E-004
1481.107800,4.8800E-004,1481.107800,4.8800E-004
1481.357700,4.8510E-004,1481.357700,4.8510E-004
1481.607600,4.9390E-004,1481.607600,4.9390E-004
1481.857500,4.8360E-004,1481.857500,4.8360E-004
1482.107400,5.1440E-004,1482.107400,5.1440E-004
1482.357300,5.0570E-004,1482.357300,5.0570E-004
1482.607200,5.3500E-004,1482.607200,5.3500E-004
1482.857100,5.3360E-004,1482.857100,5.3360E-004
1483.107000,5.6130E-004,1483.107000,5.6130E-004
1483.356900,5.4430E-004,1483.356900,5.4430E-004
1483.606800,5.5430E-004,1483.606800,5.5430E-004
1483.856700,5.5300E-004,1483.856700,5.5300E-004
1484.106600,5.5820E-004,1484.106600,5.5820E-004
1484.356500,5.6890E-004,1484.356500,5.6890E-004
1484.606400,5.9760E-004,1484.606400,5.9760E-004
1484.856300,5.8010E-004,1484.856300,5.8010E-004
1485.106200,6.0100E-004,1485.106200,6.0100E-004
1485.356100,6.0530E-004,1485.356100,6.0530E-004
1485.606000,6.0800E-004,1485.606000,6.0800E-004
1485.855900,6.1970E-004,1485.855900,6.1970E-004
1486.105800,6.1420E-004,1486.105800,6.1420E-004
1486.355700,6.2370E-004,1486.355700,6.2370E-004
1486.605600,6.2060E-004,1486.605600,6.2060E-004
1486.855500,6.4240E-004,1486.855500,6.4240E-004
1487.105400,6.6800E-004,1487.105400,6.6800E-004
1487.355300,6.4520E-004,1487.355300,6.4520E-004
1487.605200,6.7160E-004,1487.605200,6.7160E-004
1487.855100,6.4910E-004,1487.855100,6.4910E-004
1488.105000,6.7560E-004,1488.105000,6.7560E-004
1488.354900,6.8190E-004,1488.354900,6.8190E-004
1488.604800,7.1720E-004,1488.604800,7.1720E-004
1488.854700,7.0130E-004,1488.854700,7.0130E-004
1489.104600,6.9090E-004,1489.104600,6.9090E-004
1489.354500,7.2700E-004,1489.354500,7.2700E-004
1489.604400,7.2380E-004,1489.604400,7.2380E-004
1489.854300,7.3640E-004,1489.854300,7.3640E-004
1490.104200,7.5360E-004,1490.104200,7.5360E-004
1490.354100,7.8250E-004,1490.354100,7.8250E-004
1490.604000,7.6260E-004,1490.604000,7.6260E-004
1490.853900,7.7840E-004,1490.853900,7.7840E-004
1491.103800,7.9130E-004,1491.103800,7.9130E-004
1491.353700,7.7890E-004,1491.353700,7.7890E-004
1491.603600,8.0410E-004,1491.603600,8.0410E-004
1491.853500,8.2520E-004,1491.853500,8.2520E-004
1492.103400,8.1350E-004,1492.103400,8.1350E-004
1492.353300,8.3520E-004,1492.353300,8.3520E-004
1492.603200,8.4330E-004,1492.603200,8.4330E-004
1492.853100,8.5920E-004,1492.853100,8.5920E-004
1493.103000,8.7530E-004,1493.103000,8.7530E-004
1493.352900,8.8360E-004,1493.352900,8.8360E-004
1493.602800,8.9760E-004,1493.602800,8.9760E-004
1493.852700,8.7700E-004,1493.852700,8.7700E-004
1494.102600,9.2150E-004,1494.102600,9.2150E-004
1494.352500,9.1970E-004,1494.352500,9.1970E-004
1494.602400,9.3440E-004,1494.602400,9.3440E-004
1494.852300,9.6080E-004,1494.852300,9.6080E-004
1495.102200,9.5930E-004,1495.102200,9.5930E-004
1495.352100,9.7280E-004,1495.352100,9.7280E-004
1495.602000,9.7000E-004,1495.602000,9.7000E-004
1495.851900,9.8330E-004,1495.851900,9.8330E-004
1496.101800,1.0140E-003,1496.101800,1.0140E-003
1496.351700,1.0150E-003,1496.351700,1.0150E-003
1496.601600,1.0320E-003,1496.601600,1.0320E-003
1496.851500,1.0260E-003,1496.851500,1.0260E-003
1497.101400,1.0540E-003,1497.101400,1.0540E-003
1497.351300,1.0950E-003,1497.351300,1.0950E-003
1497.601200,1.0500E-003,1497.601200,1.0500E-003
1497.851100,1.0980E-003,1497.851100,1.0980E-003
1498.101000,1.0850E-003,1498.101000,1.0850E-003
1498.350900,1.0820E-003,1498.350900,1.0820E-003
1498.600800,1.0930E-003,1498.600800,1.0930E-003
1498.850700,1.1150E-003,1498.850700,1.1150E-003
1499.100600,1.1190E-003,1499.100600,1.1190E-003
1499.350500,1.1340E-003,1499.350500,1.1340E-003
1499.600400,1.1280E-003,1499.600400,1.1280E-003
1499.850300,1.2220E-003,1499.850300,1.2220E-003
1500.100200,1.1690E-003,1500.100200,1.1690E-003
1500.350100,1.1810E-003,1500.350100,1.1810E-003
1500.600000,1.2130E-003,1500.600000,1.2130E-003
1500.849900,1.1700E-003,1500.849900,1.1700E-003
1501.099800,1.2350E-003,1501.099800,1.2350E-003
1501.349700,1.2250E-003,1501.349700,1.2250E-003
1501.599600,1.1980E-003,1501.599600,1.1980E-003
1501.849500,1.2470E-003,1501.849500,1.2470E-003
1502.099400,1.2210E-003,1502.099400,1.2210E-003
1502.349300,1.2860E-003,1502.349300,1.2860E-003
1502.599200,1.2620E-003,1502.599200,1.2620E-003
1502.849100,1.3320E-003,1502.849100,1.3320E-003
1503.099000,1.3300E-003,1503.099000,1.3300E-003
1503.348900,1.3070E-003,1503.348900,1.3070E-003
1503.598800,1.3010E-003,1503.598800,1.3010E-003
1503.848700,1.3170E-003,1503.848700,1.3170E-003
1504.098600,1.3090E-003,1504.098600,1.3090E-003
1504.348500,1.3190E-003,1504.348500,1.3190E-003
1504.598400,1.3280E-003,1504.598400,1.3280E-003
1504.848300,1.3480E-003,1504.848300,1.3480E-003
1505.098200,1.3340E-003,1505.098200,1.3340E-003
1505.348100,1.3500E-003,1505.348100,1.3500E-003
1505.598000,1.4010E-003,1505.598000,1.4010E-003
1505.847900,1.3730E-003,1505.847900,1.3730E-003
1506.097800,1.4370E-003,1506.097800,1.4370E-003
1506.347700,1.3750E-003,1506.347700,1.3750E-003
1506.597600,1.4310E-003,1506.597600,1.4310E-003
1506.847500,1.5070E-003,1506.847500,1.5070E-003
1507.097400,1.4300E-003,1507.097400,1.4300E-003
1507.347300,1.5030E-003,1507.347300,1.5030E-003
1507.597200,1.4570E-003,1507.597200,1.4570E-003
1507.847100,1.5270E-003,1507.847100,1.5270E-003
1508.097000,1.5610E-003,1508.097000,1.5610E-003
1508.346900,1.4790E-003,1508.346900,1.4790E-003
1508.596800,1.5310E-003,1508.596800,1.5310E-003
1508.846700,1.5020E-003,1508.846700,1.5020E-003
1509.096600,1.5300E-003,1509.096600,1.5300E-003
1509.346500,1.6240E-003,1509.346500,1.6240E-003
1509.596400,1.5230E-003,1509.596400,1.5230E-003
1509.846300,1.5720E-003,1509.846300,1.5720E-003
1510.096200,1.6070E-003,1510.096200,1.6070E-003
1510.346100,1.5790E-003,1510.346100,1.5790E-003
1510.596000,1.6040E-003,1510.596000,1.6040E-003
1510.845900,1.5590E-003,1510.845900,1.5590E-003
1511.095800,1.6350E-003,1511.095800,1.6350E-003
1511.345700,1.6140E-003,1511.345700,1.6140E-003
1511.595600,1.6280E-003,1511.595600,1.6280E-003
1511.845500,1.6510E-003,1511.845500,1.6510E-003
1512.095400,1.7330E-003,1512.095400,1.7330E-003
1512.345300,1.7230E-003,1512.345300,1.7230E-003
1512.595200,1.7370E-003,1512.595200,1.7370E-003
1512.845100,1.6900E-003,1512.845100,1.6900E-003
1513.095000,1.7200E-003,1513.095000,1.7200E-003
1513.344900,1.7070E-003,1513.344900,1.7070E-003
1513.594800,1.7140E-003,1513.594800,1.7140E-003
1513.844700,1.7800E-003,1513.844700,1.7800E-003
1514.094600,1.8170E-003,1514.094600,1.8170E-003
1514.344500,1.7490E-003,1514.344500,1.7490E-003
1514.594400,1.7970E-003,1514.594400,1.7970E-003
1514.844300,1.7670E-003,1514.844300,1.7670E-003
1515.094200,1.7880E-003,1515.094200,1.7880E-003
1515.344100,1.8010E-003,1515.344100,1.8010E-003
1515.594000,1.6920E-003,1515.594000,1.6920E-003
1515.843900,1.8350E-003,1515.843900,1.8350E-003
1516.093800,1.7720E-003,1516.093800,1.7720E-003
1516.343700,1.7980E-003,1516.343700,1.7980E-003
1516.593600,1.8830E-003,1516.593600,1.8830E-003
1516.843500,1.8340E-003,1516.843500,1.8340E-003
1517.093400,1.8410E-003,1517.093400,1.8410E-003
1517.343300,1.8050E-003,1517.343300,1.8050E-003
1517.593200,1.8410E-003,1517.593200,1.8410E-003
1517.843100,1.8770E-003,1517.843100,1.8770E-003
1518.093000,1.8050E-003,1518.093000,1.8050E-003
1518.342900,1.8550E-003,1518.342900,1.8550E-003
1518.592800,1.8400E-003,1518.592800,1.8400E-003
1518.842700,1.7320E-003,1518.842700,1.7320E-003
1519.092600,1.7710E-003,1519.092600,1.7710E-003
1519.342500,1.8290E-003,1519.342500,1.8290E-003
1519.592400,1.7160E-003,1519.592400,1.7160E-003
1519.842300,1.8700E-003,1519.842300,1.8700E-003
1520.092200,1.7320E-003,1520.092200,1.7320E-003
1520.342100,1.7480E-003,1520.342100,1.7480E-003
1520.592000,1.8690E-003,1520.592000,1.8690E-003
1520.841900,1.7060E-003,1520.841900,1.7060E-003
1521.091800,1.7470E-003,1521.091800,1.7470E-003
1521.341700,1.7600E-003,1521.341700,1.7600E-003
1521.591600,1.7190E-003,1521.591600,1.7190E-003
1521.841500,1.7610E-003,1521.841500,1.7610E-003
1522.091400,1.7170E-003,1522.091400,1.7170E-003
1522.341300,1.7220E-003,1522.341300,1.7220E-003
1522.591200,1.7010E-003,1522.591200,1.7010E-003
1522.841100,1.6730E-003,1522.841100,1.6730E-003
1523.091000,1.6710E-003,1523.091000,1.6710E-003
1523.340900,1.6130E-003,1523.340900,1.6130E-003
1523.590800,1.6090E-003,1523.590800,1.6090E-003
1523.840700,1.7090E-003,1523.840700,1.7090E-003
1524.090600,1.6670E-003,1524.090600,1.6670E-003
1524.340500,1.6020E-003,1524.340500,1.6020E-003
1524.590400,1.5840E-003,1524.590400,1.5840E-003
1524.840300,1.5600E-003,1524.840300,1.5600E-003
1525.090200,1.5860E-003,1525.090200,1.5860E-003
1525.340100,1.5480E-003,1525.340100,1.5480E-003
1525.590000,1.5850E-003,1525.590000,1.5850E-003
1525.839900,1.6930E-003,1525.839900,1.6930E-003
1526.089800,1.5070E-003,1526.089800,1.5070E-003
1526.339700,1.5600E-003,1526.339700,1.5600E-003
1526.589600,1.6310E-003,1526.589600,1.6310E-003
1526.839500,1.5110E-003,1526.839500,1.5110E-003
1527.089400,1.5680E-003,1527.089400,1.5680E-003
1527.339300,1.5480E-003,1527.339300,1.5480E-003
1527.589200,1.5490E-003,1527.589200,1.5490E-003
1527.839100,1.6480E-003,1527.839100,1.6480E-003
1528.089000,1.5100E-003,1528.089000,1.5100E-003
1528.338900,1.6000E-003,1528.338900,1.6000E-003
1528.588800,1.6640E-003,1528.588800,1.6640E-003
1528.838700,1.5460E-003,1528.838700,1.5460E-003
1529.088600,1.6010E-003,1529.088600,1.6010E-003
1529.338500,1.5810E-003,1529.338500,1.5810E-003
1529.588400,1.5740E-003,1529.588400,1.5740E-003
1529.838300,1.6490E-003,1529.838300,1.6490E-003
1530.088200,1.6610E-003,1530.088200,1.6610E-003
1530.338100,1.6210E-003,1530.338100,1.6210E-003
1530.588000,1.7230E-003,1530.588000,1.7230E-003
1530.837900,1.7020E-003,1530.837900,1.7020E-003
1531.087800,1.6400E-003,1531.087800,1.6400E-003
1531.337700,1.9690E-003,1531.337700,1.9690E-003
1531.587600,2.0810E-003,1531.587600,2.0810E-003
1531.837500,2.0620E-003,1531.837500,2.0620E-003
1532.087400,1.9170E-003,1532.087400,1.9170E-003
1532.337300,2.1520E-003,1532.337300,2.1520E-003
1532.587200,2.0410E-003,1532.587200,2.0410E-003
1532.837100,1.7180E-003,1532.837100,1.7180E-003
1533.087000,2.0530E-003,1533.087000,2.0530E-003
1533.336900,1.8950E-003,1533.336900,1.8950E-003
1533.586800,1.9150E-003,1533.586800,1.9150E-003
1533.836700,2.0260E-003,1533.836700,2.0260E-003
1534.086600,1.9610E-003,1534.086600,1.9610E-003
1534.336500,2.3290E-003,1534.336500,2.3290E-003
1534.586400,2.2690E-003,1534.586400,2.2690E-003
1534.836300,1.9040E-003,1534.836300,1.9040E-003
1535.086200,2.0200E-003,1535.086200,2.0200E-003
1535.336100,1.9660E-003,1535.336100,1.9660E-003
1535.586000,1.9500E-003,1535.586000,1.9500E-003
1535.835900,2.1190E-003,1535.835900,2.1190E-003
1536.085800,1.7950E-003,1536.085800,1.7950E-003
1536.335700,2.0750E-003,1536.335700,2.0750E-003
1536.585600,1.9660E-003,1536.585600,1.9660E-003
1536.835500,1.7940E-003,1536.835500,1.7940E-003
1537.085400,1.8710E-003,1537.085400,1.8710E-003
1537.335300,1.8110E-003,1537.335300,1.8110E-003
1537.585200,2.0350E-003,1537.585200,2.0350E-003
1537.835100,2.2180E-003,1537.835100,2.2180E-003
1538.085000,1.6920E-003,1538.085000,1.6920E-003
1538.334900,2.1600E-003,1538.334900,2.1600E-003
1538.584800,2.5160E-003,1538.584800,2.5160E-003
1538.834700,2.4640E-003,1538.834700,2.4640E-003
1539.084600,2.5840E-003,1539.084600,2.5840E-003
1539.334500,2.5820E-003,1539.334500,2.5820E-003
1539.584400,2.9070E-003,1539.584400,2.9070E-003
1539.834300,3.4120E-003,1539.834300,3.4120E-003
1540.084200,3.3110E-003,1540.084200,3.3110E-003
1540.334100,4.2780E-003,1540.334100,4.2780E-003
1540.584000,3.3980E-003,1540.584000,3.3980E-003
1540.833900,2.5720E-003,1540.833900,2.5720E-003
1541.083800,3.4880E-003,1541.083800,3.4880E-003
1541.333700,3.8280E-003,1541.333700,3.8280E-003
1541.583600,4.5150E-003,1541.583600,4.5150E-003
1541.833500,4.4030E-003,1541.833500,4.4030E-003
1542.083400,4.3890E-003,1542.083400,4.3890E-003
1542.333300,6.9870E-003,1542.333300,6.9870E-003
1542.583200,7.9030E-003,1542.583200,7.9030E-003
1542.833100,9.3590E-003,1542.833100,9.3590E-003
1543.083000,1.0220E-002,1543.083000,1.0220E-002
1543.332900,6.1700E-003,1543.332900,6.1700E-003
1543.582800,5.1630E-003,1543.582800,5.1630E-003
1543.832700,5.8140E-003,1543.832700,5.8140E-003
1544.082600,4.9770E-003,1544.082600,4.9770E-003
1544.332500,5.1690E-003,1544.332500,5.1690E-003
1544.582400,3.8720E-003,1544.582400,3.8720E-003
1544.832300,2.1800E-003,1544.832300,2.1800E-003
1545.082200,2.5120E-003,1545.082200,2.5120E-003
1545.332100,2.5450E-003,1545.332100,2.5450E-003
1545.582000,2.7380E-003,1545.582000,2.7380E-003
1545.831900,3.0660E-003,1545.831900,3.0660E-003
1546.081800,2.2800E-003,1546.081800,2.2800E-003
1546.331700,2.2860E-003,1546.331700,2.2860E-003
1546.581600,2.1970E-003,1546.581600,2.1970E-003
1546.831500,2.6430E-003,1546.831500,2.6430E-003
1547.081400,3.8970E-003,1547.081400,3.8970E-003
1547.331300,3.7900E-003,1547.331300,3.7900E-003
1547.581200,3.8270E-003,1547.581200,3.8270E-003
1547.831100,3.5870E-003,1547.831100,3.5870E-003
1548.081000,2.1170E-003,1548.081000,2.1170E-003
1548.330900,2.1650E-003,1548.330900,2.1650E-003
1548.580800,2.8100E-003,1548.580800,2.8100E-003
1548.830700,4.2270E-003,1548.830700,4.2270E-003
1549.080600,6.3570E-003,1549.080600,6.3570E-003
1549.330500,6.5860E-003,1549.330500,6.5860E-003
1549.580400,6.7470E-003,1549.580400,6.7470E-003
1549.830300,5.5910E-003,1549.830300,5.5910E-003
1550.080200,3.7380E-003,1550.080200,3.7380E-003
1550.330100,2.6810E-003,1550.330100,2.6810E-003
1550.580000,2.9130E-003,1550.580000,2.9130E-003
1550.829900,4.3110E-003,1550.829900,4.3110E-003
1551.079800,6.6730E-003,1551.079800,6.6730E-003
1551.329700,7.6820E-003,1551.329700,7.6820E-003
1551.579600,7.9730E-003,1551.579600,7.9730E-003
1551.829500,7.2770E-003,1551.829500,7.2770E-003
1552.079400,5.8810E-003,1552.079400,5.8810E-003
1552.329300,3.6240E-003,1552.329300,3.6240E-003
1552.579200,2.9980E-003,1552.579200,2.9980E-003
1552.829100,3.4750E-003,1552.829100,3.4750E-003
1553.079000,7.3670E-003,1553.079000,7.3670E-003
1553.328900,1.1080E-002,1553.328900,1.1080E-002
1553.578800,1.3320E-002,1553.578800,1.3320E-002
1553.828700,1.7970E-002,1553.828700,1.7970E-002
1554.078600,1.6940E-002,1554.078600,1.6940E-002
1554.328500,1.2640E-002,1554.328500,1.2640E-002
1554.578400,1.1690E-002,1554.578400,1.1690E-002
1554.828300,7.4740E-003,1554.828300,7.4740E-003
1555.078200,8.3130E-003,1555.078200,8.3130E-003
1555.328100,1.0990E-002,1555.328100,1.0990E-002
1555.578000,1.4220E-002,1555.578000,1.4220E-002
1555.827900,2.4600E-002,1555.827900,2.4600E-002
1556.077800,2.9340E-002,1556.077800,2.9340E-002
1556.327700,3.2940E-002,1556.327700,3.2940E-002
1556.577600,4.1730E-002,1556.577600,4.1730E-002
1556.827500,4.1600E-002,1556.827500,4.1600E-002
1557.077400,3.3400E-002,1557.077400,3.3400E-002
1557.327300,3.3130E-002,1557.327300,3.3130E-002
1557.577200,2.0800E-002,1557.577200,2.0800E-002
1557.827100,1.6800E-002,1557.827100,1.6800E-002
1558.077000,1.0880E-002,1558.077000,1.0880E-002
1558.326900,7.8230E-003,1558.326900,7.8230E-003
1558.576800,8.1780E-003,1558.576800,8.1780E-003
1558.826700,9.8000E-003,1558.826700,9.8000E-003
1559.076600,1.2320E-002,1559.076600,1.2320E-002
1559.326500,1.5640E-002,1559.326500,1.5640E-002
1559.576400,1.2400E-002,1559.576400,1.2400E-002
1559.826300,1.0640E-002,1559.826300,1.0640E-002
1560.076200,9.9310E-003,1560.076200,9.9310E-003
1560.326100,6.8700E-003,1560.326100,6.8700E-003
1560.576000,6.5760E-003,1560.576000,6.5760E-003
1560.825900,7.3870E-003,1560.825900,7.3870E-003
1561.075800,7.1570E-003,1561.075800,7.1570E-003
1561.325700,9.1980E-003,1561.325700,9.1980E-003
1561.575600,9.3840E-003,1561.575600,9.3840E-003
1561.825500,8.6130E-003,1561.825500,8.6130E-003
1562.075400,7.3030E-003,1562.075400,7.3030E-003
1562.325300,4.8050E-003,1562.325300,4.8050E-003
1562.575200,2.9270E-003,1562.575200,2.9270E-003
1562.825100,2.5090E-003,1562.825100,2.5090E-003
1563.075000,2.7750E-003,1563.075000,2.7750E-003
1563.324900,4.8240E-003,1563.324900,4.8240E-003
1563.574800,6.2530E-003,1563.574800,6.2530E-003
1563.824700,7.8540E-003,1563.824700,7.8540E-003
1564.074600,8.6340E-003,1564.074600,8.6340E-003
1564.324500,7.4600E-003,1564.324500,7.4600E-003
1564.574400,4.4390E-003,1564.574400,4.4390E-003
1564.824300,3.2630E-003,1564.824300,3.2630E-003
1565.074200,2.2240E-003,1565.074200,2.2240E-003
1565.324100,2.7940E-003,1565.324100,2.7940E-003
1565.574000,3.8770E-003,1565.574000,3.8770E-003
1565.823900,4.3600E-003,1565.823900,4.3600E-003
1566.073800,4.6390E-003,1566.073800,4.6390E-003
1566.323700,4.7370E-003,1566.323700,4.7370E-003
1566.573600,3.2240E-003,1566.573600,3.2240E-003
1566.823500,2.9240E-003,1566.823500,2.9240E-003
1567.073400,2.4420E-003,1567.073400,2.4420E-003
1567.323300,2.7660E-003,1567.323300,2.7660E-003
1567.573200,3.2710E-003,1567.573200,3.2710E-003
1567.823100,2.6250E-003,1567.823100,2.6250E-003
1568.073000,2.4260E-003,1568.073000,2.4260E-003
1568.322900,2.5870E-003,1568.322900,2.5870E-003
1568.572800,2.3760E-003,1568.572800,2.3760E-003
1568.822700,2.9050E-003,1568.822700,2.9050E-003
1569.072600,3.2990E-003,1569.072600,3.2990E-003
1569.322500,2.7230E-003,1569.322500,2.7230E-003
1569.572400,2.7220E-003,1569.572400,2.7220E-003
1569.822300,2.3060E-003,1569.822300,2.3060E-003
1570.072200,2.4340E-003,1570.072200,2.4340E-003
1570.322100,3.3480E-003,1570.322100,3.3480E-003
1570.572000,3.0290E-003,1570.572000,3.0290E-003
1570.821900,2.8670E-003,1570.821900,2.8670E-003
1571.071800,2.4430E-003,1571.071800,2.4430E-003
1571.321700,2.0020E-003,1571.321700,2.0020E-003
1571.571600,2.3800E-003,1571.571600,2.3800E-003
1571.821500,2.9630E-003,1571.821500,2.9630E-003
1572.071400,2.2790E-003,1572.071400,2.2790E-003
1572.321300,2.0230E-003,1572.321300,2.0230E-003
1572.571200,1.8240E-003,1572.571200,1.8240E-003
1572.821100,1.8050E-003,1572.821100,1.8050E-003
1573.071000,2.6280E-003,1573.071000,2.6280E-003
1573.320900,2.1080E-003,1573.320900,2.1080E-003
1573.570800,1.9400E-003,1573.570800,1.9400E-003
1573.820700,2.0290E-003,1573.820700,2.0290E-003
1574.070600,1.9460E-003,1574.070600,1.9460E-003
1574.320500,2.0090E-003,1574.320500,2.0090E-003
1574.570400,1.9440E-003,1574.570400,1.9440E-003
1574.820300,1.6200E-003,1574.820300,1.6200E-003
1575.070200,1.6550E-003,1575.070200,1.6550E-003
1575.320100,1.6360E-003,1575.320100,1.6360E-003
1575.570000,1.5880E-003,1575.570000,1.5880E-003
1575.819900,1.7720E-003,1575.819900,1.7720E-003
1576.069800,1.5170E-003,1576.069800,1.5170E-003
1576.319700,1.5110E-003,1576.319700,1.5110E-003
1576.569600,1.7230E-003,1576.569600,1.7230E-003
1576.819500,1.6800E-003,1576.819500,1.6800E-003
1577.069400,1.5540E-003,1577.069400,1.5540E-003
1577.319300,1.5890E-003,1577.319300,1.5890E-003
1577.569200,1.6290E-003,1577.569200,1.6290E-003
1577.819100,1.6620E-003,1577.819100,1.6620E-003
1578.069000,1.6480E-003,1578.069000,1.6480E-003
1578.318900,1.7500E-003,1578.318900,1.7500E-003
1578.568800,1.8590E-003,1578.568800,1.8590E-003
1578.818700,1.8810E-003,1578.818700,1.8810E-003
1579.068600,1.6460E-003,1579.068600,1.6460E-003
1579.318500,1.8310E-003,1579.318500,1.8310E-003
1579.568400,1.8440E-003,1579.568400,1.8440E-003
1579.818300,1.7350E-003,1579.818300,1.7350E-003
1580.068200,1.8250E-003,1580.068200,1.8250E-003
1580.318100,1.9050E-003,1580.318100,1.9050E-003
1580.568000,1.7150E-003,1580.568000,1.7150E-003
1580.817900,1.8570E-003,1580.817900,1.8570E-003
1581.067800,1.7900E-003,1581.067800,1.7900E-003
1581.317700,1.7870E-003,1581.317700,1.7870E-003
1581.567600,1.8520E-003,1581.567600,1.8520E-003
1581.817500,1.7740E-003,1581.817500,1.7740E-003
1582.067400,1.7840E-003,1582.067400,1.7840E-003
1582.317300,1.8170E-003,1582.317300,1.8170E-003
1582.567200,1.7470E-003,1582.567200,1.7470E-003
1582.817100,1.7240E-003,1582.817100,1.7240E-003
1583.067000,1.7820E-003,1583.067000,1.7820E-003
1583.316900,1.6990E-003,1583.316900,1.6990E-003
1583.566800,1.7680E-003,1583.566800,1.7680E-003
1583.816700,1.7180E-003,1583.816700,1.7180E-003
1584.066600,1.7610E-003,1584.066600,1.7610E-003
1584.316500,1.7160E-003,1584.316500,1.7160E-003
1584.566400,1.7720E-003,1584.566400,1.7720E-003
1584.816300,1.6570E-003,1584.816300,1.6570E-003
1585.066200,1.7670E-003,1585.066200,1.7670E-003
1585.316100,1.7190E-003,1585.316100,1.7190E-003
1585.566000,1.7320E-003,1585.566000,1.7320E-003
1585.815900,1.6890E-003,1585.815900,1.6890E-003
1586.065800,1.7140E-003,1586.065800,1.7140E-003
1586.315700,1.6730E-003,1586.315700,1.6730E-003
1586.565600,1.7830E-003,1586.565600,1.7830E-003
1586.815500,1.7430E-003,1586.815500,1.7430E-003
1587.065400,1.7470E-003,1587.065400,1.7470E-003
1587.315300,1.7480E-003,1587.315300,1.7480E-003
1587.565200,1.6590E-003,1587.565200,1.6590E-003
1587.815100,1.6480E-003,1587.815100,1.6480E-003
1588.065000,1.7180E-003,1588.065000,1.7180E-003
1588.314900,1.7710E-003,1588.314900,1.7710E-003
1588.564800,1.7000E-003,1588.564800,1.7000E-003
1588.814700,1.7810E-003,1588.814700,1.7810E-003
1589.064600,1.7120E-003,1589.064600,1.7120E-003
1589.314500,1.7010E-003,1589.314500,1.7010E-003
1589.564400,1.6800E-003,1589.564400,1.6800E-003
1589.814300,1.7920E-003,1589.814300,1.7920E-003
1590.064200,1.7780E-003,1590.064200,1.7780E-003
1590.314100,1.7430E-003,1590.314100,1.7430E-003
1590.564000,1.8320E-003,1590.564000,1.8320E-003
1590.813900,1.8360E-003,1590.813900,1.8360E-003
1591.063800,1.8230E-003,1591.063800,1.8230E-003
1591.313700,1.8120E-003,1591.313700,1.8120E-003
1591.563600,1.8000E-003,1591.563600,1.8000E-003
1591.813500,1.8370E-003,1591.813500,1.8370E-003
1592.063400,1.8710E-003,1592.063400,1.8710E-003
1592.313300,1.8230E-003,1592.313300,1.8230E-003
1592.563200,1.8960E-003,1592.563200,1.8960E-003
1592.813100,1.9620E-003,1592.813100,1.9620E-003
1593.063000,1.9580E-003,1593.063000,1.9580E-003
1593.312900,1.9170E-003,1593.312900,1.9170E-003
1593.562800,2.0140E-003,1593.562800,2.0140E-003
1593.812700,1.9320E-003,1593.812700,1.9320E-003
1594.062600,1.9970E-003,1594.062600,1.9970E-003
1594.312500,2.0330E-003,1594.312500,2.0330E-003
1594.562400,2.0920E-003,1594.562400,2.0920E-003
1594.812300,2.1440E-003,1594.812300,2.1440E-003
1595.062200,2.1040E-003,1595.062200,2.1040E-003
1595.312100,2.0470E-003,1595.312100,2.0470E-003
1595.562000,2.0610E-003,1595.562000,2.0610E-003
1595.811900,2.2110E-003,1595.811900,2.2110E-003
1596.061800,2.2080E-003,1596.061800,2.2080E-003
1596.311700,2.2010E-003,1596.311700,2.2010E-003
1596.561600,2.1660E-003,1596.561600,2.1660E-003
1596.811500,2.2930E-003,1596.811500,2.2930E-003
1597.061400,2.2890E-003,1597.061400,2.2890E-003
1597.311300,2.3840E-003,1597.311300,2.3840E-003
1597.561200,2.1290E-003,1597.561200,2.1290E-003
1597.811100,2.3050E-003,1597.811100,2.3050E-003
1598.061000,2.3930E-003,1598.061000,2.3930E-003
1598.310900,2.3740E-003,1598.310900,2.3740E-003
1598.560800,2.3690E-003,1598.560800,2.3690E-003
1598.810700,2.3980E-003,1598.810700,2.3980E-003
1599.060600,2.4490E-003,1599.060600,2.4490E-003
1599.310500,2.4680E-003,1599.310500,2.4680E-003
1599.560400,2.3870E-003,1599.560400,2.3870E-003
1599.810300,2.4890E-003,1599.810300,2.4890E-003
1600.060200,2.4610E-003,1600.060200,2.4610E-003
1600.310100,2.5070E-003,1600.310100,2.5070E-003
1600.560000,2.6660E-003,1600.560000,2.6660E-003
1600.809900,2.5850E-003,1600.809900,2.5850E-003
1601.059800,2.6520E-003,1601.059800,2.6520E-003
1601.309700,2.4370E-003,1601.309700,2.4370E-003
1601.559600,2.5590E-003,1601.559600,2.5590E-003
1601.809500,2.6450E-003,1601.809500,2.6450E-003
1602.059400,2.6620E-003,1602.059400,2.6620E-003
1602.309300,2.5230E-003,1602.309300,2.5230E-003
1602.559200,2.6730E-003,1602.559200,2.6730E-003
1602.809100,2.6430E-003,1602.809100,2.6430E-003
1603.059000,2.5230E-003,1603.059000,2.5230E-003
1603.308900,2.7960E-003,1603.308900,2.7960E-003
1603.558800,2.5760E-003,1603.558800,2.5760E-003
1603.808700,2.7270E-003,1603.808700,2.7270E-003
1604.058600,2.6850E-003,1604.058600,2.6850E-003
1604.308500,2.6890E-003,1604.308500,2.6890E-003
1604.558400,2.7680E-003,1604.558400,2.7680E-003
1604.808300,2.7940E-003,1604.808300,2.7940E-003
1605.058200,2.7160E-003,1605.058200,2.7160E-003
1605.308100,2.5750E-003,1605.308100,2.5750E-003
1605.558000,2.7910E-003,1605.558000,2.7910E-003
1605.807900,2.6910E-003,1605.807900,2.6910E-003
1606.057800,2.7360E-003,1606.057800,2.7360E-003
1606.307700,2.8850E-003,1606.307700,2.8850E-003
1606.557600,2.6080E-003,1606.557600,2.6080E-003
1606.807500,2.6480E-003,1606.807500,2.6480E-003
1607.057400,2.9200E-003,1607.057400,2.9200E-003
1607.307300,2.8410E-003,1607.307300,2.8410E-003
1607.557200,2.8720E-003,1607.557200,2.8720E-003
1607.807100,2.7460E-003,1607.807100,2.7460E-003
1608.057000,2.7790E-003,1608.057000,2.7790E-003
1608.306900,2.8950E-003,1608.306900,2.8950E-003
1608.556800,2.8520E-003,1608.556800,2.8520E-003
1608.806700,2.7820E-003,1608.806700,2.7820E-003
1609.056600,2.8530E-003,1609.056600,2.8530E-003
1609.306500,2.6890E-003,1609.306500,2.6890E-003
1609.556400,2.6420E-003,1609.556400,2.6420E-003
1609.806300,2.8970E-003,1609.806300,2.8970E-003
1610.056200,2.7040E-003,1610.056200,2.7040E-003
1610.306100,2.7750E-003,1610.306100,2.7750E-003
1610.556000,2.8250E-003,1610.556000,2.8250E-003
1610.805900,2.5430E-003,1610.805900,2.5430E-003
1611.055800,2.8990E-003,1611.055800,2.8990E-003
1611.305700,2.7750E-003,1611.305700,2.7750E-003
1611.555600,2.6460E-003,1611.555600,2.6460E-003
1611.805500,2.5890E-003,1611.805500,2.5890E-003
1612.055400,2.7770E-003,1612.055400,2.7770E-003
1612.305300,2.7130E-003,1612.305300,2.7130E-003
1612.555200,2.7410E-003,1612.555200,2.7410E-003
1612.805100,2.8030E-003,1612.805100,2.8030E-003
1613.055000,2.6350E-003,1613.055000,2.6350E-003
1613.304900,2.6650E-003,1613.304900,2.6650E-003
1613.554800,2.6940E-003,1613.554800,2.6940E-003
1613.804700,2.7250E-003,1613.804700,2.7250E-003
1614.054600,2.6900E-003,1614.054600,2.6900E-003
1614.304500,2.5640E-003,1614.304500,2.5640E-003
1614.554400,2.4860E-003,1614.554400,2.4860E-003
1614.804300,2.6430E-003,1614.804300,2.6430E-003
1615.054200,2.6220E-003,1615.054200,2.6220E-003
1615.304100,2.4140E-003,1615.304100,2.4140E-003
1615.554000,2.7060E-003,1615.554000,2.7060E-003
1615.803900,2.5770E-003,1615.803900,2.5770E-003
1616.053800,2.4920E-003,1616.053800,2.4920E-003
1616.303700,2.5540E-003,1616.303700,2.5540E-003
1616.553600,2.5270E-003,1616.553600,2.5270E-003
1616.803500,2.4940E-003,1616.803500,2.4940E-003
1617.053400,2.6430E-003,1617.053400,2.6430E-003
1617.303300,2.4190E-003,1617.303300,2.4190E-003
1617.553200,2.3860E-003,1617.553200,2.3860E-003
1617.803100,2.3580E-003,1617.803100,2.3580E-003
1618.053000,2.5190E-003,1618.053000,2.5190E-003
1618.302900,2.3410E-003,1618.302900,2.3410E-003
1618.552800,2.3860E-003,1618.552800,2.3860E-003
1618.802700,2.3350E-003,1618.802700,2.3350E-003
1619.052600,2.4120E-003,1619.052600,2.4120E-003
1619.302500,2.3650E-003,1619.302500,2.3650E-003
1619.552400,2.3360E-003,1619.552400,2.3360E-003
1619.802300,2.3920E-003,1619.802300,2.3920E-003
1620.052200,2.3980E-003,1620.052200,2.3980E-003
1620.302100,2.2550E-003,1620.302100,2.2550E-003
1620.552000,2.3360E-003,1620.552000,2.3360E-003
1620.801900,2.3550E-003,1620.801900,2.3550E-003
1621.051800,2.2510E-003,1621.051800,2.2510E-003
1621.301700,2.2290E-003,1621.301700,2.2290E-003
1621.551600,2.2100E-003,1621.551600,2.2100E-003
1621.801500,2.1730E-003,1621.801500,2.1730E-003
1622.051400,2.2900E-003,1622.051400,2.2900E-003
1622.301300,2.2400E-003,1622.301300,2.2400E-003
1622.551200,2.2140E-003,1622.551200,2.2140E-003
1622.801100,2.1480E-003,1622.801100,2.1480E-003
1623.051000,2.2210E-003,1623.051000,2.2210E-003
1623.300900,2.0720E-003,1623.300900,2.0720E-003
1623.550800,2.1280E-003,1623.550800,2.1280E-003
1623.800700,2.1520E-003,1623.800700,2.1520E-003
1624.050600,2.1210E-003,1624.050600,2.1210E-003
1624.300500,2.1250E-003,1624.300500,2.1250E-003
1624.550400,2.1760E-003,1624.550400,2.1760E-003
1624.800300,1.9530E-003,1624.800300,1.9530E-003
1625.050200,2.0020E-003,1625.050200,2.0020E-003
1625.300100,1.9930E-003,1625.300100,1.9930E-003
1625.550000,2.0460E-003,1625.550000,2.0460E-003
1625.799900,1.9860E-003,1625.799900,1.9860E-003
1626.049800,2.0130E-003,1626.049800,2.0130E-003
1626.299700,1.9760E-003,1626.299700,1.9760E-003
1626.549600,1.9570E-003,1626.549600,1.9570E-003
1626.799500,1.9640E-003,1626.799500,1.9640E-003
1627.049400,1.8930E-003,1627.049400,1.8930E-003
1627.299300,1.8690E-003,1627.299300,1.8690E-003
1627.549200,1.9110E-003,1627.549200,1.9110E-003
1627.799100,1.8520E-003,1627.799100,1.8520E-003
1628.049000,1.9120E-003,1628.049000,1.9120E-003
1628.298900,1.8840E-003,1628.298900,1.8840E-003
1628.548800,1.7840E-003,1628.548800,1.7840E-003
1628.798700,1.8060E-003,1628.798700,1.8060E-003
1629.048600,1.7800E-003,1629.048600,1.7800E-003
1629.298500,1.8310E-003,1629.298500,1.8310E-003
1629.548400,1.7960E-003,1629.548400,1.7960E-003
1629.798300,1.6750E-003,1629.798300,1.6750E-003
1630.048200,1.7790E-003,1630.048200,1.7790E-003
1630.298100,1.7850E-003,1630.298100,1.7850E-003
1630.548000,1.7840E-003,1630.548000,1.7840E-003
1630.797900,1.6480E-003,1630.797900,1.6480E-003
1631.047800,1.6730E-003,1631.047800,1.6730E-003
1631.297700,1.6710E-003,1631.297700,1.6710E-003
1631.547600,1.6610E-003,1631.547600,1.6610E-003
1631.797500,1.6300E-003,1631.797500,1.6300E-003
1632.047400,1.5950E-003,1632.047400,1.5950E-003
1632.297300,1.5600E-003,1632.297300,1.5600E-003
1632.547200,1.5630E-003,1632.547200,1.5630E-003
1632.797100,1.5240E-003,1632.797100,1.5240E-003
1633.047000,1.5030E-003,1633.047000,1.5030E-003
1633.296900,1.5150E-003,1633.296900,1.5150E-003
1633.546800,1.4670E-003,1633.546800,1.4670E-003
1633.796700,1.5020E-003,1633.796700,1.5020E-003
1634.046600,1.5220E-003,1634.046600,1.5220E-003
1634.296500,1.4280E-003,1634.296500,1.4280E-003
1634.546400,1.4490E-003,1634.546400,1.4490E-003
1634.796300,1.4550E-003,1634.796300,1.4550E-003
1635.046200,1.4140E-003,1635.046200,1.4140E-003
1635.296100,1.3950E-003,1635.296100,1.3950E-003
1635.546000,1.4190E-003,1635.546000,1.4190E-003
1635.795900,1.3890E-003,1635.795900,1.3890E-003
1636.045800,1.4130E-003,1636.045800,1.4130E-003
1636.295700,1.3410E-003,1636.295700,1.3410E-003
1636.545600,1.3330E-003,1636.545600,1.3330E-003
1636.795500,1.2960E-003,1636.795500,1.2960E-003
1637.045400,1.3300E-003,1637.045400,1.3300E-003
1637.295300,1.3040E-003,1637.295300,1.3040E-003
1637.545200,1.3040E-003,1637.545200,1.3040E-003
1637.795100,1.2730E-003,1637.795100,1.2730E-003
1638.045000,1.2590E-003,1638.045000,1.2590E-003
1638.294900,1.2860E-003,1638.294900,1.2860E-003
1638.544800,1.2810E-003,1638.544800,1.2810E-003
1638.794700,1.2430E-003,1638.794700,1.2430E-003
1639.044600,1.2290E-003,1639.044600,1.2290E-003
1639.294500,1.2250E-003,1639.294500,1.2250E-003
1639.544400,1.2050E-003,1639.544400,1.2050E-003
1639.794300,1.2000E-003,1639.794300,1.2000E-003
1640.044200,1.1970E-003,1640.044200,1.1970E-003
1640.294100,1.2220E-003,1640.294100,1.2220E-003
1640.544000,1.1680E-003,1640.544000,1.1680E-003
1640.793900,1.1590E-003,1640.793900,1.1590E-003
1641.043800,1.1700E-003,1641.043800,1.1700E-003
1641.293700,1.1350E-003,1641.293700,1.1350E-003
1641.543600,1.1370E-003,1641.543600,1.1370E-003
1641.793500,1.1420E-003,1641.793500,1.1420E-003
1642.043400,1.1070E-003,1642.043400,1.1070E-003
1642.293300,1.0890E-003,1642.293300,1.0890E-003
1642.543200,1.0880E-003,1642.543200,1.0880E-003
1642.793100,1.0960E-003,1642.793100,1.0960E-003
1643.043000,1.0880E-003,1643.043000,1.0880E-003
1643.292900,1.0840E-003,1643.292900,1.0840E-003
1643.542800,1.0460E-003,1643.542800,1.0460E-003
1643.792700,1.0570E-003,1643.792700,1.0570E-003
1644.042600,1.0290E-003,1644.042600,1.0290E-003
1644.292500,1.0370E-003,1644.292500,1.0370E-003
1644.542400,9.9860E-004,1644.542400,9.9860E-004
1644.792300,1.0230E-003,1644.792300,1.0230E-003
1645.042200,1.0140E-003,1645.042200,1.0140E-003
1645.292100,9.9330E-004,1645.292100,9.9330E-004
1645.542000,9.7140E-004,1645.542000,9.7140E-004
1645.791900,9.6990E-004,1645.791900,9.6990E-004
1646.041800,9.8670E-004,1646.041800,9.8670E-004
1646.291700,9.4830E-004,1646.291700,9.4830E-004
1646.541600,9.4610E-004,1646.541600,9.4610E-004
1646.791500,9.8560E-004,1646.791500,9.8560E-004
1647.041400,9.3410E-004,1647.041400,9.3410E-004
1647.291300,9.0650E-004,1647.291300,9.0650E-004
1647.541200,9.1830E-004,1647.541200,9.1830E-004
1647.791100,9.0190E-004,1647.791100,9.0190E-004
1648.041000,9.1780E-004,1648.041000,9.1780E-004
1648.290900,8.8600E-004,1648.290900,8.8600E-004
1648.540800,8.7640E-004,1648.540800,8.7640E-004
1648.790700,8.8040E-004,1648.790700,8.8040E-004
1649.040600,8.7950E-004,1649.040600,8.7950E-004
1649.290500,8.6300E-004,1649.290500,8.6300E-004
1649.540400,8.3520E-004,1649.540400,8.3520E-004
1649.790300,8.5300E-004,1649.790300,8.5300E-004
1650.040200,8.4110E-004,1650.040200,8.4110E-004
1650.290100,8.2690E-004,1650.290100,8.2690E-004
1650.540000,8.0290E-004,1650.540000,8.0290E-004
1650.789900,7.8990E-004,1650.789900,7.8990E-004
1651.039800,8.0190E-004,1651.039800,8.0190E-004
1651.289700,7.9160E-004,1651.289700,7.9160E-004
1651.539600,7.6620E-004,1651.539600,7.6620E-004
1651.789500,7.8270E-004,1651.789500,7.8270E-004
1652.039400,7.6530E-004,1652.039400,7.6530E-004
1652.289300,7.6400E-004,1652.289300,7.6400E-004
1652.539200,7.4150E-004,1652.539200,7.4150E-004
1652.789100,7.4040E-004,1652.789100,7.4040E-004
1653.039000,7.0840E-004,1653.039000,7.0840E-004
1653.288900,7.2000E-004,1653.288900,7.2000E-004
1653.538800,7.0770E-004,1653.538800,7.0770E-004
1653.788700,7.0450E-004,1653.788700,7.0450E-004
1654.038600,6.9400E-004,1654.038600,6.9400E-004
1654.288500,6.7690E-004,1654.288500,6.7690E-004
1654.538400,7.0450E-004,1654.538400,7.0450E-004
1654.788300,6.6280E-004,1654.788300,6.6280E-004
1655.038200,6.7080E-004,1655.038200,6.7080E-004
1655.288100,6.6960E-004,1655.288100,6.6960E-004
1655.538000,6.6130E-004,1655.538000,6.6130E-004
1655.787900,6.5240E-004,1655.787900,6.5240E-004
1656.037800,6.6670E-004,1656.037800,6.6670E-004
1656.287700,6.4710E-004,1656.287700,6.4710E-004
1656.537600,6.3470E-004,1656.537600,6.3470E-004
1656.787500,6.4230E-004,1656.787500,6.4230E-004
1657.037400,6.2160E-004,1657.037400,6.2160E-004
1657.287300,6.3140E-004,1657.287300,6.3140E-004
1657.537200,6.5520E-004,1657.537200,6.5520E-004
1657.787100,6.2530E-004,1657.787100,6.2530E-004
1658.037000,6.0360E-004,1658.037000,6.0360E-004
1658.286900,5.9350E-004,1658.286900,5.9350E-004
1658.536800,6.0010E-004,1658.536800,6.0010E-004
1658.786700,5.8140E-004,1658.786700,5.8140E-004
1659.036600,5.9050E-004,1659.036600,5.9050E-004
1659.286500,5.7240E-004,1659.286500,5.7240E-004
1659.536400,5.7820E-004,1659.536400,5.7820E-004
1659.786300,5.6070E-004,1659.786300,5.6070E-004
1660.036200,5.6010E-004,1660.036200,5.6010E-004
1660.286100,5.4840E-004,1660.286100,5.4840E-004
1660.536000,5.4810E-004,1660.536000,5.4810E-004
1660.785900,5.4090E-004,1660.785900,5.4090E-004
1661.035800,5.4140E-004,1661.035800,5.4140E-004
1661.285700,5.3420E-004,1661.285700,5.3420E-004
1661.535600,5.5990E-004,1661.535600,5.5990E-004
1661.785500,5.2480E-004,1661.785500,5.2480E-004
1662.035400,5.2770E-004,1662.035400,5.2770E-004
1662.285300,5.0780E-004,1662.285300,5.0780E-004
1662.535200,4.8800E-004,1662.535200,4.8800E-004
1662.785100,5.1970E-004,1662.785100,5.1970E-004
1663.035000,5.0670E-004,1663.035000,5.0670E-004
1663.284900,5.0590E-004,1663.284900,5.0590E-004
1663.534800,4.9450E-004,1663.534800,4.9450E-004
1663.784700,5.0790E-004,1663.784700,5.0790E-004
1664.034600,4.9280E-004,1664.034600,4.9280E-004
1664.284500,4.7220E-004,1664.284500,4.7220E-004
1664.534400,4.7060E-004,1664.534400,4.7060E-004
1664.784300,4.6510E-004,1664.784300,4.6510E-004
1665.034200,4.6760E-004,1665.034200,4.6760E-004
1665.284100,4.7470E-004,1665.284100,4.7470E-004
1665.534000,4.6580E-004,1665.534000,4.6580E-004
1665.783900,4.6620E-004,1665.783900,4.6620E-004
1666.033800,4.7820E-004,1666.033800,4.7820E-004
1666.283700,4.5210E-004,1666.283700,4.5210E-004
1666.533600,4.5640E-004,1666.533600,4.5640E-004
1666.783500,4.3280E-004,1666.783500,4.3280E-004
1667.033400,4.5230E-004,1667.033400,4.5230E-004
1667.283300,4.2260E-004,1667.283300,4.2260E-004
1667.533200,4.2730E-004,1667.533200,4.2730E-004
1667.783100,4.2580E-004,1667.783100,4.2580E-004
1668.033000,4.2950E-004,1668.033000,4.2950E-004
1668.282900,4.3860E-004,1668.282900,4.3860E-004
1668.532800,4.1100E-004,1668.532800,4.1100E-004
1668.782700,4.1660E-004,1668.782700,4.1660E-004
1669.032600,4.1240E-004,1669.032600,4.1240E-004
1669.282500,4.1280E-004,1669.282500,4.1280E-004
1669.532400,4.0020E-004,1669.532400,4.0020E-004
1669.782300,3.8640E-004,1669.782300,3.8640E-004
1670.032200,3.8840E-004,1670.032200,3.8840E-004
1670.282100,3.8860E-004,1670.282100,3.8860E-004
1670.532000,3.8450E-004,1670.532000,3.8450E-004
1670.781900,3.9060E-004,1670.781900,3.9060E-004
1671.031800,3.7270E-004,1671.031800,3.7270E-004
1671.281700,3.6900E-004,1671.281700,3.6900E-004
1671.531600,3.5500E-004,1671.531600,3.5500E-004
1671.781500,3.5960E-004,1671.781500,3.5960E-004
1672.031400,3.5980E-004,1672.031400,3.5980E-004
1672.281300,3.6260E-004,1672.281300,3.6260E-004
1672.531200,3.7100E-004,1672.531200,3.7100E-004
1672.781100,3.5230E-004,1672.781100,3.5230E-004
1673.031000,3.4820E-004,1673.031000,3.4820E-004
1673.280900,3.4220E-004,1673.280900,3.4220E-004
1673.530800,3.3910E-004,1673.530800,3.3910E-004
1673.780700,3.3910E-004,1673.780700,3.3910E-004
1674.030600,3.3470E-004,1674.030600,3.3470E-004
1674.280500,3.3690E-004,1674.280500,3.3690E-004
1674.530400,3.3630E-004,1674.530400,3.3630E-004
1674.780300,3.3460E-004,1674.780300,3.3460E-004
1675.030200,3.2080E-004,1675.030200,3.2080E-004
1675.280100,3.1660E-004,1675.280100,3.1660E-004
1675.530000,3.2290E-004,1675.530000,3.2290E-004
1675.779900,3.1200E-004,1675.779900,3.1200E-004
1676.029800,3.2350E-004,1676.029800,3.2350E-004
1676.279700,3.0990E-004,1676.279700,3.0990E-004
1676.529600,3.1240E-004,1676.529600,3.1240E-004
1676.779500,3.0400E-004,1676.779500,3.0400E-004
1677.029400,2.9560E-004,1677.029400,2.9560E-004
1677.279300,3.0050E-004,1677.279300,3.0050E-004
1677.529200,3.0590E-004,1677.529200,3.0590E-004
1677.779100,2.8690E-004,1677.779100,2.8690E-004
1678.029000,2.9370E-004,1678.029000,2.9370E-004
1678.278900,2.8290E-004,1678.278900,2.8290E-004
1678.528800,2.9610E-004,1678.528800,2.9610E-004
1678.778700,2.9200E-004,1678.778700,2.9200E-004
1679.028600,2.7860E-004,1679.028600,2.7860E-004
1679.278500,2.7230E-004,1679.278500,2.7230E-004
1679.528400,2.6890E-004,1679.528400,2.6890E-004
1679.778300,2.7460E-004,1679.778300,2.7460E-004
1680.028200,2.7370E-004,1680.028200,2.7370E-004
1680.278100,2.6820E-004,1680.278100,2.6820E-004
1680.528000,2.5960E-004,1680.528000,2.5960E-004
1680.777900,2.5820E-004,1680.777900,2.5820E-004
1681.027800,2.6460E-004,1681.027800,2.6460E-004
1681.277700,2.5580E-004,1681.277700,2.5580E-004
1681.527600,2.6460E-004,1681.527600,2.6460E-004
1681.777500,2.5860E-004,1681.777500,2.5860E-004
1682.027400,2.5720E-004,1682.027400,2.5720E-004
1682.277300,2.5530E-004,1682.277300,2.5530E-004
1682.527200,2.5030E-004,1682.527200,2.5030E-004
1682.777100,2.5120E-004,1682.777100,2.5120E-004
1683.027000,2.4820E-004,1683.027000,2.4820E-004
1683.276900,2.5330E-004,1683.276900,2.5330E-004
1683.526800,2.4520E-004,1683.526800,2.4520E-004
1683.776700,2.4090E-004,1683.776700,2.4090E-004
1684.026600,2.4060E-004,1684.026600,2.4060E-004
1684.276500,2.3150E-004,1684.276500,2.3150E-004
1684.526400,2.2700E-004,1684.526400,2.2700E-004
1684.776300,2.3360E-004,1684.776300,2.3360E-004
1685.026200,2.3290E-004,1685.026200,2.3290E-004
1685.276100,2.3210E-004,1685.276100,2.3210E-004
1685.526000,2.2820E-004,1685.526000,2.2820E-004
1685.775900,2.2320E-004,1685.775900,2.2320E-004
1686.025800,2.1640E-004,1686.025800,2.1640E-004
1686.275700,2.3190E-004,1686.275700,2.3190E-004
1686.525600,2.2620E-004,1686.525600,2.2620E-004
1686.775500,2.1490E-004,1686.775500,2.1490E-004
1687.025400,2.2380E-004,1687.025400,2.2380E-004
1687.275300,2.2120E-004,1687.275300,2.2120E-004
1687.525200,2.1680E-004,1687.525200,2.1680E-004
1687.775100,2.1510E-004,1687.775100,2.1510E-004
1688.025000,2.1510E-004,1688.025000,2.1510E-004
1688.274900,2.1240E-004,1688.274900,2.1240E-004
1688.524800,2.0690E-004,1688.524800,2.0690E-004
1688.774700,2.1760E-004,1688.774700,2.1760E-004
1689.024600,2.0690E-004,1689.024600,2.0690E-004
1689.274500,2.1690E-004,1689.274500,2.1690E-004
1689.524400,2.1500E-004,1689.524400,2.1500E-004
1689.774300,2.0310E-004,1689.774300,2.0310E-004
1690.024200,2.0240E-004,1690.024200,2.0240E-004
1690.274100,1.9600E-004,1690.274100,1.9600E-004
1690.524000,2.0200E-004,1690.524000,2.0200E-004
1690.773900,2.0040E-004,1690.773900,2.0040E-004
1691.023800,1.9770E-004,1691.023800,1.9770E-004
1691.273700,1.9750E-004,1691.273700,1.9750E-004
1691.523600,1.9480E-004,1691.523600,1.9480E-004
1691.773500,2.0020E-004,1691.773500,2.0020E-004
1692.023400,1.9050E-004,1692.023400,1.9050E-004
1692.273300,1.9910E-004,1692.273300,1.9910E-004
1692.523200,1.8890E-004,1692.523200,1.8890E-004
1692.773100,1.9310E-004,1692.773100,1.9310E-004
1693.023000,1.9330E-004,1693.023000,1.9330E-004
1693.272900,1.9020E-004,1693.272900,1.9020E-004
1693.522800,1.8600E-004,1693.522800,1.8600E-004
1693.772700,1.8520E-004,1693.772700,1.8520E-004
1694.022600,1.8070E-004,1694.022600,1.8070E-004
1694.272500,1.8390E-004,1694.272500,1.8390E-004
1694.522400,1.7850E-004,1694.522400,1.7850E-004
1694.772300,1.8760E-004,1694.772300,1.8760E-004
1695.022200,1.8040E-004,1695.022200,1.8040E-004
1695.272100,1.8620E-004,1695.272100,1.8620E-004
1695.522000,1.7240E-004,1695.522000,1.7240E-004
1695.771900,1.7890E-004,1695.771900,1.7890E-004
1696.021800,1.7900E-004,1696.021800,1.7900E-004
1696.271700,1.7170E-004,1696.271700,1.7170E-004
1696.521600,1.7080E-004,1696.521600,1.7080E-004
1696.771500,1.7220E-004,1696.771500,1.7220E-004
1697.021400,1.7410E-004,1697.021400,1.7410E-004
1697.271300,1.7080E-004,1697.271300,1.7080E-004
1697.521200,1.5840E-004,1697.521200,1.5840E-004
1697.771100,1.5950E-004,1697.771100,1.5950E-004
1698.021000,1.6950E-004,1698.021000,1.6950E-004
1698.270900,1.6390E-004,1698.270900,1.6390E-004
1698.520800,1.5650E-004,1698.520800,1.5650E-004
1698.770700,1.7770E-004,1698.770700,1.7770E-004
1699.020600,1.6030E-004,1699.020600,1.6030E-004
1699.270500,1.6550E-004,1699.270500,1.6550E-004
1699.520400,1.6290E-004,1699.520400,1.6290E-004
1699.770300,1.6350E-004,1699.770300,1.6350E-004
1700.020200,1.6130E-004,1700.020200,1.6130E-004
1700.270100,1.6430E-004,1700.270100,1.6430E-004
1700.520000,1.5900E-004,1700.520000,1.5900E-004
1700.769900,1.5670E-004,1700.769900,1.5670E-004
1701.019800,1.5840E-004,1701.019800,1.5840E-004
1701.269700,1.5010E-004,1701.269700,1.5010E-004
1701.519600,1.5060E-004,1701.519600,1.5060E-004
1701.769500,1.4880E-004,1701.769500,1.4880E-004
1702.019400,1.5070E-004,1702.019400,1.5070E-004
1702.269300,1.5010E-004,1702.269300,1.5010E-004
1702.519200,1.5010E-004,1702.519200,1.5010E-004
1702.769100,1.5520E-004,1702.769100,1.5520E-004
1703.019000,1.4200E-004,1703.019000,1.4200E-004
1703.268900,1.3570E-004,1703.268900,1.3570E-004
1703.518800,1.4410E-004,1703.518800,1.4410E-004
1703.768700,1.4560E-004,1703.768700,1.4560E-004
1704.018600,1.4040E-004,1704.018600,1.4040E-004
1704.268500,1.4940E-004,1704.268500,1.4940E-004
1704.518400,1.3830E-004,1704.518400,1.3830E-004
1704.768300,1.3650E-004,1704.768300,1.3650E-004
1705.018200,1.3330E-004,1705.018200,1.3330E-004
1705.268100,1.3410E-004,1705.268100,1.3410E-004
1705.518000,1.3550E-004,1705.518000,1.3550E-004
1705.767900,1.3340E-004,1705.767900,1.3340E-004
1706.017800,1.3520E-004,1706.017800,1.3520E-004
1706.267700,1.2720E-004,1706.267700,1.2720E-004
1706.517600,1.3080E-004,1706.517600,1.3080E-004
1706.767500,1.3590E-004,1706.767500,1.3590E-004
1707.017400,1.3220E-004,1707.017400,1.3220E-004
1707.267300,1.3090E-004,1707.267300,1.3090E-004
1707.517200,1.2690E-004,1707.517200,1.2690E-004
1707.767100,1.2940E-004,1707.767100,1.2940E-004
1708.017000,1.2860E-004,1708.017000,1.2860E-004
1708.266900,1.2460E-004,1708.266900,1.2460E-004
1708.516800,1.2900E-004,1708.516800,1.2900E-004
1708.766700,1.1940E-004,1708.766700,1.1940E-004
1709.016600,1.1990E-004,1709.016600,1.1990E-004
1709.266500,1.1910E-004,1709.266500,1.1910E-004
1709.516400,1.1760E-004,1709.516400,1.1760E-004
1709.766300,1.1730E-004,1709.766300,1.1730E-004
1710.016200,1.1350E-004,1710.016200,1.1350E-004
1710.266100,1.1780E-004,1710.266100,1.1780E-004
1710.516000,1.1500E-004,1710.516000,1.1500E-004
1710.765900,1.1400E-004,1710.765900,1.1400E-004
1711.015800,1.1910E-004,1711.015800,1.1910E-004
1711.265700,1.1080E-004,1711.265700,1.1080E-004
1711.515600,1.1380E-004,1711.515600,1.1380E-004
1711.765500,1.0990E-004,1711.765500,1.0990E-004
1712.015400,1.0790E-004,1712.015400,1.0790E-004
1712.265300,1.0990E-004,1712.265300,1.0990E-004
1712.515200,1.1140E-004,1712.515200,1.1140E-004
1712.765100,1.0670E-004,1712.765100,1.0670E-004
1713.015000,1.0320E-004,1713.015000,1.0320E-004
1713.264900,1.0460E-004,1713.264900,1.0460E-004
1713.514800,1.0150E-004,1713.514800,1.0150E-004
1713.764700,1.0460E-004,1713.764700,1.0460E-004
1714.014600,1.0060E-004,1714.014600,1.0060E-004
1714.264500,1.0030E-004,1714.264500,1.0030E-004
1714.514400,9.3880E-005,1714.514400,9.3880E-005
1714.764300,9.7670E-005,1714.764300,9.7670E-005
1715.014200,9.6440E-005,1715.014200,9.6440E-005
1715.264100,9.9230E-005,1715.264100,9.9230E-005
1715.514000,9.6510E-005,1715.514000,9.6510E-005
1715.763900,9.5390E-005,1715.763900,9.5390E-005
1716.013800,9.4900E-005,1716.013800,9.4900E-005
1716.263700,9.4740E-005,1716.263700,9.4740E-005
1716.513600,9.5390E-005,1716.513600,9.5390E-005
1716.763500,9.3870E-005,1716.763500,9.3870E-005
1717.013400,9.3450E-005,1717.013400,9.3450E-005
1717.263300,8.7900E-005,1717.263300,8.7900E-005
1717.513200,9.1030E-005,1717.513200,9.1030E-005
1717.763100,9.2590E-005,1717.763100,9.2590E-005
1718.013000,9.0420E-005,1718.013000,9.0420E-005
1718.262900,9.2180E-005,1718.262900,9.2180E-005
1718.512800,8.9460E-005,1718.512800,8.9460E-005
1718.762700,8.9560E-005,1718.762700,8.9560E-005
1719.012600,8.5930E-005,1719.012600,8.5930E-005
1719.262500,8.8470E-005,1719.262500,8.8470E-005
1719.512400,8.6860E-005,1719.512400,8.6860E-005
1719.762300,8.6220E-005,1719.762300,8.6220E-005
1720.012200,8.5080E-005,1720.012200,8.5080E-005
1720.262100,8.9180E-005,1720.262100,8.9180E-005
1720.512000,8.7230E-005,1720.512000,8.7230E-005
1720.761900,8.4840E-005,1720.761900,8.4840E-005
1721.011800,8.1370E-005,1721.011800,8.1370E-005
1721.261700,8.1010E-005,1721.261700,8.1010E-005
1721.511600,8.3120E-005,1721.511600,8.3120E-005
1721.761500,8.1560E-005,1721.761500,8.1560E-005
1722.011400,8.0420E-005,1722.011400,8.0420E-005
1722.261300,8.1010E-005,1722.261300,8.1010E-005
1722.511200,7.8790E-005,1722.511200,7.8790E-005
1722.761100,8.2250E-005,1722.761100,8.2250E-005
1723.011000,8.0100E-005,1723.011000,8.0100E-005
1723.260900,7.7870E-005,1723.260900,7.7870E-005
1723.510800,7.9640E-005,1723.510800,7.9640E-005
1723.760700,7.7060E-005,1723.760700,7.7060E-005
1724.010600,7.3280E-005,1724.010600,7.3280E-005
1724.260500,7.6360E-005,1724.260500,7.6360E-005
1724.510400,7.9070E-005,1724.510400,7.9070E-005
1724.760300,7.8570E-005,1724.760300,7.8570E-005
1725.010200,7.6470E-005,1725.010200,7.6470E-005
1725.260100,7.6910E-005,1725.260100,7.6910E-005
1725.510000,7.5380E-005,1725.510000,7.5380E-005
1725.759900,7.6240E-005,1725.759900,7.6240E-005
1726.009800,7.2110E-005,1726.009800,7.2110E-005
1726.259700,7.4360E-005,1726.259700,7.4360E-005
1726.509600,7.1820E-005,1726.509600,7.1820E-005
1726.759500,7.2220E-005,1726.759500,7.2220E-005
1727.009400,7.2290E-005,1727.009400,7.2290E-005
1727.259300,7.4090E-005,1727.259300,7.4090E-005
1727.509200,7.5320E-005,1727.509200,7.5320E-005
1727.759100,6.9750E-005,1727.759100,6.9750E-005
1728.009000,7.1510E-005,1728.009000,7.1510E-005
1728.258900,7.2440E-005,1728.258900,7.2440E-005
1728.508800,7.1810E-005,1728.508800,7.1810E-005
1728.758700,6.6740E-005,1728.758700,6.6740E-005
1729.008600,6.8900E-005,1729.008600,6.8900E-005
1729.258500,6.8260E-005,1729.258500,6.8260E-005
1729.508400,6.8520E-005,1729.508400,6.8520E-005
1729.758300,6.8610E-005,1729.758300,6.8610E-005
1730.008200,6.5410E-005,1730.008200,6.5410E-005
1730.258100,6.8910E-005,1730.258100,6.8910E-005
1730.508000,6.5720E-005,1730.508000,6.5720E-005
1730.757900,6.7140E-005,1730.757900,6.7140E-005
1731.007800,6.7530E-005,1731.007800,6.7530E-005
1731.257700,6.5660E-005,1731.257700,6.5660E-005
1731.507600,6.3520E-005,1731.507600,6.3520E-005
1731.757500,6.7220E-005,1731.757500,6.7220E-005
1732.007400,6.5920E-005,1732.007400,6.5920E-005
1732.257300,6.3400E-005,1732.257300,6.3400E-005
1732.507200,6.1970E-005,1732.507200,6.1970E-005
1732.757100,6.2560E-005,1732.757100,6.2560E-005
1733.007000,6.4490E-005,1733.007000,6.4490E-005
1733.256900,6.1510E-005,1733.256900,6.1510E-005
1733.506800,5.9300E-005,1733.506800,5.9300E-005
1733.756700,6.1550E-005,1733.756700,6.1550E-005
1734.006600,6.1110E-005,1734.006600,6.1110E-005
1734.256500,6.0660E-005,1734.256500,6.0660E-005
1734.506400,6.2610E-005,1734.506400,6.2610E-005
1734.756300,5.9760E-005,1734.756300,5.9760E-005
1735.006200,5.9470E-005,1735.006200,5.9470E-005
1735.256100,5.8630E-005,1735.256100,5.8630E-005
1735.506000,6.0220E-005,1735.506000,6.0220E-005
1735.755900,5.7190E-005,1735.755900,5.7190E-005
1736.005800,5.6860E-005,1736.005800,5.6860E-005
1736.255700,6.1240E-005,1736.255700,6.1240E-005
1736.505600,5.8150E-005,1736.505600,5.8150E-005
1736.755500,5.5730E-005,1736.755500,5.5730E-005
1737.005400,5.6740E-005,1737.005400,5.6740E-005
1737.255300,5.5110E-005,1737.255300,5.5110E-005
1737.505200,5.3490E-005,1737.505200,5.3490E-005
1737.755100,5.3210E-005,1737.755100,5.3210E-005
1738.005000,5.4440E-005,1738.005000,5.4440E-005
1738.254900,5.2790E-005,1738.254900,5.2790E-005
1738.504800,5.8280E-005,1738.504800,5.8280E-005
1738.754700,5.4530E-005,1738.754700,5.4530E-005
1739.004600,5.2040E-005,1739.004600,5.2040E-005
1739.254500,5.0820E-005,1739.254500,5.0820E-005
1739.504400,5.2560E-005,1739.504400,5.2560E-005
1739.754300,4.8900E-005,1739.754300,4.8900E-005
1740.004200,5.4330E-005,1740.004200,5.4330E-005
1740.254100,5.1770E-005,1740.254100,5.1770E-005
1740.504000,5.1510E-005,1740.504000,5.1510E-005
1740.753900,5.1220E-005,1740.753900,5.1220E-005
1741.003800,4.9200E-005,1741.003800,4.9200E-005
1741.253700,4.6690E-005,1741.253700,4.6690E-005
1741.503600,4.7560E-005,1741.503600,4.7560E-005
1741.753500,4.9660E-005,1741.753500,4.9660E-005
1742.003400,4.9860E-005,1742.003400,4.9860E-005
1742.253300,4.5840E-005,1742.253300,4.5840E-005
1742.503200,4.7980E-005,1742.503200,4.7980E-005
1742.753100,4.6020E-005,1742.753100,4.6020E-005
1743.003000,4.7370E-005,1743.003000,4.7370E-005
1743.252900,4.5250E-005,1743.252900,4.5250E-005
1743.502800,4.5750E-005,1743.502800,4.5750E-005
1743.752700,4.2760E-005,1743.752700,4.2760E-005
1744.002600,4.5340E-005,1744.002600,4.5340E-005
1744.252500,4.2260E-005,1744.252500,4.2260E-005
1744.502400,4.4230E-005,1744.502400,4.4230E-005
1744.752300,4.2960E-005,1744.752300,4.2960E-005
1745.002200,4.2380E-005,1745.002200,4.2380E-005
1745.252100,3.9250E-005,1745.252100,3.9250E-005
1745.502000,3.9270E-005,1745.502000,3.9270E-005
1745.751900,4.3230E-005,1745.751900,4.3230E-005
1746.001800,3.8900E-005,1746.001800,3.8900E-005
1746.251700,3.7540E-005,1746.251700,3.7540E-005
1746.501600,3.9050E-005,1746.501600,3.9050E-005
1746.751500,3.9150E-005,1746.751500,3.9150E-005
1747.001400,3.7570E-005,1747.001400,3.7570E-005
1747.251300,3.4810E-005,1747.251300,3.4810E-005
1747.501200,3.8000E-005,1747.501200,3.8000E-005
1747.751100,3.5190E-005,1747.751100,3.5190E-005
1748.001000,3.3330E-005,1748.001000,3.3330E-005
1748.250900,3.1130E-005,1748.250900,3.1130E-005
1748.500800,3.3760E-005,1748.500800,3.3760E-005
1748.750700,3.2340E-005,1748.750700,3.2340E-005
1749.000600,3.3110E-005,1749.000600,3.3110E-005
1749.250500,3.0130E-005,1749.250500,3.0130E-005
1749.500400,3.2210E-005,1749.500400,3.2210E-005
1749.750300,2.9220E-005,1749.750300,2.9220E-005
1750.000200,2.9910E-005,1750.000200,2.9910E-005
1750.250100,1.0000E-012,1750.250100,1.0000E-012
1750.500000,1.0000E-012,1750.500000,1.0000E-012
