File,WaveData20221121_037.csv,
Date/Time,22-11-21/20:17,

Trace,A
Center Wavelength,1527.6,nm
Span Wavelength,200,nm
Start Wavelength,1427.6,nm
Stop Wavelength,1627.6,nm
Value In Air/Vacuum,Vacuum,
Optical Attenuater,Off,
Resolution,0.07,nm
Actual Resolution,0.060,nm
VBW,1000,Hz
Point Average,Off,
Sweep Average,1,
Smooth,Off,
Sampling Points,2001,pt
Trace Type,Write,
Trace Storage Mode,Off,
Trace Calculate Trace 1,-,
Trace Calculate Trace 2,-,
Dynamic Range,Normal,
Ext-Trigger,Off,
Interval Time,Off,
MM Mode,Off,
Start,1427.6,nm
Stop,1627.6,nm

Wavelength(A),Level(A)
1427.600000,2.0080E-007
1427.700000,1.6230E-007
1427.800000,1.5550E-007
1427.900000,1.5840E-007
1428.000000,1.6850E-007
1428.100000,1.7580E-007
1428.200000,1.4860E-007
1428.300000,1.7860E-007
1428.400000,1.9150E-007
1428.500000,1.5950E-007
1428.600000,1.4460E-007
1428.700000,1.6360E-007
1428.800000,1.7800E-007
1428.900000,1.7020E-007
1429.000000,1.7560E-007
1429.100000,1.6780E-007
1429.200000,1.6610E-007
1429.300000,1.5400E-007
1429.400000,1.8330E-007
1429.500000,1.7080E-007
1429.600000,1.6390E-007
1429.700000,2.2370E-007
1429.800000,1.8020E-007
1429.900000,1.8850E-007
1430.000000,1.3980E-007
1430.100000,1.4900E-007
1430.200000,1.5150E-007
1430.300000,1.9430E-007
1430.400000,1.8480E-007
1430.500000,1.9110E-007
1430.600000,1.6970E-007
1430.700000,1.8910E-007
1430.800000,1.4660E-007
1430.900000,1.5630E-007
1431.000000,2.0930E-007
1431.100000,1.8620E-007
1431.200000,1.9730E-007
1431.300000,2.1540E-007
1431.400000,1.5970E-007
1431.500000,1.9370E-007
1431.600000,1.7840E-007
1431.700000,1.8100E-007
1431.800000,1.9200E-007
1431.900000,1.7850E-007
1432.000000,1.4030E-007
1432.100000,2.0870E-007
1432.200000,1.7740E-007
1432.300000,2.2310E-007
1432.400000,1.6870E-007
1432.500000,1.7740E-007
1432.600000,1.7720E-007
1432.700000,1.7950E-007
1432.800000,1.3810E-007
1432.900000,1.7760E-007
1433.000000,1.5200E-007
1433.100000,1.6760E-007
1433.200000,1.5570E-007
1433.300000,1.8680E-007
1433.400000,2.0150E-007
1433.500000,1.7880E-007
1433.600000,1.6750E-007
1433.700000,1.7920E-007
1433.800000,2.0820E-007
1433.900000,1.8840E-007
1434.000000,1.9240E-007
1434.100000,2.0160E-007
1434.200000,1.8030E-007
1434.300000,1.9910E-007
1434.400000,2.0050E-007
1434.500000,1.7520E-007
1434.600000,1.5960E-007
1434.700000,2.2570E-007
1434.800000,1.5690E-007
1434.900000,1.6070E-007
1435.000000,1.8030E-007
1435.100000,1.9590E-007
1435.200000,1.7430E-007
1435.300000,1.9100E-007
1435.400000,1.6620E-007
1435.500000,1.7500E-007
1435.600000,1.9600E-007
1435.700000,1.6570E-007
1435.800000,1.7180E-007
1435.900000,1.8030E-007
1436.000000,1.7290E-007
1436.100000,2.0990E-007
1436.200000,1.9890E-007
1436.300000,1.7850E-007
1436.400000,1.7770E-007
1436.500000,2.0200E-007
1436.600000,1.7850E-007
1436.700000,1.8520E-007
1436.800000,1.6240E-007
1436.900000,2.1040E-007
1437.000000,1.6510E-007
1437.100000,2.0090E-007
1437.200000,1.8960E-007
1437.300000,1.8620E-007
1437.400000,2.1470E-007
1437.500000,1.8880E-007
1437.600000,1.9180E-007
1437.700000,1.7510E-007
1437.800000,1.7950E-007
1437.900000,1.8300E-007
1438.000000,1.9720E-007
1438.100000,1.9220E-007
1438.200000,1.8710E-007
1438.300000,1.7230E-007
1438.400000,1.8230E-007
1438.500000,2.0430E-007
1438.600000,1.8410E-007
1438.700000,1.7870E-007
1438.800000,2.1490E-007
1438.900000,2.2650E-007
1439.000000,1.9820E-007
1439.100000,2.1420E-007
1439.200000,2.3300E-007
1439.300000,1.9470E-007
1439.400000,2.0780E-007
1439.500000,1.9890E-007
1439.600000,1.9270E-007
1439.700000,2.1590E-007
1439.800000,2.0650E-007
1439.900000,2.0810E-007
1440.000000,2.1110E-007
1440.100000,2.1250E-007
1440.200000,1.9100E-007
1440.300000,2.2450E-007
1440.400000,1.9300E-007
1440.500000,2.0280E-007
1440.600000,1.9920E-007
1440.700000,1.9590E-007
1440.800000,2.1440E-007
1440.900000,1.8740E-007
1441.000000,2.0650E-007
1441.100000,2.4180E-007
1441.200000,2.2930E-007
1441.300000,2.0030E-007
1441.400000,2.2220E-007
1441.500000,1.9440E-007
1441.600000,1.9390E-007
1441.700000,1.8400E-007
1441.800000,2.0040E-007
1441.900000,2.0340E-007
1442.000000,1.7510E-007
1442.100000,2.4710E-007
1442.200000,2.2150E-007
1442.300000,2.2740E-007
1442.400000,2.1210E-007
1442.500000,1.8100E-007
1442.600000,2.0280E-007
1442.700000,2.0740E-007
1442.800000,2.0430E-007
1442.900000,2.1660E-007
1443.000000,2.1040E-007
1443.100000,1.6730E-007
1443.200000,2.0380E-007
1443.300000,1.9400E-007
1443.400000,2.3880E-007
1443.500000,2.0000E-007
1443.600000,2.1980E-007
1443.700000,1.8740E-007
1443.800000,2.1000E-007
1443.900000,1.9580E-007
1444.000000,2.3580E-007
1444.100000,1.9270E-007
1444.200000,2.3340E-007
1444.300000,2.2950E-007
1444.400000,2.3020E-007
1444.500000,1.9220E-007
1444.600000,2.1590E-007
1444.700000,2.0440E-007
1444.800000,2.2710E-007
1444.900000,2.4070E-007
1445.000000,2.1060E-007
1445.100000,2.3000E-007
1445.200000,1.9250E-007
1445.300000,1.9770E-007
1445.400000,2.3790E-007
1445.500000,2.1410E-007
1445.600000,2.3400E-007
1445.700000,2.1910E-007
1445.800000,2.0740E-007
1445.900000,1.8040E-007
1446.000000,2.2400E-007
1446.100000,2.4950E-007
1446.200000,2.1640E-007
1446.300000,2.3470E-007
1446.400000,2.2830E-007
1446.500000,2.2480E-007
1446.600000,2.1800E-007
1446.700000,2.3580E-007
1446.800000,2.1020E-007
1446.900000,2.2710E-007
1447.000000,2.2930E-007
1447.100000,2.4710E-007
1447.200000,2.1980E-007
1447.300000,2.6410E-007
1447.400000,2.3330E-007
1447.500000,2.3780E-007
1447.600000,2.3670E-007
1447.700000,2.0960E-007
1447.800000,2.0350E-007
1447.900000,2.5070E-007
1448.000000,2.1060E-007
1448.100000,2.3510E-007
1448.200000,2.0920E-007
1448.300000,2.2460E-007
1448.400000,2.2330E-007
1448.500000,2.1980E-007
1448.600000,2.3240E-007
1448.700000,2.3580E-007
1448.800000,2.1490E-007
1448.900000,2.4510E-007
1449.000000,2.6260E-007
1449.100000,2.5620E-007
1449.200000,2.2680E-007
1449.300000,2.4390E-007
1449.400000,2.4880E-007
1449.500000,2.1800E-007
1449.600000,2.2300E-007
1449.700000,2.3950E-007
1449.800000,2.1600E-007
1449.900000,2.3590E-007
1450.000000,2.4340E-007
1450.100000,2.5020E-007
1450.200000,2.2080E-007
1450.300000,2.2420E-007
1450.400000,2.2890E-007
1450.500000,2.4780E-007
1450.600000,2.3660E-007
1450.700000,2.5560E-007
1450.800000,2.1810E-007
1450.900000,2.3070E-007
1451.000000,2.7220E-007
1451.100000,2.1850E-007
1451.200000,2.5330E-007
1451.300000,2.5540E-007
1451.400000,2.3200E-007
1451.500000,2.5050E-007
1451.600000,2.4370E-007
1451.700000,2.1790E-007
1451.800000,2.0490E-007
1451.900000,2.3810E-007
1452.000000,2.4750E-007
1452.100000,2.8140E-007
1452.200000,2.5430E-007
1452.300000,2.2940E-007
1452.400000,2.6190E-007
1452.500000,2.4530E-007
1452.600000,2.3630E-007
1452.700000,2.4880E-007
1452.800000,2.5970E-007
1452.900000,2.5350E-007
1453.000000,2.5290E-007
1453.100000,2.5670E-007
1453.200000,2.4110E-007
1453.300000,2.5480E-007
1453.400000,2.5690E-007
1453.500000,2.7300E-007
1453.600000,2.6650E-007
1453.700000,2.4100E-007
1453.800000,2.6010E-007
1453.900000,3.0090E-007
1454.000000,2.6700E-007
1454.100000,2.6870E-007
1454.200000,2.3960E-007
1454.300000,2.3060E-007
1454.400000,2.7580E-007
1454.500000,2.6030E-007
1454.600000,2.5520E-007
1454.700000,2.8200E-007
1454.800000,2.4070E-007
1454.900000,2.4070E-007
1455.000000,2.5460E-007
1455.100000,2.3430E-007
1455.200000,2.5870E-007
1455.300000,2.5350E-007
1455.400000,2.8390E-007
1455.500000,2.6600E-007
1455.600000,2.8620E-007
1455.700000,2.5960E-007
1455.800000,2.7750E-007
1455.900000,2.9790E-007
1456.000000,2.7640E-007
1456.100000,2.6850E-007
1456.200000,2.9130E-007
1456.300000,2.8260E-007
1456.400000,2.6280E-007
1456.500000,2.7090E-007
1456.600000,2.7120E-007
1456.700000,2.9340E-007
1456.800000,2.7100E-007
1456.900000,2.6940E-007
1457.000000,2.6600E-007
1457.100000,2.9730E-007
1457.200000,2.7570E-007
1457.300000,2.6250E-007
1457.400000,2.6560E-007
1457.500000,2.8350E-007
1457.600000,2.6800E-007
1457.700000,2.7950E-007
1457.800000,2.5450E-007
1457.900000,2.6260E-007
1458.000000,2.4570E-007
1458.100000,2.7930E-007
1458.200000,2.7540E-007
1458.300000,2.5090E-007
1458.400000,2.8270E-007
1458.500000,2.7760E-007
1458.600000,2.8710E-007
1458.700000,2.5550E-007
1458.800000,2.5750E-007
1458.900000,3.3320E-007
1459.000000,2.6450E-007
1459.100000,2.8460E-007
1459.200000,2.8210E-007
1459.300000,2.6830E-007
1459.400000,2.7730E-007
1459.500000,2.9270E-007
1459.600000,2.7850E-007
1459.700000,2.7110E-007
1459.800000,2.8510E-007
1459.900000,2.7330E-007
1460.000000,2.8360E-007
1460.100000,3.0270E-007
1460.200000,3.1310E-007
1460.300000,3.0030E-007
1460.400000,2.5690E-007
1460.500000,2.7420E-007
1460.600000,3.3590E-007
1460.700000,3.2880E-007
1460.800000,2.6390E-007
1460.900000,3.2000E-007
1461.000000,2.6950E-007
1461.100000,2.8580E-007
1461.200000,2.7480E-007
1461.300000,2.7430E-007
1461.400000,3.0540E-007
1461.500000,2.9510E-007
1461.600000,3.2890E-007
1461.700000,2.9390E-007
1461.800000,3.0360E-007
1461.900000,2.6640E-007
1462.000000,3.2690E-007
1462.100000,2.7210E-007
1462.200000,2.8190E-007
1462.300000,3.3040E-007
1462.400000,3.2230E-007
1462.500000,3.0170E-007
1462.600000,3.0660E-007
1462.700000,3.4520E-007
1462.800000,3.4300E-007
1462.900000,2.8170E-007
1463.000000,3.4700E-007
1463.100000,2.7580E-007
1463.200000,3.0580E-007
1463.300000,2.9730E-007
1463.400000,3.2090E-007
1463.500000,2.8020E-007
1463.600000,3.1950E-007
1463.700000,2.9680E-007
1463.800000,2.8940E-007
1463.900000,3.0430E-007
1464.000000,3.2910E-007
1464.100000,3.0850E-007
1464.200000,3.2060E-007
1464.300000,3.3070E-007
1464.400000,3.0230E-007
1464.500000,3.1680E-007
1464.600000,3.1540E-007
1464.700000,3.2860E-007
1464.800000,3.1680E-007
1464.900000,3.0160E-007
1465.000000,3.2180E-007
1465.100000,2.7530E-007
1465.200000,3.3020E-007
1465.300000,3.0390E-007
1465.400000,2.8930E-007
1465.500000,2.9610E-007
1465.600000,3.0240E-007
1465.700000,2.8930E-007
1465.800000,3.1240E-007
1465.900000,3.1190E-007
1466.000000,3.1510E-007
1466.100000,3.5440E-007
1466.200000,3.0480E-007
1466.300000,3.0840E-007
1466.400000,3.0440E-007
1466.500000,3.0590E-007
1466.600000,3.2130E-007
1466.700000,3.1070E-007
1466.800000,3.2280E-007
1466.900000,3.2640E-007
1467.000000,3.0780E-007
1467.100000,3.1480E-007
1467.200000,3.5140E-007
1467.300000,3.2610E-007
1467.400000,3.2670E-007
1467.500000,3.3530E-007
1467.600000,3.2960E-007
1467.700000,3.4320E-007
1467.800000,3.3480E-007
1467.900000,3.4560E-007
1468.000000,3.2180E-007
1468.100000,3.2660E-007
1468.200000,3.3390E-007
1468.300000,3.3690E-007
1468.400000,3.3100E-007
1468.500000,2.9570E-007
1468.600000,3.0410E-007
1468.700000,3.1800E-007
1468.800000,3.2330E-007
1468.900000,3.3420E-007
1469.000000,3.3860E-007
1469.100000,3.5920E-007
1469.200000,3.4740E-007
1469.300000,3.5700E-007
1469.400000,3.4560E-007
1469.500000,3.5630E-007
1469.600000,3.3480E-007
1469.700000,3.3630E-007
1469.800000,3.3310E-007
1469.900000,3.2220E-007
1470.000000,3.3210E-007
1470.100000,3.3930E-007
1470.200000,3.4320E-007
1470.300000,3.2980E-007
1470.400000,3.5690E-007
1470.500000,3.5970E-007
1470.600000,3.3940E-007
1470.700000,3.5210E-007
1470.800000,3.5490E-007
1470.900000,3.4790E-007
1471.000000,3.3970E-007
1471.100000,3.4050E-007
1471.200000,3.6610E-007
1471.300000,3.1120E-007
1471.400000,3.7370E-007
1471.500000,3.6480E-007
1471.600000,3.6370E-007
1471.700000,3.5930E-007
1471.800000,3.2210E-007
1471.900000,3.4730E-007
1472.000000,3.4450E-007
1472.100000,3.5170E-007
1472.200000,3.4340E-007
1472.300000,3.3070E-007
1472.400000,4.1030E-007
1472.500000,3.5030E-007
1472.600000,3.8080E-007
1472.700000,3.5210E-007
1472.800000,3.3620E-007
1472.900000,3.4550E-007
1473.000000,3.4930E-007
1473.100000,3.7510E-007
1473.200000,3.4490E-007
1473.300000,3.4300E-007
1473.400000,3.3350E-007
1473.500000,3.6280E-007
1473.600000,3.6740E-007
1473.700000,3.5920E-007
1473.800000,3.6180E-007
1473.900000,3.9520E-007
1474.000000,3.5260E-007
1474.100000,3.5290E-007
1474.200000,3.6550E-007
1474.300000,3.7530E-007
1474.400000,3.5200E-007
1474.500000,3.7800E-007
1474.600000,3.5140E-007
1474.700000,3.8210E-007
1474.800000,3.9970E-007
1474.900000,3.9500E-007
1475.000000,3.6400E-007
1475.100000,3.8170E-007
1475.200000,3.8590E-007
1475.300000,3.7530E-007
1475.400000,3.6290E-007
1475.500000,3.8670E-007
1475.600000,4.1670E-007
1475.700000,3.7140E-007
1475.800000,4.2020E-007
1475.900000,4.0320E-007
1476.000000,3.4160E-007
1476.100000,3.7100E-007
1476.200000,3.9930E-007
1476.300000,3.6840E-007
1476.400000,3.7800E-007
1476.500000,3.7760E-007
1476.600000,3.4900E-007
1476.700000,3.8300E-007
1476.800000,3.9310E-007
1476.900000,3.9550E-007
1477.000000,4.1860E-007
1477.100000,4.0510E-007
1477.200000,3.8460E-007
1477.300000,4.0800E-007
1477.400000,4.0030E-007
1477.500000,3.9010E-007
1477.600000,4.0820E-007
1477.700000,3.7700E-007
1477.800000,3.6380E-007
1477.900000,3.8630E-007
1478.000000,3.9120E-007
1478.100000,4.2590E-007
1478.200000,4.0530E-007
1478.300000,4.1560E-007
1478.400000,3.8000E-007
1478.500000,3.9210E-007
1478.600000,3.9840E-007
1478.700000,4.0420E-007
1478.800000,4.3170E-007
1478.900000,4.2310E-007
1479.000000,4.3900E-007
1479.100000,4.3090E-007
1479.200000,4.0100E-007
1479.300000,3.9900E-007
1479.400000,4.0740E-007
1479.500000,3.7680E-007
1479.600000,3.9820E-007
1479.700000,4.0700E-007
1479.800000,4.2650E-007
1479.900000,3.8520E-007
1480.000000,4.2000E-007
1480.100000,4.1050E-007
1480.200000,3.9970E-007
1480.300000,4.3140E-007
1480.400000,4.2520E-007
1480.500000,4.5200E-007
1480.600000,4.4140E-007
1480.700000,3.9460E-007
1480.800000,4.3170E-007
1480.900000,4.3360E-007
1481.000000,4.4680E-007
1481.100000,4.2270E-007
1481.200000,4.2530E-007
1481.300000,4.5230E-007
1481.400000,4.3860E-007
1481.500000,4.0720E-007
1481.600000,4.3070E-007
1481.700000,4.4930E-007
1481.800000,4.3750E-007
1481.900000,4.5360E-007
1482.000000,4.1750E-007
1482.100000,4.8370E-007
1482.200000,4.6560E-007
1482.300000,4.5240E-007
1482.400000,4.2820E-007
1482.500000,4.4370E-007
1482.600000,4.3550E-007
1482.700000,4.5300E-007
1482.800000,4.3290E-007
1482.900000,4.3310E-007
1483.000000,4.4730E-007
1483.100000,4.6450E-007
1483.200000,4.6600E-007
1483.300000,4.3550E-007
1483.400000,4.9260E-007
1483.500000,4.9060E-007
1483.600000,4.4310E-007
1483.700000,4.4690E-007
1483.800000,4.7520E-007
1483.900000,4.6650E-007
1484.000000,4.6760E-007
1484.100000,4.4290E-007
1484.200000,4.6570E-007
1484.300000,4.7380E-007
1484.400000,4.5620E-007
1484.500000,4.9260E-007
1484.600000,4.9060E-007
1484.700000,4.3610E-007
1484.800000,4.8520E-007
1484.900000,4.7710E-007
1485.000000,4.5550E-007
1485.100000,4.4590E-007
1485.200000,5.1240E-007
1485.300000,4.4110E-007
1485.400000,4.7010E-007
1485.500000,4.5540E-007
1485.600000,4.8350E-007
1485.700000,4.6310E-007
1485.800000,4.6810E-007
1485.900000,4.6320E-007
1486.000000,4.9880E-007
1486.100000,4.9170E-007
1486.200000,4.7610E-007
1486.300000,5.0440E-007
1486.400000,4.7930E-007
1486.500000,5.0550E-007
1486.600000,5.1020E-007
1486.700000,4.8050E-007
1486.800000,5.0450E-007
1486.900000,4.8880E-007
1487.000000,4.9010E-007
1487.100000,4.7390E-007
1487.200000,5.0650E-007
1487.300000,4.8100E-007
1487.400000,4.7640E-007
1487.500000,5.0550E-007
1487.600000,5.1710E-007
1487.700000,5.1700E-007
1487.800000,5.3040E-007
1487.900000,5.1460E-007
1488.000000,5.1090E-007
1488.100000,5.1220E-007
1488.200000,5.1240E-007
1488.300000,5.3740E-007
1488.400000,5.0290E-007
1488.500000,4.9950E-007
1488.600000,5.2460E-007
1488.700000,5.3230E-007
1488.800000,5.2410E-007
1488.900000,5.0610E-007
1489.000000,5.5080E-007
1489.100000,4.8260E-007
1489.200000,5.3290E-007
1489.300000,5.2280E-007
1489.400000,5.3050E-007
1489.500000,5.4140E-007
1489.600000,5.3180E-007
1489.700000,5.3960E-007
1489.800000,5.1090E-007
1489.900000,5.3900E-007
1490.000000,5.2880E-007
1490.100000,5.3810E-007
1490.200000,5.3550E-007
1490.300000,5.2210E-007
1490.400000,5.2260E-007
1490.500000,5.3770E-007
1490.600000,5.4350E-007
1490.700000,5.3240E-007
1490.800000,5.4960E-007
1490.900000,5.9070E-007
1491.000000,5.7170E-007
1491.100000,5.9150E-007
1491.200000,6.0720E-007
1491.300000,5.4710E-007
1491.400000,5.6880E-007
1491.500000,5.5910E-007
1491.600000,5.3020E-007
1491.700000,5.9010E-007
1491.800000,5.2160E-007
1491.900000,5.5630E-007
1492.000000,5.8670E-007
1492.100000,5.7980E-007
1492.200000,5.8150E-007
1492.300000,5.4710E-007
1492.400000,5.6160E-007
1492.500000,5.3310E-007
1492.600000,5.9270E-007
1492.700000,5.7170E-007
1492.800000,5.8610E-007
1492.900000,5.5780E-007
1493.000000,5.5130E-007
1493.100000,5.6750E-007
1493.200000,5.9220E-007
1493.300000,6.2810E-007
1493.400000,5.9360E-007
1493.500000,5.7790E-007
1493.600000,6.2400E-007
1493.700000,6.1290E-007
1493.800000,6.0660E-007
1493.900000,6.0640E-007
1494.000000,6.0780E-007
1494.100000,6.1100E-007
1494.200000,6.0760E-007
1494.300000,5.9460E-007
1494.400000,5.9940E-007
1494.500000,6.1340E-007
1494.600000,5.9550E-007
1494.700000,5.9860E-007
1494.800000,6.0720E-007
1494.900000,6.4580E-007
1495.000000,6.0440E-007
1495.100000,6.4860E-007
1495.200000,6.1780E-007
1495.300000,5.8830E-007
1495.400000,6.7210E-007
1495.500000,6.1760E-007
1495.600000,6.4560E-007
1495.700000,6.4650E-007
1495.800000,6.5530E-007
1495.900000,6.2860E-007
1496.000000,6.4260E-007
1496.100000,6.3140E-007
1496.200000,6.7150E-007
1496.300000,6.6680E-007
1496.400000,6.4890E-007
1496.500000,6.6290E-007
1496.600000,6.5870E-007
1496.700000,6.8560E-007
1496.800000,6.6330E-007
1496.900000,7.2350E-007
1497.000000,6.8060E-007
1497.100000,6.8030E-007
1497.200000,6.9710E-007
1497.300000,6.9630E-007
1497.400000,7.1650E-007
1497.500000,6.7500E-007
1497.600000,6.8000E-007
1497.700000,7.2050E-007
1497.800000,7.1060E-007
1497.900000,6.4360E-007
1498.000000,7.0520E-007
1498.100000,6.9460E-007
1498.200000,6.5620E-007
1498.300000,6.7830E-007
1498.400000,7.2440E-007
1498.500000,7.0870E-007
1498.600000,7.2360E-007
1498.700000,7.1320E-007
1498.800000,6.9310E-007
1498.900000,7.4260E-007
1499.000000,7.1040E-007
1499.100000,7.2590E-007
1499.200000,7.1830E-007
1499.300000,7.1170E-007
1499.400000,7.0930E-007
1499.500000,7.4410E-007
1499.600000,7.5310E-007
1499.700000,7.3370E-007
1499.800000,7.2080E-007
1499.900000,7.4130E-007
1500.000000,7.4830E-007
1500.100000,7.6020E-007
1500.200000,7.7560E-007
1500.300000,7.6990E-007
1500.400000,7.7370E-007
1500.500000,7.7190E-007
1500.600000,8.0430E-007
1500.700000,7.7460E-007
1500.800000,7.9400E-007
1500.900000,7.6540E-007
1501.000000,7.4250E-007
1501.100000,7.6620E-007
1501.200000,7.6880E-007
1501.300000,7.8860E-007
1501.400000,7.5780E-007
1501.500000,8.1430E-007
1501.600000,7.8890E-007
1501.700000,8.1530E-007
1501.800000,7.7410E-007
1501.900000,7.9140E-007
1502.000000,8.1150E-007
1502.100000,8.0870E-007
1502.200000,7.9160E-007
1502.300000,8.2730E-007
1502.400000,8.2990E-007
1502.500000,8.1090E-007
1502.600000,8.0430E-007
1502.700000,8.0280E-007
1502.800000,8.2560E-007
1502.900000,8.1110E-007
1503.000000,8.3890E-007
1503.100000,8.5810E-007
1503.200000,8.3920E-007
1503.300000,8.3470E-007
1503.400000,8.4850E-007
1503.500000,8.3840E-007
1503.600000,8.5940E-007
1503.700000,8.6300E-007
1503.800000,8.7280E-007
1503.900000,8.5470E-007
1504.000000,8.6370E-007
1504.100000,8.6440E-007
1504.200000,8.7290E-007
1504.300000,8.6660E-007
1504.400000,8.6760E-007
1504.500000,8.9170E-007
1504.600000,8.7650E-007
1504.700000,9.2800E-007
1504.800000,9.0080E-007
1504.900000,8.8920E-007
1505.000000,9.2730E-007
1505.100000,9.1440E-007
1505.200000,9.2560E-007
1505.300000,9.2760E-007
1505.400000,9.6090E-007
1505.500000,9.4400E-007
1505.600000,9.4270E-007
1505.700000,9.4980E-007
1505.800000,9.5420E-007
1505.900000,9.9800E-007
1506.000000,9.2090E-007
1506.100000,9.7790E-007
1506.200000,1.0000E-006
1506.300000,9.6460E-007
1506.400000,9.7080E-007
1506.500000,9.6330E-007
1506.600000,1.0010E-006
1506.700000,9.9510E-007
1506.800000,1.0280E-006
1506.900000,1.0040E-006
1507.000000,1.0160E-006
1507.100000,1.0470E-006
1507.200000,1.0660E-006
1507.300000,1.0620E-006
1507.400000,1.0490E-006
1507.500000,1.0720E-006
1507.600000,1.0560E-006
1507.700000,1.0520E-006
1507.800000,1.0900E-006
1507.900000,1.0900E-006
1508.000000,1.0980E-006
1508.100000,1.1020E-006
1508.200000,1.1110E-006
1508.300000,1.1270E-006
1508.400000,1.1050E-006
1508.500000,1.0990E-006
1508.600000,1.1470E-006
1508.700000,1.1140E-006
1508.800000,1.1500E-006
1508.900000,1.1290E-006
1509.000000,1.0730E-006
1509.100000,1.1440E-006
1509.200000,1.1510E-006
1509.300000,1.1250E-006
1509.400000,1.1630E-006
1509.500000,1.1620E-006
1509.600000,1.1540E-006
1509.700000,1.0960E-006
1509.800000,1.1740E-006
1509.900000,1.1840E-006
1510.000000,1.2250E-006
1510.100000,1.1900E-006
1510.200000,1.1820E-006
1510.300000,1.1990E-006
1510.400000,1.1950E-006
1510.500000,1.2240E-006
1510.600000,1.1780E-006
1510.700000,1.2220E-006
1510.800000,1.2220E-006
1510.900000,1.2220E-006
1511.000000,1.2200E-006
1511.100000,1.2450E-006
1511.200000,1.2350E-006
1511.300000,1.2310E-006
1511.400000,1.2820E-006
1511.500000,1.2390E-006
1511.600000,1.2430E-006
1511.700000,1.2780E-006
1511.800000,1.2670E-006
1511.900000,1.2760E-006
1512.000000,1.2920E-006
1512.100000,1.3080E-006
1512.200000,1.2950E-006
1512.300000,1.3120E-006
1512.400000,1.3600E-006
1512.500000,1.3220E-006
1512.600000,1.3350E-006
1512.700000,1.3530E-006
1512.800000,1.3260E-006
1512.900000,1.3400E-006
1513.000000,1.3800E-006
1513.100000,1.3910E-006
1513.200000,1.3970E-006
1513.300000,1.4250E-006
1513.400000,1.4330E-006
1513.500000,1.4190E-006
1513.600000,1.4590E-006
1513.700000,1.4850E-006
1513.800000,1.4590E-006
1513.900000,1.4850E-006
1514.000000,1.4900E-006
1514.100000,1.5200E-006
1514.200000,1.5440E-006
1514.300000,1.5450E-006
1514.400000,1.5240E-006
1514.500000,1.5240E-006
1514.600000,1.5750E-006
1514.700000,1.5850E-006
1514.800000,1.6010E-006
1514.900000,1.6180E-006
1515.000000,1.6650E-006
1515.100000,1.6600E-006
1515.200000,1.6640E-006
1515.300000,1.7040E-006
1515.400000,1.7510E-006
1515.500000,1.7020E-006
1515.600000,1.7440E-006
1515.700000,1.7820E-006
1515.800000,1.8180E-006
1515.900000,1.8310E-006
1516.000000,1.7980E-006
1516.100000,1.8790E-006
1516.200000,1.9490E-006
1516.300000,1.9520E-006
1516.400000,1.9500E-006
1516.500000,1.9770E-006
1516.600000,2.0600E-006
1516.700000,2.1420E-006
1516.800000,2.1110E-006
1516.900000,2.1140E-006
1517.000000,2.1290E-006
1517.100000,2.1690E-006
1517.200000,2.1250E-006
1517.300000,2.2900E-006
1517.400000,2.2880E-006
1517.500000,2.3770E-006
1517.600000,2.2830E-006
1517.700000,2.3150E-006
1517.800000,2.4350E-006
1517.900000,2.5810E-006
1518.000000,2.5810E-006
1518.100000,2.6660E-006
1518.200000,2.6210E-006
1518.300000,2.6600E-006
1518.400000,2.6470E-006
1518.500000,2.7270E-006
1518.600000,2.8670E-006
1518.700000,2.9440E-006
1518.800000,2.9730E-006
1518.900000,2.9590E-006
1519.000000,2.9730E-006
1519.100000,3.1260E-006
1519.200000,3.3140E-006
1519.300000,3.5120E-006
1519.400000,3.6650E-006
1519.500000,3.7550E-006
1519.600000,3.7320E-006
1519.700000,3.5730E-006
1519.800000,3.6530E-006
1519.900000,3.9930E-006
1520.000000,4.3550E-006
1520.100000,4.6280E-006
1520.200000,4.5620E-006
1520.300000,4.2850E-006
1520.400000,4.3160E-006
1520.500000,4.6790E-006
1520.600000,4.8890E-006
1520.700000,5.2360E-006
1520.800000,5.8730E-006
1520.900000,5.9670E-006
1521.000000,5.6450E-006
1521.100000,5.5720E-006
1521.200000,6.1060E-006
1521.300000,6.8700E-006
1521.400000,7.8780E-006
1521.500000,7.8930E-006
1521.600000,7.5380E-006
1521.700000,7.5170E-006
1521.800000,8.0360E-006
1521.900000,8.4280E-006
1522.000000,8.6350E-006
1522.100000,9.2660E-006
1522.200000,9.8340E-006
1522.300000,9.9270E-006
1522.400000,9.9390E-006
1522.500000,1.0830E-005
1522.600000,1.2360E-005
1522.700000,1.4000E-005
1522.800000,1.4130E-005
1522.900000,1.3520E-005
1523.000000,1.4050E-005
1523.100000,1.6100E-005
1523.200000,1.7990E-005
1523.300000,1.9390E-005
1523.400000,1.9360E-005
1523.500000,1.8960E-005
1523.600000,2.0160E-005
1523.700000,2.1350E-005
1523.800000,2.2180E-005
1523.900000,2.5810E-005
1524.000000,2.9380E-005
1524.100000,3.1390E-005
1524.200000,3.1680E-005
1524.300000,3.1660E-005
1524.400000,3.3420E-005
1524.500000,3.8310E-005
1524.600000,4.2170E-005
1524.700000,4.4880E-005
1524.800000,4.7960E-005
1524.900000,4.9770E-005
1525.000000,5.3450E-005
1525.100000,5.8590E-005
1525.200000,5.9460E-005
1525.300000,6.4010E-005
1525.400000,7.1930E-005
1525.500000,7.5960E-005
1525.600000,8.5000E-005
1525.700000,9.1700E-005
1525.800000,9.3340E-005
1525.900000,1.0330E-004
1526.000000,1.1040E-004
1526.100000,1.1310E-004
1526.200000,1.2910E-004
1526.300000,1.3560E-004
1526.400000,1.4640E-004
1526.500000,1.6190E-004
1526.600000,1.6640E-004
1526.700000,1.7160E-004
1526.800000,1.9120E-004
1526.900000,1.9280E-004
1527.000000,2.0730E-004
1527.100000,2.2930E-004
1527.200000,2.3460E-004
1527.300000,2.5570E-004
1527.400000,2.7760E-004
1527.500000,2.7600E-004
1527.600000,3.0040E-004
1527.700000,3.1620E-004
1527.800000,3.0720E-004
1527.900000,3.4020E-004
1528.000000,3.5600E-004
1528.100000,3.5690E-004
1528.200000,4.0150E-004
1528.300000,4.2100E-004
1528.400000,4.2550E-004
1528.500000,4.8470E-004
1528.600000,4.8700E-004
1528.700000,5.2010E-004
1528.800000,6.1370E-004
1528.900000,7.2240E-004
1529.000000,9.7920E-004
1529.100000,1.3890E-003
1529.200000,1.6230E-003
1529.300000,1.5710E-003
1529.400000,1.3270E-003
1529.500000,1.0790E-003
1529.600000,8.5100E-004
1529.700000,9.5700E-004
1529.800000,8.6970E-004
1529.900000,8.5630E-004
1530.000000,8.3160E-004
1530.100000,7.7040E-004
1530.200000,7.6100E-004
1530.300000,7.4490E-004
1530.400000,6.9970E-004
1530.500000,7.4590E-004
1530.600000,7.3860E-004
1530.700000,7.2670E-004
1530.800000,7.7400E-004
1530.900000,7.4840E-004
1531.000000,7.2940E-004
1531.100000,7.6570E-004
1531.200000,7.2050E-004
1531.300000,7.4630E-004
1531.400000,7.7940E-004
1531.500000,7.7530E-004
1531.600000,8.2270E-004
1531.700000,8.7900E-004
1531.800000,9.1100E-004
1531.900000,9.7360E-004
1532.000000,1.0780E-003
1532.100000,1.1520E-003
1532.200000,1.2980E-003
1532.300000,1.4960E-003
1532.400000,1.6620E-003
1532.500000,1.8560E-003
1532.600000,2.2620E-003
1532.700000,2.1850E-003
1532.800000,3.4640E-003
1532.900000,3.9370E-003
1533.000000,4.4700E-003
1533.100000,5.7350E-003
1533.200000,6.3150E-003
1533.300000,5.6180E-003
1533.400000,5.3100E-003
1533.500000,7.6800E-003
1533.600000,2.1650E-001
1533.700000,4.3420E-003
1533.800000,3.8200E-003
1533.900000,4.1320E-003
1534.000000,4.3140E-003
1534.100000,3.8850E-003
1534.200000,7.8380E-002
1534.300000,1.9400E-002
1534.400000,3.4100E-003
1534.500000,2.4620E-003
1534.600000,1.6990E-003
1534.700000,1.2950E-003
1534.800000,1.0020E-003
1534.900000,8.4900E-004
1535.000000,7.5090E-004
1535.100000,6.5490E-004
1535.200000,5.6920E-004
1535.300000,4.6700E-004
1535.400000,3.8230E-004
1535.500000,3.0220E-004
1535.600000,2.4220E-004
1535.700000,2.1800E-004
1535.800000,2.1620E-004
1535.900000,2.4350E-004
1536.000000,2.8900E-004
1536.100000,3.3170E-004
1536.200000,3.6380E-004
1536.300000,3.7310E-004
1536.400000,3.4830E-004
1536.500000,3.0140E-004
1536.600000,2.3420E-004
1536.700000,1.6880E-004
1536.800000,1.2370E-004
1536.900000,1.1470E-004
1537.000000,1.4310E-004
1537.100000,2.1060E-004
1537.200000,3.0810E-004
1537.300000,4.1470E-004
1537.400000,5.1230E-004
1537.500000,5.8490E-004
1537.600000,6.0180E-004
1537.700000,5.7440E-004
1537.800000,5.0330E-004
1537.900000,3.9830E-004
1538.000000,3.0550E-004
1538.100000,2.4680E-004
1538.200000,2.7920E-004
1538.300000,4.5360E-004
1538.400000,8.1110E-004
1538.500000,1.4500E-003
1538.600000,2.5490E-003
1538.700000,4.1200E-003
1538.800000,6.5000E-003
1538.900000,8.9510E-003
1539.000000,9.6150E-003
1539.100000,7.6680E-003
1539.200000,5.3860E-003
1539.300000,4.2310E-003
1539.400000,3.8310E-003
1539.500000,3.7250E-003
1539.600000,3.6220E-003
1539.700000,3.3100E-003
1539.800000,2.9020E-003
1539.900000,2.3730E-003
1540.000000,1.7900E-003
1540.100000,1.2320E-003
1540.200000,7.5840E-004
1540.300000,4.0530E-004
1540.400000,1.9290E-004
1540.500000,1.3250E-004
1540.600000,2.2130E-004
1540.700000,4.1930E-004
1540.800000,6.9300E-004
1540.900000,1.0060E-003
1541.000000,1.2770E-003
1541.100000,1.5290E-003
1541.200000,1.6430E-003
1541.300000,1.6560E-003
1541.400000,1.5890E-003
1541.500000,1.4160E-003
1541.600000,1.1870E-003
1541.700000,9.3540E-004
1541.800000,6.5450E-004
1541.900000,4.0580E-004
1542.000000,2.3540E-004
1542.100000,1.6690E-004
1542.200000,2.1660E-004
1542.300000,3.7490E-004
1542.400000,6.0130E-004
1542.500000,9.3740E-004
1542.600000,1.3350E-003
1542.700000,1.8470E-003
1542.800000,2.2210E-003
1542.900000,2.5100E-003
1543.000000,2.6700E-003
1543.100000,2.6170E-003
1543.200000,2.5110E-003
1543.300000,2.3170E-003
1543.400000,1.9160E-003
1543.500000,1.4620E-003
1543.600000,1.1430E-003
1543.700000,7.1700E-004
1543.800000,4.9970E-004
1543.900000,4.6520E-004
1544.000000,5.2720E-004
1544.100000,7.7110E-004
1544.200000,1.3240E-003
1544.300000,2.1210E-003
1544.400000,2.8810E-003
1544.500000,3.6070E-003
1544.600000,4.1180E-003
1544.700000,4.5780E-003
1544.800000,5.0490E-003
1544.900000,5.3240E-003
1545.000000,5.2620E-003
1545.100000,4.9000E-003
1545.200000,4.3060E-003
1545.300000,3.7610E-003
1545.400000,3.1030E-003
1545.500000,2.3990E-003
1545.600000,1.7610E-003
1545.700000,1.3280E-003
1545.800000,1.2310E-003
1545.900000,1.3470E-003
1546.000000,1.6000E-003
1546.100000,2.0440E-003
1546.200000,2.6520E-003
1546.300000,3.5330E-003
1546.400000,4.7850E-003
1546.500000,6.1880E-003
1546.600000,7.3440E-003
1546.700000,8.2070E-003
1546.800000,8.7790E-003
1546.900000,9.2300E-003
1547.000000,9.3980E-003
1547.100000,9.5140E-003
1547.200000,9.5590E-003
1547.300000,9.3200E-003
1547.400000,8.6900E-003
1547.500000,7.6940E-003
1547.600000,6.6070E-003
1547.700000,5.6270E-003
1547.800000,4.8590E-003
1547.900000,4.2320E-003
1548.000000,3.7180E-003
1548.100000,3.0590E-003
1548.200000,2.6730E-003
1548.300000,2.6370E-003
1548.400000,3.0300E-003
1548.500000,3.8070E-003
1548.600000,4.7170E-003
1548.700000,5.7790E-003
1548.800000,6.6590E-003
1548.900000,7.4760E-003
1549.000000,8.2120E-003
1549.100000,9.2600E-003
1549.200000,1.0370E-002
1549.300000,1.1650E-002
1549.400000,1.2300E-002
1549.500000,1.2780E-002
1549.600000,1.2420E-002
1549.700000,1.1970E-002
1549.800000,1.2020E-002
1549.900000,1.2090E-002
1550.000000,1.1880E-002
1550.100000,1.1190E-002
1550.200000,9.8100E-003
1550.300000,8.4180E-003
1550.400000,7.1080E-003
1550.500000,6.0770E-003
1550.600000,5.5040E-003
1550.700000,4.8520E-003
1550.800000,3.9670E-003
1550.900000,3.0250E-003
1551.000000,2.1850E-003
1551.100000,1.6260E-003
1551.200000,1.2680E-003
1551.300000,1.0880E-003
1551.400000,9.9190E-004
1551.500000,9.0580E-004
1551.600000,8.7860E-004
1551.700000,9.4040E-004
1551.800000,1.1150E-003
1551.900000,1.4500E-003
1552.000000,1.9610E-003
1552.100000,2.4570E-003
1552.200000,2.8800E-003
1552.300000,3.1670E-003
1552.400000,3.5430E-003
1552.500000,4.1650E-003
1552.600000,5.2100E-003
1552.700000,6.3890E-003
1552.800000,7.7050E-003
1552.900000,8.6660E-003
1553.000000,9.3080E-003
1553.100000,1.0190E-002
1553.200000,1.1910E-002
1553.300000,1.4660E-002
1553.400000,1.7790E-002
1553.500000,2.0420E-002
1553.600000,2.1270E-002
1553.700000,2.1520E-002
1553.800000,2.2050E-002
1553.900000,2.4160E-002
1554.000000,2.8250E-002
1554.100000,3.2740E-002
1554.200000,3.4760E-002
1554.300000,3.4970E-002
1554.400000,3.2620E-002
1554.500000,3.2720E-002
1554.600000,3.4340E-002
1554.700000,3.9840E-002
1554.800000,4.2730E-002
1554.900000,4.2340E-002
1555.000000,3.8890E-002
1555.100000,3.4470E-002
1555.200000,3.0430E-002
1555.300000,2.9940E-002
1555.400000,3.3730E-002
1555.500000,3.3490E-002
1555.600000,3.2310E-002
1555.700000,2.6980E-002
1555.800000,2.2950E-002
1555.900000,1.9710E-002
1556.000000,1.8770E-002
1556.100000,1.8940E-002
1556.200000,1.8140E-002
1556.300000,1.5980E-002
1556.400000,1.2960E-002
1556.500000,1.0450E-002
1556.600000,8.4810E-003
1556.700000,7.9380E-003
1556.800000,8.0970E-003
1556.900000,6.6330E-003
1557.000000,6.7760E-003
1557.100000,5.7110E-003
1557.200000,5.2950E-003
1557.300000,4.4230E-003
1557.400000,4.4620E-003
1557.500000,3.9460E-003
1557.600000,3.4570E-003
1557.700000,3.4180E-003
1557.800000,3.1210E-003
1557.900000,2.7150E-003
1558.000000,2.5000E-003
1558.100000,2.4980E-003
1558.200000,2.2530E-003
1558.300000,2.1700E-003
1558.400000,2.0520E-003
1558.500000,2.0970E-003
1558.600000,2.2720E-003
1558.700000,2.5170E-003
1558.800000,2.9450E-003
1558.900000,3.5180E-003
1559.000000,4.2580E-003
1559.100000,5.1600E-003
1559.200000,6.3630E-003
1559.300000,7.3730E-003
1559.400000,8.7890E-003
1559.500000,1.0110E-002
1559.600000,1.1360E-002
1559.700000,1.2680E-002
1559.800000,1.3840E-002
1559.900000,1.5060E-002
1560.000000,1.6110E-002
1560.100000,1.6580E-002
1560.200000,1.7080E-002
1560.300000,1.7490E-002
1560.400000,1.7300E-002
1560.500000,1.6830E-002
1560.600000,1.6220E-002
1560.700000,1.5560E-002
1560.800000,1.4450E-002
1560.900000,1.2950E-002
1561.000000,1.1430E-002
1561.100000,9.8090E-003
1561.200000,8.7160E-003
1561.300000,7.4130E-003
1561.400000,5.7550E-003
1561.500000,5.6030E-003
1561.600000,4.9030E-003
1561.700000,4.8060E-003
1561.800000,4.7850E-003
1561.900000,5.1770E-003
1562.000000,5.4880E-003
1562.100000,6.2640E-003
1562.200000,7.1250E-003
1562.300000,8.3990E-003
1562.400000,9.6370E-003
1562.500000,1.0600E-002
1562.600000,1.1420E-002
1562.700000,1.2070E-002
1562.800000,1.2280E-002
1562.900000,1.2440E-002
1563.000000,1.2270E-002
1563.100000,1.1770E-002
1563.200000,1.0670E-002
1563.300000,9.5510E-003
1563.400000,8.9170E-003
1563.500000,7.2030E-003
1563.600000,6.3310E-003
1563.700000,5.1260E-003
1563.800000,3.9870E-003
1563.900000,3.0390E-003
1564.000000,2.5430E-003
1564.100000,2.3690E-003
1564.200000,2.4270E-003
1564.300000,2.5770E-003
1564.400000,3.0670E-003
1564.500000,4.0900E-003
1564.600000,4.3910E-003
1564.700000,4.6570E-003
1564.800000,6.1480E-003
1564.900000,5.8580E-003
1565.000000,6.2750E-003
1565.100000,6.9340E-003
1565.200000,6.9360E-003
1565.300000,6.6290E-003
1565.400000,5.7690E-003
1565.500000,4.5410E-003
1565.600000,3.7230E-003
1565.700000,2.9310E-003
1565.800000,2.4010E-003
1565.900000,1.8320E-003
1566.000000,1.3720E-003
1566.100000,1.0750E-003
1566.200000,1.0480E-003
1566.300000,1.2320E-003
1566.400000,1.7010E-003
1566.500000,2.2650E-003
1566.600000,2.8220E-003
1566.700000,3.3510E-003
1566.800000,3.5420E-003
1566.900000,3.5410E-003
1567.000000,3.5010E-003
1567.100000,3.4720E-003
1567.200000,3.2780E-003
1567.300000,2.9560E-003
1567.400000,2.3780E-003
1567.500000,1.7220E-003
1567.600000,1.1750E-003
1567.700000,7.9410E-004
1567.800000,5.5140E-004
1567.900000,4.9680E-004
1568.000000,5.7570E-004
1568.100000,7.9180E-004
1568.200000,1.0450E-003
1568.300000,1.5500E-003
1568.400000,1.8390E-003
1568.500000,2.0640E-003
1568.600000,2.2620E-003
1568.700000,2.2920E-003
1568.800000,2.1540E-003
1568.900000,1.7910E-003
1569.000000,1.4260E-003
1569.100000,1.0380E-003
1569.200000,7.2540E-004
1569.300000,4.4970E-004
1569.400000,2.8990E-004
1569.500000,2.8030E-004
1569.600000,3.9410E-004
1569.700000,5.8770E-004
1569.800000,8.4530E-004
1569.900000,1.0850E-003
1570.000000,1.2610E-003
1570.100000,1.3470E-003
1570.200000,1.2980E-003
1570.300000,1.1310E-003
1570.400000,9.0430E-004
1570.500000,6.5590E-004
1570.600000,4.1880E-004
1570.700000,2.3430E-004
1570.800000,1.4960E-004
1570.900000,1.9640E-004
1571.000000,3.2790E-004
1571.100000,5.0460E-004
1571.200000,6.9020E-004
1571.300000,8.1670E-004
1571.400000,8.5340E-004
1571.500000,7.8050E-004
1571.600000,6.3120E-004
1571.700000,4.5920E-004
1571.800000,2.9190E-004
1571.900000,1.5630E-004
1572.000000,9.6380E-005
1572.100000,1.1530E-004
1572.200000,1.9290E-004
1572.300000,3.0280E-004
1572.400000,4.0140E-004
1572.500000,4.5430E-004
1572.600000,4.4610E-004
1572.700000,3.8790E-004
1572.800000,2.9360E-004
1572.900000,1.8900E-004
1573.000000,1.1140E-004
1573.100000,7.4600E-005
1573.200000,6.7750E-005
1573.300000,9.4130E-005
1573.400000,1.3950E-004
1573.500000,1.8600E-004
1573.600000,2.0820E-004
1573.700000,2.0560E-004
1573.800000,1.8830E-004
1573.900000,1.5980E-004
1574.000000,1.2090E-004
1574.100000,8.1780E-005
1574.200000,5.8540E-005
1574.300000,5.1330E-005
1574.400000,6.1970E-005
1574.500000,8.0060E-005
1574.600000,1.0290E-004
1574.700000,1.2960E-004
1574.800000,1.3270E-004
1574.900000,1.1420E-004
1575.000000,8.7230E-005
1575.100000,6.3330E-005
1575.200000,4.3200E-005
1575.300000,3.2680E-005
1575.400000,3.2690E-005
1575.500000,5.0110E-005
1575.600000,4.9220E-005
1575.700000,5.6350E-005
1575.800000,6.1630E-005
1575.900000,6.0360E-005
1576.000000,5.4550E-005
1576.100000,4.3780E-005
1576.200000,3.2750E-005
1576.300000,2.4460E-005
1576.400000,2.2630E-005
1576.500000,2.5190E-005
1576.600000,3.1700E-005
1576.700000,3.8210E-005
1576.800000,4.1970E-005
1576.900000,4.0620E-005
1577.000000,3.2140E-005
1577.100000,2.6040E-005
1577.200000,1.8430E-005
1577.300000,1.3010E-005
1577.400000,1.3250E-005
1577.500000,1.5920E-005
1577.600000,2.1190E-005
1577.700000,2.5390E-005
1577.800000,2.5100E-005
1577.900000,1.9670E-005
1578.000000,1.4670E-005
1578.100000,1.0530E-005
1578.200000,7.9600E-006
1578.300000,7.7050E-006
1578.400000,9.8750E-006
1578.500000,1.3590E-005
1578.600000,1.5570E-005
1578.700000,1.4350E-005
1578.800000,1.3980E-005
1578.900000,1.1750E-005
1579.000000,8.2820E-006
1579.100000,6.1110E-006
1579.200000,5.8910E-006
1579.300000,7.1070E-006
1579.400000,9.0260E-006
1579.500000,9.9900E-006
1579.600000,1.1040E-005
1579.700000,1.0190E-005
1579.800000,8.4800E-006
1579.900000,6.0270E-006
1580.000000,4.9480E-006
1580.100000,5.1250E-006
1580.200000,6.3210E-006
1580.300000,8.3540E-006
1580.400000,9.4030E-006
1580.500000,8.8390E-006
1580.600000,6.8180E-006
1580.700000,4.9480E-006
1580.800000,3.6970E-006
1580.900000,3.5910E-006
1581.000000,4.7770E-006
1581.100000,6.8050E-006
1581.200000,7.7460E-006
1581.300000,7.2870E-006
1581.400000,6.2700E-006
1581.500000,5.1090E-006
1581.600000,4.2040E-006
1581.700000,3.8670E-006
1581.800000,4.6130E-006
1581.900000,5.8900E-006
1582.000000,6.2390E-006
1582.100000,5.9260E-006
1582.200000,5.2570E-006
1582.300000,4.4530E-006
1582.400000,3.8270E-006
1582.500000,4.1520E-006
1582.600000,5.0210E-006
1582.700000,5.3000E-006
1582.800000,5.4020E-006
1582.900000,6.0590E-006
1583.000000,5.1550E-006
1583.100000,4.1030E-006
1583.200000,4.1050E-006
1583.300000,4.3720E-006
1583.400000,4.9500E-006
1583.500000,5.4620E-006
1583.600000,5.7390E-006
1583.700000,5.6330E-006
1583.800000,7.1500E-006
1583.900000,4.3980E-006
1584.000000,4.6320E-006
1584.100000,6.1270E-006
1584.200000,5.2950E-006
1584.300000,5.4010E-006
1584.400000,5.3620E-006
1584.500000,5.1990E-006
1584.600000,4.2720E-006
1584.700000,8.7630E-006
1584.800000,4.6630E-006
1584.900000,4.9870E-006
1585.000000,1.3100E-005
1585.100000,5.1290E-006
1585.200000,4.5960E-006
1585.300000,4.2250E-006
1585.400000,4.0300E-006
1585.500000,4.0860E-006
1585.600000,4.6550E-006
1585.700000,4.8850E-006
1585.800000,5.0430E-006
1585.900000,1.1470E-005
1586.000000,4.0050E-006
1586.100000,4.3050E-006
1586.200000,6.9640E-006
1586.300000,4.4210E-006
1586.400000,5.3380E-006
1586.500000,3.9370E-006
1586.600000,3.8010E-006
1586.700000,3.8090E-006
1586.800000,1.5860E-005
1586.900000,3.9800E-006
1587.000000,4.4170E-006
1587.100000,4.3140E-006
1587.200000,4.0910E-006
1587.300000,9.1380E-006
1587.400000,3.4450E-006
1587.500000,3.5990E-006
1587.600000,3.8620E-006
1587.700000,3.8910E-006
1587.800000,7.3340E-006
1587.900000,3.2180E-006
1588.000000,3.2210E-006
1588.100000,3.4820E-006
1588.200000,3.6870E-006
1588.300000,3.4390E-006
1588.400000,3.0190E-006
1588.500000,2.8520E-006
1588.600000,2.9400E-006
1588.700000,3.0890E-006
1588.800000,5.9140E-006
1588.900000,3.3520E-006
1589.000000,3.0160E-006
1589.100000,2.7980E-006
1589.200000,2.7000E-006
1589.300000,2.9730E-006
1589.400000,2.8480E-006
1589.500000,3.6830E-006
1589.600000,2.5990E-006
1589.700000,3.9160E-006
1589.800000,2.5510E-006
1589.900000,2.7970E-006
1590.000000,2.5370E-006
1590.100000,2.4060E-006
1590.200000,2.1890E-006
1590.300000,2.1830E-006
1590.400000,2.2270E-006
1590.500000,2.3050E-006
1590.600000,2.3150E-006
1590.700000,3.0970E-006
1590.800000,3.8920E-006
1590.900000,2.3240E-006
1591.000000,2.0890E-006
1591.100000,2.1140E-006
1591.200000,2.0670E-006
1591.300000,1.9820E-006
1591.400000,1.9100E-006
1591.500000,1.8470E-006
1591.600000,1.9710E-006
1591.700000,2.0030E-006
1591.800000,2.5770E-006
1591.900000,1.8630E-006
1592.000000,1.7680E-006
1592.100000,1.8070E-006
1592.200000,1.9100E-006
1592.300000,1.8500E-006
1592.400000,1.7240E-006
1592.500000,1.6540E-006
1592.600000,1.7210E-006
1592.700000,1.7600E-006
1592.800000,1.7600E-006
1592.900000,1.7320E-006
1593.000000,1.6460E-006
1593.100000,1.6630E-006
1593.200000,1.6880E-006
1593.300000,4.1940E-006
1593.400000,1.6430E-006
1593.500000,1.8810E-006
1593.600000,1.5590E-006
1593.700000,1.6110E-006
1593.800000,1.6550E-006
1593.900000,1.5570E-006
1594.000000,1.4940E-006
1594.100000,1.5200E-006
1594.200000,1.9580E-006
1594.300000,4.0320E-006
1594.400000,1.5380E-006
1594.500000,1.4700E-006
1594.600000,1.4790E-006
1594.700000,2.6310E-006
1594.800000,1.5720E-006
1594.900000,1.5160E-006
1595.000000,1.4320E-006
1595.100000,1.4590E-006
1595.200000,1.4760E-006
1595.300000,1.9730E-006
1595.400000,1.4290E-006
1595.500000,1.9030E-006
1595.600000,1.4140E-006
1595.700000,1.8680E-006
1595.800000,1.8990E-006
1595.900000,1.4780E-006
1596.000000,1.3570E-006
1596.100000,1.4370E-006
1596.200000,1.3840E-006
1596.300000,1.4050E-006
1596.400000,1.9100E-006
1596.500000,1.3450E-006
1596.600000,1.3530E-006
1596.700000,1.3640E-006
1596.800000,1.9470E-006
1596.900000,1.4240E-006
1597.000000,1.3430E-006
1597.100000,1.3380E-006
1597.200000,1.3530E-006
1597.300000,1.3140E-006
1597.400000,1.2910E-006
1597.500000,1.3100E-006
1597.600000,1.3250E-006
1597.700000,1.3770E-006
1597.800000,1.3500E-006
1597.900000,1.3020E-006
1598.000000,1.2700E-006
1598.100000,1.3030E-006
1598.200000,2.0870E-006
1598.300000,1.3350E-006
1598.400000,1.2520E-006
1598.500000,1.2360E-006
1598.600000,1.3030E-006
1598.700000,1.3030E-006
1598.800000,1.2460E-006
1598.900000,1.2670E-006
1599.000000,1.2810E-006
1599.100000,1.2340E-006
1599.200000,1.2280E-006
1599.300000,1.4720E-006
1599.400000,1.2020E-006
1599.500000,1.2010E-006
1599.600000,1.2110E-006
1599.700000,1.2760E-006
1599.800000,2.2770E-006
1599.900000,1.2620E-006
1600.000000,1.2130E-006
1600.100000,1.2170E-006
1600.200000,1.2130E-006
1600.300000,1.2100E-006
1600.400000,1.2170E-006
1600.500000,1.2220E-006
1600.600000,1.2380E-006
1600.700000,1.2120E-006
1600.800000,1.1510E-006
1600.900000,1.5400E-006
1601.000000,1.1580E-006
1601.100000,1.1820E-006
1601.200000,1.1400E-006
1601.300000,1.1440E-006
1601.400000,1.1750E-006
1601.500000,1.1400E-006
1601.600000,1.1930E-006
1601.700000,1.1520E-006
1601.800000,1.0710E-006
1601.900000,1.1110E-006
1602.000000,1.1250E-006
1602.100000,1.1370E-006
1602.200000,1.0980E-006
1602.300000,1.1050E-006
1602.400000,1.0980E-006
1602.500000,1.0850E-006
1602.600000,1.6610E-006
1602.700000,1.1090E-006
1602.800000,1.1060E-006
1602.900000,1.0610E-006
1603.000000,1.0610E-006
1603.100000,1.0740E-006
1603.200000,1.0710E-006
1603.300000,1.0800E-006
1603.400000,1.0640E-006
1603.500000,1.0470E-006
1603.600000,1.0320E-006
1603.700000,1.0560E-006
1603.800000,1.0320E-006
1603.900000,1.0490E-006
1604.000000,1.0630E-006
1604.100000,1.0550E-006
1604.200000,1.0690E-006
1604.300000,1.0560E-006
1604.400000,1.0330E-006
1604.500000,1.0370E-006
1604.600000,1.0260E-006
1604.700000,1.0310E-006
1604.800000,1.0290E-006
1604.900000,1.0180E-006
1605.000000,9.8700E-007
1605.100000,1.0290E-006
1605.200000,1.0170E-006
1605.300000,9.8100E-007
1605.400000,1.0270E-006
1605.500000,9.7080E-007
1605.600000,9.9750E-007
1605.700000,1.0180E-006
1605.800000,1.0100E-006
1605.900000,9.7620E-007
1606.000000,1.1280E-006
1606.100000,9.8180E-007
1606.200000,1.0980E-006
1606.300000,9.6130E-007
1606.400000,9.8890E-007
1606.500000,1.0340E-006
1606.600000,9.9240E-007
1606.700000,9.6670E-007
1606.800000,1.0120E-006
1606.900000,9.7040E-007
1607.000000,9.3170E-007
1607.100000,9.5570E-007
1607.200000,9.6000E-007
1607.300000,1.2180E-006
1607.400000,9.9890E-007
1607.500000,9.4330E-007
1607.600000,9.3860E-007
1607.700000,9.5310E-007
1607.800000,9.0020E-007
1607.900000,9.2880E-007
1608.000000,9.3830E-007
1608.100000,8.9690E-007
1608.200000,9.4150E-007
1608.300000,1.0470E-006
1608.400000,9.3590E-007
1608.500000,9.2040E-007
1608.600000,8.8950E-007
1608.700000,9.3990E-007
1608.800000,9.0850E-007
1608.900000,8.8890E-007
1609.000000,9.2930E-007
1609.100000,8.8980E-007
1609.200000,9.1430E-007
1609.300000,9.1540E-007
1609.400000,1.0300E-006
1609.500000,8.7260E-007
1609.600000,8.6820E-007
1609.700000,8.7740E-007
1609.800000,8.2470E-007
1609.900000,8.8640E-007
1610.000000,8.7010E-007
1610.100000,8.4130E-007
1610.200000,8.4110E-007
1610.300000,8.4420E-007
1610.400000,8.6310E-007
1610.500000,8.4520E-007
1610.600000,8.6980E-007
1610.700000,8.6000E-007
1610.800000,8.5880E-007
1610.900000,8.7320E-007
1611.000000,8.4110E-007
1611.100000,8.4630E-007
1611.200000,8.3050E-007
1611.300000,8.3640E-007
1611.400000,8.1510E-007
1611.500000,8.6190E-007
1611.600000,8.0810E-007
1611.700000,8.0790E-007
1611.800000,7.9780E-007
1611.900000,8.1060E-007
1612.000000,8.1830E-007
1612.100000,8.1950E-007
1612.200000,8.0490E-007
1612.300000,7.8200E-007
1612.400000,8.0050E-007
1612.500000,7.9570E-007
1612.600000,7.9810E-007
1612.700000,7.8930E-007
1612.800000,7.9200E-007
1612.900000,7.6030E-007
1613.000000,7.4840E-007
1613.100000,7.8880E-007
1613.200000,7.5970E-007
1613.300000,7.5870E-007
1613.400000,7.6720E-007
1613.500000,7.8950E-007
1613.600000,7.9290E-007
1613.700000,7.6740E-007
1613.800000,7.4190E-007
1613.900000,7.9440E-007
1614.000000,7.6700E-007
1614.100000,7.5070E-007
1614.200000,7.3500E-007
1614.300000,7.6580E-007
1614.400000,7.7170E-007
1614.500000,7.0700E-007
1614.600000,7.6470E-007
1614.700000,7.4870E-007
1614.800000,7.2680E-007
1614.900000,7.4700E-007
1615.000000,7.6340E-007
1615.100000,7.1310E-007
1615.200000,7.3430E-007
1615.300000,7.5650E-007
1615.400000,7.1240E-007
1615.500000,7.6720E-007
1615.600000,7.2300E-007
1615.700000,7.2320E-007
1615.800000,7.0900E-007
1615.900000,7.0160E-007
1616.000000,7.2460E-007
1616.100000,6.9580E-007
1616.200000,7.2830E-007
1616.300000,7.0120E-007
1616.400000,6.9030E-007
1616.500000,6.9950E-007
1616.600000,7.0170E-007
1616.700000,6.9970E-007
1616.800000,6.7480E-007
1616.900000,7.0170E-007
1617.000000,6.8060E-007
1617.100000,6.9900E-007
1617.200000,7.3010E-007
1617.300000,6.6810E-007
1617.400000,6.5920E-007
1617.500000,6.9050E-007
1617.600000,6.8950E-007
1617.700000,6.8630E-007
1617.800000,6.3330E-007
1617.900000,6.6650E-007
1618.000000,6.7350E-007
1618.100000,6.6960E-007
1618.200000,6.3080E-007
1618.300000,6.4580E-007
1618.400000,6.5980E-007
1618.500000,6.5480E-007
1618.600000,6.3890E-007
1618.700000,6.7130E-007
1618.800000,6.2410E-007
1618.900000,6.1700E-007
1619.000000,6.7760E-007
1619.100000,6.5740E-007
1619.200000,6.6930E-007
1619.300000,6.4360E-007
1619.400000,6.0850E-007
1619.500000,7.0340E-007
1619.600000,6.4410E-007
1619.700000,6.0210E-007
1619.800000,6.5760E-007
1619.900000,6.4060E-007
1620.000000,6.4730E-007
1620.100000,6.7020E-007
1620.200000,6.1130E-007
1620.300000,6.4540E-007
1620.400000,6.2470E-007
1620.500000,6.3840E-007
1620.600000,5.9520E-007
1620.700000,6.3020E-007
1620.800000,5.8150E-007
1620.900000,6.5140E-007
1621.000000,6.4290E-007
1621.100000,5.8400E-007
1621.200000,6.2530E-007
1621.300000,5.9380E-007
1621.400000,5.9660E-007
1621.500000,6.2800E-007
1621.600000,6.2920E-007
1621.700000,5.7250E-007
1621.800000,6.2630E-007
1621.900000,5.7970E-007
1622.000000,5.7450E-007
1622.100000,5.9580E-007
1622.200000,6.0640E-007
1622.300000,6.2900E-007
1622.400000,6.3330E-007
1622.500000,5.8640E-007
1622.600000,5.5060E-007
1622.700000,5.9500E-007
1622.800000,5.6720E-007
1622.900000,5.6030E-007
1623.000000,5.6600E-007
1623.100000,5.6600E-007
1623.200000,6.2310E-007
1623.300000,5.5070E-007
1623.400000,5.7660E-007
1623.500000,5.6910E-007
1623.600000,5.1840E-007
1623.700000,5.3750E-007
1623.800000,5.6530E-007
1623.900000,5.3230E-007
1624.000000,5.6550E-007
1624.100000,5.9770E-007
1624.200000,5.5520E-007
1624.300000,5.7120E-007
1624.400000,5.3960E-007
1624.500000,5.5120E-007
1624.600000,5.5000E-007
1624.700000,5.4040E-007
1624.800000,5.7360E-007
1624.900000,5.2380E-007
1625.000000,5.3550E-007
1625.100000,5.5920E-007
1625.200000,5.2390E-007
1625.300000,5.2900E-007
1625.400000,5.3510E-007
1625.500000,5.5830E-007
1625.600000,5.4380E-007
1625.700000,5.5140E-007
1625.800000,5.3110E-007
1625.900000,5.6640E-007
1626.000000,5.4980E-007
1626.100000,5.6800E-007
1626.200000,5.3840E-007
1626.300000,5.2400E-007
1626.400000,5.5620E-007
1626.500000,5.3650E-007
1626.600000,5.5420E-007
1626.700000,5.3880E-007
1626.800000,5.0540E-007
1626.900000,5.1990E-007
1627.000000,5.1790E-007
1627.100000,5.5490E-007
1627.200000,5.1100E-007
1627.300000,5.4140E-007
1627.400000,5.2580E-007
1627.500000,5.2750E-007
1627.600000,5.4850E-007
