File,WaveData20230210_033.csv,
Date/Time,23-02-10/21:42,

Trace,A
Center Wavelength,1500.6,nm
Span Wavelength,499.8,nm
Start Wavelength,1250.7,nm
Stop Wavelength,1750.5,nm
Value In Air/Vacuum,Vacuum,
Optical Attenuater,Off,
Resolution,0.5,nm
Actual Resolution,0.483,nm
VBW,2000,Hz
Point Average,Off,
Sweep Average,1,
Smooth,Off,
Sampling Points,2001,pt
Trace Type,Write,
Trace Storage Mode,Off,
Trace Calculate Trace 1,-,
Trace Calculate Trace 2,-,
Dynamic Range,Normal,
Ext-Trigger,Off,
Interval Time,Off,
MM Mode,Off,
Start,1250.7,nm
Stop,1750.5,nm
Trace,B
Center Wavelength,1500.6,nm
Span Wavelength,499.8,nm
Start Wavelength,1250.7,nm
Stop Wavelength,1750.5,nm
Value In Air/Vacuum,Vacuum,
Optical Attenuater,Off,
Resolution,0.5,nm
Actual Resolution,0.483,nm
VBW,2000,Hz
Point Average,Off,
Sweep Average,1,
Smooth,Off,
Sampling Points,2001,pt
Trace Type,Write,
Trace Storage Mode,Off,
Trace Calculate Trace 1,-,
Trace Calculate Trace 2,-,
Dynamic Range,Normal,
Ext-Trigger,Off,
Interval Time,Off,
MM Mode,Off,
Start,1250.7,nm
Stop,1750.5,nm

Wavelength(A),Level(A),Wavelength(B),Level(B)
1250.700000,8.4790E-007,1250.700000,8.4790E-007
1250.949900,8.7130E-007,1250.949900,8.7130E-007
1251.199800,8.9780E-007,1251.199800,8.9780E-007
1251.449700,8.4010E-007,1251.449700,8.4010E-007
1251.699600,8.6510E-007,1251.699600,8.6510E-007
1251.949500,8.5260E-007,1251.949500,8.5260E-007
1252.199400,8.0160E-007,1252.199400,8.0160E-007
1252.449300,8.0530E-007,1252.449300,8.0530E-007
1252.699200,8.5860E-007,1252.699200,8.5860E-007
1252.949100,8.5620E-007,1252.949100,8.5620E-007
1253.199000,8.4170E-007,1253.199000,8.4170E-007
1253.448900,8.5330E-007,1253.448900,8.5330E-007
1253.698800,8.4800E-007,1253.698800,8.4800E-007
1253.948700,8.4970E-007,1253.948700,8.4970E-007
1254.198600,7.9360E-007,1254.198600,7.9360E-007
1254.448500,7.9960E-007,1254.448500,7.9960E-007
1254.698400,8.5040E-007,1254.698400,8.5040E-007
1254.948300,8.5280E-007,1254.948300,8.5280E-007
1255.198200,8.6080E-007,1255.198200,8.6080E-007
1255.448100,8.3040E-007,1255.448100,8.3040E-007
1255.698000,8.2380E-007,1255.698000,8.2380E-007
1255.947900,8.4630E-007,1255.947900,8.4630E-007
1256.197800,7.4950E-007,1256.197800,7.4950E-007
1256.447700,8.4930E-007,1256.447700,8.4930E-007
1256.697600,8.4160E-007,1256.697600,8.4160E-007
1256.947500,8.5180E-007,1256.947500,8.5180E-007
1257.197400,8.6900E-007,1257.197400,8.6900E-007
1257.447300,8.3000E-007,1257.447300,8.3000E-007
1257.697200,8.0220E-007,1257.697200,8.0220E-007
1257.947100,8.2950E-007,1257.947100,8.2950E-007
1258.197000,8.3400E-007,1258.197000,8.3400E-007
1258.446900,7.8040E-007,1258.446900,7.8040E-007
1258.696800,7.9450E-007,1258.696800,7.9450E-007
1258.946700,8.1480E-007,1258.946700,8.1480E-007
1259.196600,8.3010E-007,1259.196600,8.3010E-007
1259.446500,8.1950E-007,1259.446500,8.1950E-007
1259.696400,8.3470E-007,1259.696400,8.3470E-007
1259.946300,8.6610E-007,1259.946300,8.6610E-007
1260.196200,8.2270E-007,1260.196200,8.2270E-007
1260.446100,8.1390E-007,1260.446100,8.1390E-007
1260.696000,8.1680E-007,1260.696000,8.1680E-007
1260.945900,8.4950E-007,1260.945900,8.4950E-007
1261.195800,8.4200E-007,1261.195800,8.4200E-007
1261.445700,7.7380E-007,1261.445700,7.7380E-007
1261.695600,7.9030E-007,1261.695600,7.9030E-007
1261.945500,8.0420E-007,1261.945500,8.0420E-007
1262.195400,8.3790E-007,1262.195400,8.3790E-007
1262.445300,8.6740E-007,1262.445300,8.6740E-007
1262.695200,8.6760E-007,1262.695200,8.6760E-007
1262.945100,8.0160E-007,1262.945100,8.0160E-007
1263.195000,8.5550E-007,1263.195000,8.5550E-007
1263.444900,8.1720E-007,1263.444900,8.1720E-007
1263.694800,8.0410E-007,1263.694800,8.0410E-007
1263.944700,8.4410E-007,1263.944700,8.4410E-007
1264.194600,8.2210E-007,1264.194600,8.2210E-007
1264.444500,8.4890E-007,1264.444500,8.4890E-007
1264.694400,8.1230E-007,1264.694400,8.1230E-007
1264.944300,8.4200E-007,1264.944300,8.4200E-007
1265.194200,8.7210E-007,1265.194200,8.7210E-007
1265.444100,8.2610E-007,1265.444100,8.2610E-007
1265.694000,8.0630E-007,1265.694000,8.0630E-007
1265.943900,8.2910E-007,1265.943900,8.2910E-007
1266.193800,8.1110E-007,1266.193800,8.1110E-007
1266.443700,8.2850E-007,1266.443700,8.2850E-007
1266.693600,8.2080E-007,1266.693600,8.2080E-007
1266.943500,8.3980E-007,1266.943500,8.3980E-007
1267.193400,7.9390E-007,1267.193400,7.9390E-007
1267.443300,8.2760E-007,1267.443300,8.2760E-007
1267.693200,8.2440E-007,1267.693200,8.2440E-007
1267.943100,8.2820E-007,1267.943100,8.2820E-007
1268.193000,8.3220E-007,1268.193000,8.3220E-007
1268.442900,8.6580E-007,1268.442900,8.6580E-007
1268.692800,8.3530E-007,1268.692800,8.3530E-007
1268.942700,8.2410E-007,1268.942700,8.2410E-007
1269.192600,8.2270E-007,1269.192600,8.2270E-007
1269.442500,8.4090E-007,1269.442500,8.4090E-007
1269.692400,8.1990E-007,1269.692400,8.1990E-007
1269.942300,7.7070E-007,1269.942300,7.7070E-007
1270.192200,8.0740E-007,1270.192200,8.0740E-007
1270.442100,8.4890E-007,1270.442100,8.4890E-007
1270.692000,7.6780E-007,1270.692000,7.6780E-007
1270.941900,8.5500E-007,1270.941900,8.5500E-007
1271.191800,8.2630E-007,1271.191800,8.2630E-007
1271.441700,8.3280E-007,1271.441700,8.3280E-007
1271.691600,8.1930E-007,1271.691600,8.1930E-007
1271.941500,7.9370E-007,1271.941500,7.9370E-007
1272.191400,8.3150E-007,1272.191400,8.3150E-007
1272.441300,8.0360E-007,1272.441300,8.0360E-007
1272.691200,8.1140E-007,1272.691200,8.1140E-007
1272.941100,8.3410E-007,1272.941100,8.3410E-007
1273.191000,8.3010E-007,1273.191000,8.3010E-007
1273.440900,7.9720E-007,1273.440900,7.9720E-007
1273.690800,8.5320E-007,1273.690800,8.5320E-007
1273.940700,8.4150E-007,1273.940700,8.4150E-007
1274.190600,8.1520E-007,1274.190600,8.1520E-007
1274.440500,8.3110E-007,1274.440500,8.3110E-007
1274.690400,8.0350E-007,1274.690400,8.0350E-007
1274.940300,8.4220E-007,1274.940300,8.4220E-007
1275.190200,8.5440E-007,1275.190200,8.5440E-007
1275.440100,8.3160E-007,1275.440100,8.3160E-007
1275.690000,8.2790E-007,1275.690000,8.2790E-007
1275.939900,8.4860E-007,1275.939900,8.4860E-007
1276.189800,8.4270E-007,1276.189800,8.4270E-007
1276.439700,7.8010E-007,1276.439700,7.8010E-007
1276.689600,8.3500E-007,1276.689600,8.3500E-007
1276.939500,8.6340E-007,1276.939500,8.6340E-007
1277.189400,8.0600E-007,1277.189400,8.0600E-007
1277.439300,8.1800E-007,1277.439300,8.1800E-007
1277.689200,8.1320E-007,1277.689200,8.1320E-007
1277.939100,7.7300E-007,1277.939100,7.7300E-007
1278.189000,8.0800E-007,1278.189000,8.0800E-007
1278.438900,7.9560E-007,1278.438900,7.9560E-007
1278.688800,7.9950E-007,1278.688800,7.9950E-007
1278.938700,7.8990E-007,1278.938700,7.8990E-007
1279.188600,7.8820E-007,1279.188600,7.8820E-007
1279.438500,7.9650E-007,1279.438500,7.9650E-007
1279.688400,7.8810E-007,1279.688400,7.8810E-007
1279.938300,8.0480E-007,1279.938300,8.0480E-007
1280.188200,8.2870E-007,1280.188200,8.2870E-007
1280.438100,8.5290E-007,1280.438100,8.5290E-007
1280.688000,8.1060E-007,1280.688000,8.1060E-007
1280.937900,7.9130E-007,1280.937900,7.9130E-007
1281.187800,7.9820E-007,1281.187800,7.9820E-007
1281.437700,7.9990E-007,1281.437700,7.9990E-007
1281.687600,7.7930E-007,1281.687600,7.7930E-007
1281.937500,7.9820E-007,1281.937500,7.9820E-007
1282.187400,8.2480E-007,1282.187400,8.2480E-007
1282.437300,8.1340E-007,1282.437300,8.1340E-007
1282.687200,8.2430E-007,1282.687200,8.2430E-007
1282.937100,8.5920E-007,1282.937100,8.5920E-007
1283.187000,8.0100E-007,1283.187000,8.0100E-007
1283.436900,8.5590E-007,1283.436900,8.5590E-007
1283.686800,7.8530E-007,1283.686800,7.8530E-007
1283.936700,8.2140E-007,1283.936700,8.2140E-007
1284.186600,7.7960E-007,1284.186600,7.7960E-007
1284.436500,8.2440E-007,1284.436500,8.2440E-007
1284.686400,7.7090E-007,1284.686400,7.7090E-007
1284.936300,8.1600E-007,1284.936300,8.1600E-007
1285.186200,8.1080E-007,1285.186200,8.1080E-007
1285.436100,8.1320E-007,1285.436100,8.1320E-007
1285.686000,8.4640E-007,1285.686000,8.4640E-007
1285.935900,7.8890E-007,1285.935900,7.8890E-007
1286.185800,8.1730E-007,1286.185800,8.1730E-007
1286.435700,7.9240E-007,1286.435700,7.9240E-007
1286.685600,8.2570E-007,1286.685600,8.2570E-007
1286.935500,8.1010E-007,1286.935500,8.1010E-007
1287.185400,7.6620E-007,1287.185400,7.6620E-007
1287.435300,8.0020E-007,1287.435300,8.0020E-007
1287.685200,8.1460E-007,1287.685200,8.1460E-007
1287.935100,8.0750E-007,1287.935100,8.0750E-007
1288.185000,7.8850E-007,1288.185000,7.8850E-007
1288.434900,8.2530E-007,1288.434900,8.2530E-007
1288.684800,7.8780E-007,1288.684800,7.8780E-007
1288.934700,7.9910E-007,1288.934700,7.9910E-007
1289.184600,8.1360E-007,1289.184600,8.1360E-007
1289.434500,8.3700E-007,1289.434500,8.3700E-007
1289.684400,8.3780E-007,1289.684400,8.3780E-007
1289.934300,7.7300E-007,1289.934300,7.7300E-007
1290.184200,7.7730E-007,1290.184200,7.7730E-007
1290.434100,7.9690E-007,1290.434100,7.9690E-007
1290.684000,7.9120E-007,1290.684000,7.9120E-007
1290.933900,8.2560E-007,1290.933900,8.2560E-007
1291.183800,7.9660E-007,1291.183800,7.9660E-007
1291.433700,7.9110E-007,1291.433700,7.9110E-007
1291.683600,8.0150E-007,1291.683600,8.0150E-007
1291.933500,8.0150E-007,1291.933500,8.0150E-007
1292.183400,7.5380E-007,1292.183400,7.5380E-007
1292.433300,7.9260E-007,1292.433300,7.9260E-007
1292.683200,7.8070E-007,1292.683200,7.8070E-007
1292.933100,7.5690E-007,1292.933100,7.5690E-007
1293.183000,7.5210E-007,1293.183000,7.5210E-007
1293.432900,8.1950E-007,1293.432900,8.1950E-007
1293.682800,7.5800E-007,1293.682800,7.5800E-007
1293.932700,8.0360E-007,1293.932700,8.0360E-007
1294.182600,7.8520E-007,1294.182600,7.8520E-007
1294.432500,8.0980E-007,1294.432500,8.0980E-007
1294.682400,7.6280E-007,1294.682400,7.6280E-007
1294.932300,7.5650E-007,1294.932300,7.5650E-007
1295.182200,7.6570E-007,1295.182200,7.6570E-007
1295.432100,7.8790E-007,1295.432100,7.8790E-007
1295.682000,8.1630E-007,1295.682000,8.1630E-007
1295.931900,7.8010E-007,1295.931900,7.8010E-007
1296.181800,8.0470E-007,1296.181800,8.0470E-007
1296.431700,7.8550E-007,1296.431700,7.8550E-007
1296.681600,8.3030E-007,1296.681600,8.3030E-007
1296.931500,8.1700E-007,1296.931500,8.1700E-007
1297.181400,7.7850E-007,1297.181400,7.7850E-007
1297.431300,7.6440E-007,1297.431300,7.6440E-007
1297.681200,8.1320E-007,1297.681200,8.1320E-007
1297.931100,7.8840E-007,1297.931100,7.8840E-007
1298.181000,7.8210E-007,1298.181000,7.8210E-007
1298.430900,7.8560E-007,1298.430900,7.8560E-007
1298.680800,7.8330E-007,1298.680800,7.8330E-007
1298.930700,7.8640E-007,1298.930700,7.8640E-007
1299.180600,7.4840E-007,1299.180600,7.4840E-007
1299.430500,7.8380E-007,1299.430500,7.8380E-007
1299.680400,8.1680E-007,1299.680400,8.1680E-007
1299.930300,7.9550E-007,1299.930300,7.9550E-007
1300.180200,7.7440E-007,1300.180200,7.7440E-007
1300.430100,7.4790E-007,1300.430100,7.4790E-007
1300.680000,8.2670E-007,1300.680000,8.2670E-007
1300.929900,7.4290E-007,1300.929900,7.4290E-007
1301.179800,7.6040E-007,1301.179800,7.6040E-007
1301.429700,7.8170E-007,1301.429700,7.8170E-007
1301.679600,7.9430E-007,1301.679600,7.9430E-007
1301.929500,7.7120E-007,1301.929500,7.7120E-007
1302.179400,7.6520E-007,1302.179400,7.6520E-007
1302.429300,8.0260E-007,1302.429300,8.0260E-007
1302.679200,7.8770E-007,1302.679200,7.8770E-007
1302.929100,7.9860E-007,1302.929100,7.9860E-007
1303.179000,8.2750E-007,1303.179000,8.2750E-007
1303.428900,7.7800E-007,1303.428900,7.7800E-007
1303.678800,7.8500E-007,1303.678800,7.8500E-007
1303.928700,8.0530E-007,1303.928700,8.0530E-007
1304.178600,7.6420E-007,1304.178600,7.6420E-007
1304.428500,7.9120E-007,1304.428500,7.9120E-007
1304.678400,7.7250E-007,1304.678400,7.7250E-007
1304.928300,7.7280E-007,1304.928300,7.7280E-007
1305.178200,7.5680E-007,1305.178200,7.5680E-007
1305.428100,8.1630E-007,1305.428100,8.1630E-007
1305.678000,7.7170E-007,1305.678000,7.7170E-007
1305.927900,8.2190E-007,1305.927900,8.2190E-007
1306.177800,7.7310E-007,1306.177800,7.7310E-007
1306.427700,7.9090E-007,1306.427700,7.9090E-007
1306.677600,7.7930E-007,1306.677600,7.7930E-007
1306.927500,7.8940E-007,1306.927500,7.8940E-007
1307.177400,8.1990E-007,1307.177400,8.1990E-007
1307.427300,7.6860E-007,1307.427300,7.6860E-007
1307.677200,6.9970E-007,1307.677200,6.9970E-007
1307.927100,7.7810E-007,1307.927100,7.7810E-007
1308.177000,7.9710E-007,1308.177000,7.9710E-007
1308.426900,7.8820E-007,1308.426900,7.8820E-007
1308.676800,8.1210E-007,1308.676800,8.1210E-007
1308.926700,7.7060E-007,1308.926700,7.7060E-007
1309.176600,7.7260E-007,1309.176600,7.7260E-007
1309.426500,8.0000E-007,1309.426500,8.0000E-007
1309.676400,7.5170E-007,1309.676400,7.5170E-007
1309.926300,7.6300E-007,1309.926300,7.6300E-007
1310.176200,7.8490E-007,1310.176200,7.8490E-007
1310.426100,7.6490E-007,1310.426100,7.6490E-007
1310.676000,7.8150E-007,1310.676000,7.8150E-007
1310.925900,7.8170E-007,1310.925900,7.8170E-007
1311.175800,7.5520E-007,1311.175800,7.5520E-007
1311.425700,7.4970E-007,1311.425700,7.4970E-007
1311.675600,7.8110E-007,1311.675600,7.8110E-007
1311.925500,7.9010E-007,1311.925500,7.9010E-007
1312.175400,7.5180E-007,1312.175400,7.5180E-007
1312.425300,7.8050E-007,1312.425300,7.8050E-007
1312.675200,7.9180E-007,1312.675200,7.9180E-007
1312.925100,7.5500E-007,1312.925100,7.5500E-007
1313.175000,7.5010E-007,1313.175000,7.5010E-007
1313.424900,7.4780E-007,1313.424900,7.4780E-007
1313.674800,7.5890E-007,1313.674800,7.5890E-007
1313.924700,8.0240E-007,1313.924700,8.0240E-007
1314.174600,7.4300E-007,1314.174600,7.4300E-007
1314.424500,7.5720E-007,1314.424500,7.5720E-007
1314.674400,7.4580E-007,1314.674400,7.4580E-007
1314.924300,7.9550E-007,1314.924300,7.9550E-007
1315.174200,8.0340E-007,1315.174200,8.0340E-007
1315.424100,7.2800E-007,1315.424100,7.2800E-007
1315.674000,7.2720E-007,1315.674000,7.2720E-007
1315.923900,7.7860E-007,1315.923900,7.7860E-007
1316.173800,7.4720E-007,1316.173800,7.4720E-007
1316.423700,7.3270E-007,1316.423700,7.3270E-007
1316.673600,7.9830E-007,1316.673600,7.9830E-007
1316.923500,7.9090E-007,1316.923500,7.9090E-007
1317.173400,8.0490E-007,1317.173400,8.0490E-007
1317.423300,8.2050E-007,1317.423300,8.2050E-007
1317.673200,7.9930E-007,1317.673200,7.9930E-007
1317.923100,7.7900E-007,1317.923100,7.7900E-007
1318.173000,7.5260E-007,1318.173000,7.5260E-007
1318.422900,7.6320E-007,1318.422900,7.6320E-007
1318.672800,7.7940E-007,1318.672800,7.7940E-007
1318.922700,7.6760E-007,1318.922700,7.6760E-007
1319.172600,7.7070E-007,1319.172600,7.7070E-007
1319.422500,7.9210E-007,1319.422500,7.9210E-007
1319.672400,7.5290E-007,1319.672400,7.5290E-007
1319.922300,8.0810E-007,1319.922300,8.0810E-007
1320.172200,7.2260E-007,1320.172200,7.2260E-007
1320.422100,7.9820E-007,1320.422100,7.9820E-007
1320.672000,7.3160E-007,1320.672000,7.3160E-007
1320.921900,7.5020E-007,1320.921900,7.5020E-007
1321.171800,7.8300E-007,1321.171800,7.8300E-007
1321.421700,7.7040E-007,1321.421700,7.7040E-007
1321.671600,7.7750E-007,1321.671600,7.7750E-007
1321.921500,7.3430E-007,1321.921500,7.3430E-007
1322.171400,7.0380E-007,1322.171400,7.0380E-007
1322.421300,7.9590E-007,1322.421300,7.9590E-007
1322.671200,7.4580E-007,1322.671200,7.4580E-007
1322.921100,7.2910E-007,1322.921100,7.2910E-007
1323.171000,8.1270E-007,1323.171000,8.1270E-007
1323.420900,7.5460E-007,1323.420900,7.5460E-007
1323.670800,7.5930E-007,1323.670800,7.5930E-007
1323.920700,7.5950E-007,1323.920700,7.5950E-007
1324.170600,7.5740E-007,1324.170600,7.5740E-007
1324.420500,7.5430E-007,1324.420500,7.5430E-007
1324.670400,8.1210E-007,1324.670400,8.1210E-007
1324.920300,7.6630E-007,1324.920300,7.6630E-007
1325.170200,7.6300E-007,1325.170200,7.6300E-007
1325.420100,7.8650E-007,1325.420100,7.8650E-007
1325.670000,7.7020E-007,1325.670000,7.7020E-007
1325.919900,7.9390E-007,1325.919900,7.9390E-007
1326.169800,7.4490E-007,1326.169800,7.4490E-007
1326.419700,7.5480E-007,1326.419700,7.5480E-007
1326.669600,8.1420E-007,1326.669600,8.1420E-007
1326.919500,7.5020E-007,1326.919500,7.5020E-007
1327.169400,7.3560E-007,1327.169400,7.3560E-007
1327.419300,7.4670E-007,1327.419300,7.4670E-007
1327.669200,7.3780E-007,1327.669200,7.3780E-007
1327.919100,7.9510E-007,1327.919100,7.9510E-007
1328.169000,7.4150E-007,1328.169000,7.4150E-007
1328.418900,7.4220E-007,1328.418900,7.4220E-007
1328.668800,7.6460E-007,1328.668800,7.6460E-007
1328.918700,7.4230E-007,1328.918700,7.4230E-007
1329.168600,7.6580E-007,1329.168600,7.6580E-007
1329.418500,7.2290E-007,1329.418500,7.2290E-007
1329.668400,7.7450E-007,1329.668400,7.7450E-007
1329.918300,7.4820E-007,1329.918300,7.4820E-007
1330.168200,8.0460E-007,1330.168200,8.0460E-007
1330.418100,7.7710E-007,1330.418100,7.7710E-007
1330.668000,7.8160E-007,1330.668000,7.8160E-007
1330.917900,7.6280E-007,1330.917900,7.6280E-007
1331.167800,7.6670E-007,1331.167800,7.6670E-007
1331.417700,7.3020E-007,1331.417700,7.3020E-007
1331.667600,7.0880E-007,1331.667600,7.0880E-007
1331.917500,7.3060E-007,1331.917500,7.3060E-007
1332.167400,7.9890E-007,1332.167400,7.9890E-007
1332.417300,7.1760E-007,1332.417300,7.1760E-007
1332.667200,7.2780E-007,1332.667200,7.2780E-007
1332.917100,8.0320E-007,1332.917100,8.0320E-007
1333.167000,7.3650E-007,1333.167000,7.3650E-007
1333.416900,7.4580E-007,1333.416900,7.4580E-007
1333.666800,7.4060E-007,1333.666800,7.4060E-007
1333.916700,7.9040E-007,1333.916700,7.9040E-007
1334.166600,7.9710E-007,1334.166600,7.9710E-007
1334.416500,7.5510E-007,1334.416500,7.5510E-007
1334.666400,8.1990E-007,1334.666400,8.1990E-007
1334.916300,7.5790E-007,1334.916300,7.5790E-007
1335.166200,7.5060E-007,1335.166200,7.5060E-007
1335.416100,7.7220E-007,1335.416100,7.7220E-007
1335.666000,7.7750E-007,1335.666000,7.7750E-007
1335.915900,8.0760E-007,1335.915900,8.0760E-007
1336.165800,7.3950E-007,1336.165800,7.3950E-007
1336.415700,7.4150E-007,1336.415700,7.4150E-007
1336.665600,7.9140E-007,1336.665600,7.9140E-007
1336.915500,7.7850E-007,1336.915500,7.7850E-007
1337.165400,7.7270E-007,1337.165400,7.7270E-007
1337.415300,7.3290E-007,1337.415300,7.3290E-007
1337.665200,7.5050E-007,1337.665200,7.5050E-007
1337.915100,7.8020E-007,1337.915100,7.8020E-007
1338.165000,7.4770E-007,1338.165000,7.4770E-007
1338.414900,7.7710E-007,1338.414900,7.7710E-007
1338.664800,7.7500E-007,1338.664800,7.7500E-007
1338.914700,7.8130E-007,1338.914700,7.8130E-007
1339.164600,7.4760E-007,1339.164600,7.4760E-007
1339.414500,7.5640E-007,1339.414500,7.5640E-007
1339.664400,7.5070E-007,1339.664400,7.5070E-007
1339.914300,7.5220E-007,1339.914300,7.5220E-007
1340.164200,7.8620E-007,1340.164200,7.8620E-007
1340.414100,7.2990E-007,1340.414100,7.2990E-007
1340.664000,7.4720E-007,1340.664000,7.4720E-007
1340.913900,7.8250E-007,1340.913900,7.8250E-007
1341.163800,7.3300E-007,1341.163800,7.3300E-007
1341.413700,7.4800E-007,1341.413700,7.4800E-007
1341.663600,7.7850E-007,1341.663600,7.7850E-007
1341.913500,7.6940E-007,1341.913500,7.6940E-007
1342.163400,7.5040E-007,1342.163400,7.5040E-007
1342.413300,7.6160E-007,1342.413300,7.6160E-007
1342.663200,7.7840E-007,1342.663200,7.7840E-007
1342.913100,7.5460E-007,1342.913100,7.5460E-007
1343.163000,7.5890E-007,1343.163000,7.5890E-007
1343.412900,7.7140E-007,1343.412900,7.7140E-007
1343.662800,7.2120E-007,1343.662800,7.2120E-007
1343.912700,7.4160E-007,1343.912700,7.4160E-007
1344.162600,7.6970E-007,1344.162600,7.6970E-007
1344.412500,7.6780E-007,1344.412500,7.6780E-007
1344.662400,7.9170E-007,1344.662400,7.9170E-007
1344.912300,7.7390E-007,1344.912300,7.7390E-007
1345.162200,7.7660E-007,1345.162200,7.7660E-007
1345.412100,7.6250E-007,1345.412100,7.6250E-007
1345.662000,7.4890E-007,1345.662000,7.4890E-007
1345.911900,7.9130E-007,1345.911900,7.9130E-007
1346.161800,7.7710E-007,1346.161800,7.7710E-007
1346.411700,7.4500E-007,1346.411700,7.4500E-007
1346.661600,7.7450E-007,1346.661600,7.7450E-007
1346.911500,7.5460E-007,1346.911500,7.5460E-007
1347.161400,7.4560E-007,1347.161400,7.4560E-007
1347.411300,7.6130E-007,1347.411300,7.6130E-007
1347.661200,8.0700E-007,1347.661200,8.0700E-007
1347.911100,7.0720E-007,1347.911100,7.0720E-007
1348.161000,7.9100E-007,1348.161000,7.9100E-007
1348.410900,7.6280E-007,1348.410900,7.6280E-007
1348.660800,7.7550E-007,1348.660800,7.7550E-007
1348.910700,7.8700E-007,1348.910700,7.8700E-007
1349.160600,8.1310E-007,1349.160600,8.1310E-007
1349.410500,7.7080E-007,1349.410500,7.7080E-007
1349.660400,7.4650E-007,1349.660400,7.4650E-007
1349.910300,7.8480E-007,1349.910300,7.8480E-007
1350.160200,7.6590E-007,1350.160200,7.6590E-007
1350.410100,7.0880E-007,1350.410100,7.0880E-007
1350.660000,7.8590E-007,1350.660000,7.8590E-007
1350.909900,7.7780E-007,1350.909900,7.7780E-007
1351.159800,7.6150E-007,1351.159800,7.6150E-007
1351.409700,8.2460E-007,1351.409700,8.2460E-007
1351.659600,7.8150E-007,1351.659600,7.8150E-007
1351.909500,7.3290E-007,1351.909500,7.3290E-007
1352.159400,7.8150E-007,1352.159400,7.8150E-007
1352.409300,7.1530E-007,1352.409300,7.1530E-007
1352.659200,7.7670E-007,1352.659200,7.7670E-007
1352.909100,7.7080E-007,1352.909100,7.7080E-007
1353.159000,7.7780E-007,1353.159000,7.7780E-007
1353.408900,7.9940E-007,1353.408900,7.9940E-007
1353.658800,7.9850E-007,1353.658800,7.9850E-007
1353.908700,7.5690E-007,1353.908700,7.5690E-007
1354.158600,8.2540E-007,1354.158600,8.2540E-007
1354.408500,7.4560E-007,1354.408500,7.4560E-007
1354.658400,8.2410E-007,1354.658400,8.2410E-007
1354.908300,7.4260E-007,1354.908300,7.4260E-007
1355.158200,7.8930E-007,1355.158200,7.8930E-007
1355.408100,8.0030E-007,1355.408100,8.0030E-007
1355.658000,7.9650E-007,1355.658000,7.9650E-007
1355.907900,7.9930E-007,1355.907900,7.9930E-007
1356.157800,7.6460E-007,1356.157800,7.6460E-007
1356.407700,8.3750E-007,1356.407700,8.3750E-007
1356.657600,8.3040E-007,1356.657600,8.3040E-007
1356.907500,7.5160E-007,1356.907500,7.5160E-007
1357.157400,8.1010E-007,1357.157400,8.1010E-007
1357.407300,7.7750E-007,1357.407300,7.7750E-007
1357.657200,8.5020E-007,1357.657200,8.5020E-007
1357.907100,7.9960E-007,1357.907100,7.9960E-007
1358.157000,8.2850E-007,1358.157000,8.2850E-007
1358.406900,8.3850E-007,1358.406900,8.3850E-007
1358.656800,7.9000E-007,1358.656800,7.9000E-007
1358.906700,8.1780E-007,1358.906700,8.1780E-007
1359.156600,7.9250E-007,1359.156600,7.9250E-007
1359.406500,8.3460E-007,1359.406500,8.3460E-007
1359.656400,8.1450E-007,1359.656400,8.1450E-007
1359.906300,7.9800E-007,1359.906300,7.9800E-007
1360.156200,7.8390E-007,1360.156200,7.8390E-007
1360.406100,8.4200E-007,1360.406100,8.4200E-007
1360.656000,7.8150E-007,1360.656000,7.8150E-007
1360.905900,8.1650E-007,1360.905900,8.1650E-007
1361.155800,7.6610E-007,1361.155800,7.6610E-007
1361.405700,8.0850E-007,1361.405700,8.0850E-007
1361.655600,8.1550E-007,1361.655600,8.1550E-007
1361.905500,8.3180E-007,1361.905500,8.3180E-007
1362.155400,8.0630E-007,1362.155400,8.0630E-007
1362.405300,7.9660E-007,1362.405300,7.9660E-007
1362.655200,7.6530E-007,1362.655200,7.6530E-007
1362.905100,8.1170E-007,1362.905100,8.1170E-007
1363.155000,7.4640E-007,1363.155000,7.4640E-007
1363.404900,7.9520E-007,1363.404900,7.9520E-007
1363.654800,7.9620E-007,1363.654800,7.9620E-007
1363.904700,7.3240E-007,1363.904700,7.3240E-007
1364.154600,7.7460E-007,1364.154600,7.7460E-007
1364.404500,7.7760E-007,1364.404500,7.7760E-007
1364.654400,7.4570E-007,1364.654400,7.4570E-007
1364.904300,7.3130E-007,1364.904300,7.3130E-007
1365.154200,7.6850E-007,1365.154200,7.6850E-007
1365.404100,7.0400E-007,1365.404100,7.0400E-007
1365.654000,7.5620E-007,1365.654000,7.5620E-007
1365.903900,8.0280E-007,1365.903900,8.0280E-007
1366.153800,7.9530E-007,1366.153800,7.9530E-007
1366.403700,8.0730E-007,1366.403700,8.0730E-007
1366.653600,7.8880E-007,1366.653600,7.8880E-007
1366.903500,7.8230E-007,1366.903500,7.8230E-007
1367.153400,7.8710E-007,1367.153400,7.8710E-007
1367.403300,7.3010E-007,1367.403300,7.3010E-007
1367.653200,7.4010E-007,1367.653200,7.4010E-007
1367.903100,7.3850E-007,1367.903100,7.3850E-007
1368.153000,7.7810E-007,1368.153000,7.7810E-007
1368.402900,8.5430E-007,1368.402900,8.5430E-007
1368.652800,7.2720E-007,1368.652800,7.2720E-007
1368.902700,7.9240E-007,1368.902700,7.9240E-007
1369.152600,7.8850E-007,1369.152600,7.8850E-007
1369.402500,7.9940E-007,1369.402500,7.9940E-007
1369.652400,7.7750E-007,1369.652400,7.7750E-007
1369.902300,8.0990E-007,1369.902300,8.0990E-007
1370.152200,7.7240E-007,1370.152200,7.7240E-007
1370.402100,8.1110E-007,1370.402100,8.1110E-007
1370.652000,8.1310E-007,1370.652000,8.1310E-007
1370.901900,8.1800E-007,1370.901900,8.1800E-007
1371.151800,7.6370E-007,1371.151800,7.6370E-007
1371.401700,7.4850E-007,1371.401700,7.4850E-007
1371.651600,8.2770E-007,1371.651600,8.2770E-007
1371.901500,7.8030E-007,1371.901500,7.8030E-007
1372.151400,7.8810E-007,1372.151400,7.8810E-007
1372.401300,8.0800E-007,1372.401300,8.0800E-007
1372.651200,7.9780E-007,1372.651200,7.9780E-007
1372.901100,7.6660E-007,1372.901100,7.6660E-007
1373.151000,7.3300E-007,1373.151000,7.3300E-007
1373.400900,7.9650E-007,1373.400900,7.9650E-007
1373.650800,7.8570E-007,1373.650800,7.8570E-007
1373.900700,7.5980E-007,1373.900700,7.5980E-007
1374.150600,7.4210E-007,1374.150600,7.4210E-007
1374.400500,7.4290E-007,1374.400500,7.4290E-007
1374.650400,7.7760E-007,1374.650400,7.7760E-007
1374.900300,7.6620E-007,1374.900300,7.6620E-007
1375.150200,7.7460E-007,1375.150200,7.7460E-007
1375.400100,7.9810E-007,1375.400100,7.9810E-007
1375.650000,7.1860E-007,1375.650000,7.1860E-007
1375.899900,7.8880E-007,1375.899900,7.8880E-007
1376.149800,7.3970E-007,1376.149800,7.3970E-007
1376.399700,7.6680E-007,1376.399700,7.6680E-007
1376.649600,8.0810E-007,1376.649600,8.0810E-007
1376.899500,8.0390E-007,1376.899500,8.0390E-007
1377.149400,7.5500E-007,1377.149400,7.5500E-007
1377.399300,7.5530E-007,1377.399300,7.5530E-007
1377.649200,7.5210E-007,1377.649200,7.5210E-007
1377.899100,7.3370E-007,1377.899100,7.3370E-007
1378.149000,7.2920E-007,1378.149000,7.2920E-007
1378.398900,7.1840E-007,1378.398900,7.1840E-007
1378.648800,7.8940E-007,1378.648800,7.8940E-007
1378.898700,8.2920E-007,1378.898700,8.2920E-007
1379.148600,7.1840E-007,1379.148600,7.1840E-007
1379.398500,7.1970E-007,1379.398500,7.1970E-007
1379.648400,7.6510E-007,1379.648400,7.6510E-007
1379.898300,7.9830E-007,1379.898300,7.9830E-007
1380.148200,7.9710E-007,1380.148200,7.9710E-007
1380.398100,7.0950E-007,1380.398100,7.0950E-007
1380.648000,7.6260E-007,1380.648000,7.6260E-007
1380.897900,7.3170E-007,1380.897900,7.3170E-007
1381.147800,7.6090E-007,1381.147800,7.6090E-007
1381.397700,7.9890E-007,1381.397700,7.9890E-007
1381.647600,7.6370E-007,1381.647600,7.6370E-007
1381.897500,7.6390E-007,1381.897500,7.6390E-007
1382.147400,7.5450E-007,1382.147400,7.5450E-007
1382.397300,7.3790E-007,1382.397300,7.3790E-007
1382.647200,7.3590E-007,1382.647200,7.3590E-007
1382.897100,7.2920E-007,1382.897100,7.2920E-007
1383.147000,7.7230E-007,1383.147000,7.7230E-007
1383.396900,7.7720E-007,1383.396900,7.7720E-007
1383.646800,7.5840E-007,1383.646800,7.5840E-007
1383.896700,7.9370E-007,1383.896700,7.9370E-007
1384.146600,7.8250E-007,1384.146600,7.8250E-007
1384.396500,7.9720E-007,1384.396500,7.9720E-007
1384.646400,7.3680E-007,1384.646400,7.3680E-007
1384.896300,7.6800E-007,1384.896300,7.6800E-007
1385.146200,7.7260E-007,1385.146200,7.7260E-007
1385.396100,7.4880E-007,1385.396100,7.4880E-007
1385.646000,7.3190E-007,1385.646000,7.3190E-007
1385.895900,7.9810E-007,1385.895900,7.9810E-007
1386.145800,7.9490E-007,1386.145800,7.9490E-007
1386.395700,7.9200E-007,1386.395700,7.9200E-007
1386.645600,8.0820E-007,1386.645600,8.0820E-007
1386.895500,7.4870E-007,1386.895500,7.4870E-007
1387.145400,7.5860E-007,1387.145400,7.5860E-007
1387.395300,7.5540E-007,1387.395300,7.5540E-007
1387.645200,7.2860E-007,1387.645200,7.2860E-007
1387.895100,7.7010E-007,1387.895100,7.7010E-007
1388.145000,7.8260E-007,1388.145000,7.8260E-007
1388.394900,8.0090E-007,1388.394900,8.0090E-007
1388.644800,7.2420E-007,1388.644800,7.2420E-007
1388.894700,7.9960E-007,1388.894700,7.9960E-007
1389.144600,7.4270E-007,1389.144600,7.4270E-007
1389.394500,7.7450E-007,1389.394500,7.7450E-007
1389.644400,7.6170E-007,1389.644400,7.6170E-007
1389.894300,8.1660E-007,1389.894300,8.1660E-007
1390.144200,7.3290E-007,1390.144200,7.3290E-007
1390.394100,7.7030E-007,1390.394100,7.7030E-007
1390.644000,8.0040E-007,1390.644000,8.0040E-007
1390.893900,7.5620E-007,1390.893900,7.5620E-007
1391.143800,7.3710E-007,1391.143800,7.3710E-007
1391.393700,7.5760E-007,1391.393700,7.5760E-007
1391.643600,8.1910E-007,1391.643600,8.1910E-007
1391.893500,7.9840E-007,1391.893500,7.9840E-007
1392.143400,7.8960E-007,1392.143400,7.8960E-007
1392.393300,7.6170E-007,1392.393300,7.6170E-007
1392.643200,7.9160E-007,1392.643200,7.9160E-007
1392.893100,8.3020E-007,1392.893100,8.3020E-007
1393.143000,7.9960E-007,1393.143000,7.9960E-007
1393.392900,7.4770E-007,1393.392900,7.4770E-007
1393.642800,7.7830E-007,1393.642800,7.7830E-007
1393.892700,8.2670E-007,1393.892700,8.2670E-007
1394.142600,7.9890E-007,1394.142600,7.9890E-007
1394.392500,8.2420E-007,1394.392500,8.2420E-007
1394.642400,7.8760E-007,1394.642400,7.8760E-007
1394.892300,8.1830E-007,1394.892300,8.1830E-007
1395.142200,8.1060E-007,1395.142200,8.1060E-007
1395.392100,8.0880E-007,1395.392100,8.0880E-007
1395.642000,8.3830E-007,1395.642000,8.3830E-007
1395.891900,8.2200E-007,1395.891900,8.2200E-007
1396.141800,8.3410E-007,1396.141800,8.3410E-007
1396.391700,8.2280E-007,1396.391700,8.2280E-007
1396.641600,7.6400E-007,1396.641600,7.6400E-007
1396.891500,7.9190E-007,1396.891500,7.9190E-007
1397.141400,8.6040E-007,1397.141400,8.6040E-007
1397.391300,8.2650E-007,1397.391300,8.2650E-007
1397.641200,8.2060E-007,1397.641200,8.2060E-007
1397.891100,7.9660E-007,1397.891100,7.9660E-007
1398.141000,8.7070E-007,1398.141000,8.7070E-007
1398.390900,8.3270E-007,1398.390900,8.3270E-007
1398.640800,8.2740E-007,1398.640800,8.2740E-007
1398.890700,8.5260E-007,1398.890700,8.5260E-007
1399.140600,7.7830E-007,1399.140600,7.7830E-007
1399.390500,7.6860E-007,1399.390500,7.6860E-007
1399.640400,8.1560E-007,1399.640400,8.1560E-007
1399.890300,8.4190E-007,1399.890300,8.4190E-007
1400.140200,8.3800E-007,1400.140200,8.3800E-007
1400.390100,8.4000E-007,1400.390100,8.4000E-007
1400.640000,8.3420E-007,1400.640000,8.3420E-007
1400.889900,8.4820E-007,1400.889900,8.4820E-007
1401.139800,8.7090E-007,1401.139800,8.7090E-007
1401.389700,8.6950E-007,1401.389700,8.6950E-007
1401.639600,8.0080E-007,1401.639600,8.0080E-007
1401.889500,8.7910E-007,1401.889500,8.7910E-007
1402.139400,8.8830E-007,1402.139400,8.8830E-007
1402.389300,8.5070E-007,1402.389300,8.5070E-007
1402.639200,8.9000E-007,1402.639200,8.9000E-007
1402.889100,8.5900E-007,1402.889100,8.5900E-007
1403.139000,8.7080E-007,1403.139000,8.7080E-007
1403.388900,8.6600E-007,1403.388900,8.6600E-007
1403.638800,8.1760E-007,1403.638800,8.1760E-007
1403.888700,8.7070E-007,1403.888700,8.7070E-007
1404.138600,8.5120E-007,1404.138600,8.5120E-007
1404.388500,8.7290E-007,1404.388500,8.7290E-007
1404.638400,8.5400E-007,1404.638400,8.5400E-007
1404.888300,8.4480E-007,1404.888300,8.4480E-007
1405.138200,8.5780E-007,1405.138200,8.5780E-007
1405.388100,8.5930E-007,1405.388100,8.5930E-007
1405.638000,8.9410E-007,1405.638000,8.9410E-007
1405.887900,8.6830E-007,1405.887900,8.6830E-007
1406.137800,8.4890E-007,1406.137800,8.4890E-007
1406.387700,8.2550E-007,1406.387700,8.2550E-007
1406.637600,8.7640E-007,1406.637600,8.7640E-007
1406.887500,8.5950E-007,1406.887500,8.5950E-007
1407.137400,8.8840E-007,1407.137400,8.8840E-007
1407.387300,8.2220E-007,1407.387300,8.2220E-007
1407.637200,8.9670E-007,1407.637200,8.9670E-007
1407.887100,9.1120E-007,1407.887100,9.1120E-007
1408.137000,8.7140E-007,1408.137000,8.7140E-007
1408.386900,8.7760E-007,1408.386900,8.7760E-007
1408.636800,8.5070E-007,1408.636800,8.5070E-007
1408.886700,8.1660E-007,1408.886700,8.1660E-007
1409.136600,7.8260E-007,1409.136600,7.8260E-007
1409.386500,8.3010E-007,1409.386500,8.3010E-007
1409.636400,8.4710E-007,1409.636400,8.4710E-007
1409.886300,8.4820E-007,1409.886300,8.4820E-007
1410.136200,8.7620E-007,1410.136200,8.7620E-007
1410.386100,8.4210E-007,1410.386100,8.4210E-007
1410.636000,9.1800E-007,1410.636000,9.1800E-007
1410.885900,8.2930E-007,1410.885900,8.2930E-007
1411.135800,8.6810E-007,1411.135800,8.6810E-007
1411.385700,8.5290E-007,1411.385700,8.5290E-007
1411.635600,7.9020E-007,1411.635600,7.9020E-007
1411.885500,8.6170E-007,1411.885500,8.6170E-007
1412.135400,8.6810E-007,1412.135400,8.6810E-007
1412.385300,8.1670E-007,1412.385300,8.1670E-007
1412.635200,8.7720E-007,1412.635200,8.7720E-007
1412.885100,7.9370E-007,1412.885100,7.9370E-007
1413.135000,8.5550E-007,1413.135000,8.5550E-007
1413.384900,8.6330E-007,1413.384900,8.6330E-007
1413.634800,8.7620E-007,1413.634800,8.7620E-007
1413.884700,8.8350E-007,1413.884700,8.8350E-007
1414.134600,8.7070E-007,1414.134600,8.7070E-007
1414.384500,8.6000E-007,1414.384500,8.6000E-007
1414.634400,8.4690E-007,1414.634400,8.4690E-007
1414.884300,8.8340E-007,1414.884300,8.8340E-007
1415.134200,8.7180E-007,1415.134200,8.7180E-007
1415.384100,8.7380E-007,1415.384100,8.7380E-007
1415.634000,8.5820E-007,1415.634000,8.5820E-007
1415.883900,8.6780E-007,1415.883900,8.6780E-007
1416.133800,9.0960E-007,1416.133800,9.0960E-007
1416.383700,8.9650E-007,1416.383700,8.9650E-007
1416.633600,8.7700E-007,1416.633600,8.7700E-007
1416.883500,8.5280E-007,1416.883500,8.5280E-007
1417.133400,8.7380E-007,1417.133400,8.7380E-007
1417.383300,9.2730E-007,1417.383300,9.2730E-007
1417.633200,8.5700E-007,1417.633200,8.5700E-007
1417.883100,8.9300E-007,1417.883100,8.9300E-007
1418.133000,8.8270E-007,1418.133000,8.8270E-007
1418.382900,8.7500E-007,1418.382900,8.7500E-007
1418.632800,9.1130E-007,1418.632800,9.1130E-007
1418.882700,8.7680E-007,1418.882700,8.7680E-007
1419.132600,8.4470E-007,1419.132600,8.4470E-007
1419.382500,8.8160E-007,1419.382500,8.8160E-007
1419.632400,8.8770E-007,1419.632400,8.8770E-007
1419.882300,9.3590E-007,1419.882300,9.3590E-007
1420.132200,9.3320E-007,1420.132200,9.3320E-007
1420.382100,8.9120E-007,1420.382100,8.9120E-007
1420.632000,8.8330E-007,1420.632000,8.8330E-007
1420.881900,8.7880E-007,1420.881900,8.7880E-007
1421.131800,9.1340E-007,1421.131800,9.1340E-007
1421.381700,9.1780E-007,1421.381700,9.1780E-007
1421.631600,8.9200E-007,1421.631600,8.9200E-007
1421.881500,8.9730E-007,1421.881500,8.9730E-007
1422.131400,9.1000E-007,1422.131400,9.1000E-007
1422.381300,9.0900E-007,1422.381300,9.0900E-007
1422.631200,9.3270E-007,1422.631200,9.3270E-007
1422.881100,9.4100E-007,1422.881100,9.4100E-007
1423.131000,8.7970E-007,1423.131000,8.7970E-007
1423.380900,8.8850E-007,1423.380900,8.8850E-007
1423.630800,9.3150E-007,1423.630800,9.3150E-007
1423.880700,9.4250E-007,1423.880700,9.4250E-007
1424.130600,9.2040E-007,1424.130600,9.2040E-007
1424.380500,9.1940E-007,1424.380500,9.1940E-007
1424.630400,9.1440E-007,1424.630400,9.1440E-007
1424.880300,9.8630E-007,1424.880300,9.8630E-007
1425.130200,9.7160E-007,1425.130200,9.7160E-007
1425.380100,9.8060E-007,1425.380100,9.8060E-007
1425.630000,9.1910E-007,1425.630000,9.1910E-007
1425.879900,9.9110E-007,1425.879900,9.9110E-007
1426.129800,9.7790E-007,1426.129800,9.7790E-007
1426.379700,9.9700E-007,1426.379700,9.9700E-007
1426.629600,9.8100E-007,1426.629600,9.8100E-007
1426.879500,1.0050E-006,1426.879500,1.0050E-006
1427.129400,9.5110E-007,1427.129400,9.5110E-007
1427.379300,1.0120E-006,1427.379300,1.0120E-006
1427.629200,1.0010E-006,1427.629200,1.0010E-006
1427.879100,1.0030E-006,1427.879100,1.0030E-006
1428.129000,1.0170E-006,1428.129000,1.0170E-006
1428.378900,9.3060E-007,1428.378900,9.3060E-007
1428.628800,1.0490E-006,1428.628800,1.0490E-006
1428.878700,1.0620E-006,1428.878700,1.0620E-006
1429.128600,9.7740E-007,1429.128600,9.7740E-007
1429.378500,1.0290E-006,1429.378500,1.0290E-006
1429.628400,1.0440E-006,1429.628400,1.0440E-006
1429.878300,1.0200E-006,1429.878300,1.0200E-006
1430.128200,1.0160E-006,1430.128200,1.0160E-006
1430.378100,9.5800E-007,1430.378100,9.5800E-007
1430.628000,1.0030E-006,1430.628000,1.0030E-006
1430.877900,1.0450E-006,1430.877900,1.0450E-006
1431.127800,1.0750E-006,1431.127800,1.0750E-006
1431.377700,1.0630E-006,1431.377700,1.0630E-006
1431.627600,1.0850E-006,1431.627600,1.0850E-006
1431.877500,1.0200E-006,1431.877500,1.0200E-006
1432.127400,1.0500E-006,1432.127400,1.0500E-006
1432.377300,1.0770E-006,1432.377300,1.0770E-006
1432.627200,1.0760E-006,1432.627200,1.0760E-006
1432.877100,1.0870E-006,1432.877100,1.0870E-006
1433.127000,1.1250E-006,1433.127000,1.1250E-006
1433.376900,1.0520E-006,1433.376900,1.0520E-006
1433.626800,1.1100E-006,1433.626800,1.1100E-006
1433.876700,1.0470E-006,1433.876700,1.0470E-006
1434.126600,1.1310E-006,1434.126600,1.1310E-006
1434.376500,1.0540E-006,1434.376500,1.0540E-006
1434.626400,1.0990E-006,1434.626400,1.0990E-006
1434.876300,1.1360E-006,1434.876300,1.1360E-006
1435.126200,1.1250E-006,1435.126200,1.1250E-006
1435.376100,1.1550E-006,1435.376100,1.1550E-006
1435.626000,1.1380E-006,1435.626000,1.1380E-006
1435.875900,1.1110E-006,1435.875900,1.1110E-006
1436.125800,1.1070E-006,1436.125800,1.1070E-006
1436.375700,1.1290E-006,1436.375700,1.1290E-006
1436.625600,1.1740E-006,1436.625600,1.1740E-006
1436.875500,1.1740E-006,1436.875500,1.1740E-006
1437.125400,1.1610E-006,1437.125400,1.1610E-006
1437.375300,1.1490E-006,1437.375300,1.1490E-006
1437.625200,1.1590E-006,1437.625200,1.1590E-006
1437.875100,1.1630E-006,1437.875100,1.1630E-006
1438.125000,1.1660E-006,1438.125000,1.1660E-006
1438.374900,1.1710E-006,1438.374900,1.1710E-006
1438.624800,1.2070E-006,1438.624800,1.2070E-006
1438.874700,1.2180E-006,1438.874700,1.2180E-006
1439.124600,1.1800E-006,1439.124600,1.1800E-006
1439.374500,1.2230E-006,1439.374500,1.2230E-006
1439.624400,1.1840E-006,1439.624400,1.1840E-006
1439.874300,1.2510E-006,1439.874300,1.2510E-006
1440.124200,1.2620E-006,1440.124200,1.2620E-006
1440.374100,1.2430E-006,1440.374100,1.2430E-006
1440.624000,1.1870E-006,1440.624000,1.1870E-006
1440.873900,1.2580E-006,1440.873900,1.2580E-006
1441.123800,1.2680E-006,1441.123800,1.2680E-006
1441.373700,1.2360E-006,1441.373700,1.2360E-006
1441.623600,1.2510E-006,1441.623600,1.2510E-006
1441.873500,1.2690E-006,1441.873500,1.2690E-006
1442.123400,1.2980E-006,1442.123400,1.2980E-006
1442.373300,1.2820E-006,1442.373300,1.2820E-006
1442.623200,1.3100E-006,1442.623200,1.3100E-006
1442.873100,1.2770E-006,1442.873100,1.2770E-006
1443.123000,1.3520E-006,1443.123000,1.3520E-006
1443.372900,1.3070E-006,1443.372900,1.3070E-006
1443.622800,1.3730E-006,1443.622800,1.3730E-006
1443.872700,1.3150E-006,1443.872700,1.3150E-006
1444.122600,1.2970E-006,1444.122600,1.2970E-006
1444.372500,1.2790E-006,1444.372500,1.2790E-006
1444.622400,1.3140E-006,1444.622400,1.3140E-006
1444.872300,1.3580E-006,1444.872300,1.3580E-006
1445.122200,1.3530E-006,1445.122200,1.3530E-006
1445.372100,1.3360E-006,1445.372100,1.3360E-006
1445.622000,1.3550E-006,1445.622000,1.3550E-006
1445.871900,1.3900E-006,1445.871900,1.3900E-006
1446.121800,1.3740E-006,1446.121800,1.3740E-006
1446.371700,1.4060E-006,1446.371700,1.4060E-006
1446.621600,1.3770E-006,1446.621600,1.3770E-006
1446.871500,1.3730E-006,1446.871500,1.3730E-006
1447.121400,1.4040E-006,1447.121400,1.4040E-006
1447.371300,1.3760E-006,1447.371300,1.3760E-006
1447.621200,1.4290E-006,1447.621200,1.4290E-006
1447.871100,1.3980E-006,1447.871100,1.3980E-006
1448.121000,1.3960E-006,1448.121000,1.3960E-006
1448.370900,1.4330E-006,1448.370900,1.4330E-006
1448.620800,1.4350E-006,1448.620800,1.4350E-006
1448.870700,1.4470E-006,1448.870700,1.4470E-006
1449.120600,1.4440E-006,1449.120600,1.4440E-006
1449.370500,1.4340E-006,1449.370500,1.4340E-006
1449.620400,1.4010E-006,1449.620400,1.4010E-006
1449.870300,1.4700E-006,1449.870300,1.4700E-006
1450.120200,1.4450E-006,1450.120200,1.4450E-006
1450.370100,1.4980E-006,1450.370100,1.4980E-006
1450.620000,1.5740E-006,1450.620000,1.5740E-006
1450.869900,1.4970E-006,1450.869900,1.4970E-006
1451.119800,1.4770E-006,1451.119800,1.4770E-006
1451.369700,1.5140E-006,1451.369700,1.5140E-006
1451.619600,1.5080E-006,1451.619600,1.5080E-006
1451.869500,1.5980E-006,1451.869500,1.5980E-006
1452.119400,1.5650E-006,1452.119400,1.5650E-006
1452.369300,1.5640E-006,1452.369300,1.5640E-006
1452.619200,1.5430E-006,1452.619200,1.5430E-006
1452.869100,1.5500E-006,1452.869100,1.5500E-006
1453.119000,1.5630E-006,1453.119000,1.5630E-006
1453.368900,1.6200E-006,1453.368900,1.6200E-006
1453.618800,1.5660E-006,1453.618800,1.5660E-006
1453.868700,1.5560E-006,1453.868700,1.5560E-006
1454.118600,1.6120E-006,1454.118600,1.6120E-006
1454.368500,1.6690E-006,1454.368500,1.6690E-006
1454.618400,1.6190E-006,1454.618400,1.6190E-006
1454.868300,1.6560E-006,1454.868300,1.6560E-006
1455.118200,1.6510E-006,1455.118200,1.6510E-006
1455.368100,1.6380E-006,1455.368100,1.6380E-006
1455.618000,1.6400E-006,1455.618000,1.6400E-006
1455.867900,1.6900E-006,1455.867900,1.6900E-006
1456.117800,1.7240E-006,1456.117800,1.7240E-006
1456.367700,1.7520E-006,1456.367700,1.7520E-006
1456.617600,1.7850E-006,1456.617600,1.7850E-006
1456.867500,1.8190E-006,1456.867500,1.8190E-006
1457.117400,1.7220E-006,1457.117400,1.7220E-006
1457.367300,1.7460E-006,1457.367300,1.7460E-006
1457.617200,1.7950E-006,1457.617200,1.7950E-006
1457.867100,1.8060E-006,1457.867100,1.8060E-006
1458.117000,1.8030E-006,1458.117000,1.8030E-006
1458.366900,1.7830E-006,1458.366900,1.7830E-006
1458.616800,1.7890E-006,1458.616800,1.7890E-006
1458.866700,1.7450E-006,1458.866700,1.7450E-006
1459.116600,1.8120E-006,1459.116600,1.8120E-006
1459.366500,1.8110E-006,1459.366500,1.8110E-006
1459.616400,1.8310E-006,1459.616400,1.8310E-006
1459.866300,1.7790E-006,1459.866300,1.7790E-006
1460.116200,1.8780E-006,1460.116200,1.8780E-006
1460.366100,1.8280E-006,1460.366100,1.8280E-006
1460.616000,1.8360E-006,1460.616000,1.8360E-006
1460.865900,1.8540E-006,1460.865900,1.8540E-006
1461.115800,1.8270E-006,1461.115800,1.8270E-006
1461.365700,1.8240E-006,1461.365700,1.8240E-006
1461.615600,1.8350E-006,1461.615600,1.8350E-006
1461.865500,1.8610E-006,1461.865500,1.8610E-006
1462.115400,1.8970E-006,1462.115400,1.8970E-006
1462.365300,1.9470E-006,1462.365300,1.9470E-006
1462.615200,1.9580E-006,1462.615200,1.9580E-006
1462.865100,1.9120E-006,1462.865100,1.9120E-006
1463.115000,1.9120E-006,1463.115000,1.9120E-006
1463.364900,1.9220E-006,1463.364900,1.9220E-006
1463.614800,1.9510E-006,1463.614800,1.9510E-006
1463.864700,1.9290E-006,1463.864700,1.9290E-006
1464.114600,1.9450E-006,1464.114600,1.9450E-006
1464.364500,1.9780E-006,1464.364500,1.9780E-006
1464.614400,1.9540E-006,1464.614400,1.9540E-006
1464.864300,1.9320E-006,1464.864300,1.9320E-006
1465.114200,1.9940E-006,1465.114200,1.9940E-006
1465.364100,1.9710E-006,1465.364100,1.9710E-006
1465.614000,2.0090E-006,1465.614000,2.0090E-006
1465.863900,1.9840E-006,1465.863900,1.9840E-006
1466.113800,2.0480E-006,1466.113800,2.0480E-006
1466.363700,2.0330E-006,1466.363700,2.0330E-006
1466.613600,1.9980E-006,1466.613600,1.9980E-006
1466.863500,2.0690E-006,1466.863500,2.0690E-006
1467.113400,2.0570E-006,1467.113400,2.0570E-006
1467.363300,2.0170E-006,1467.363300,2.0170E-006
1467.613200,2.0490E-006,1467.613200,2.0490E-006
1467.863100,2.0700E-006,1467.863100,2.0700E-006
1468.113000,2.1060E-006,1468.113000,2.1060E-006
1468.362900,2.0930E-006,1468.362900,2.0930E-006
1468.612800,2.1260E-006,1468.612800,2.1260E-006
1468.862700,2.0980E-006,1468.862700,2.0980E-006
1469.112600,2.1810E-006,1469.112600,2.1810E-006
1469.362500,2.1640E-006,1469.362500,2.1640E-006
1469.612400,2.1270E-006,1469.612400,2.1270E-006
1469.862300,2.1710E-006,1469.862300,2.1710E-006
1470.112200,2.1450E-006,1470.112200,2.1450E-006
1470.362100,2.1390E-006,1470.362100,2.1390E-006
1470.612000,2.1850E-006,1470.612000,2.1850E-006
1470.861900,2.1860E-006,1470.861900,2.1860E-006
1471.111800,2.1560E-006,1471.111800,2.1560E-006
1471.361700,2.2200E-006,1471.361700,2.2200E-006
1471.611600,2.2580E-006,1471.611600,2.2580E-006
1471.861500,2.2250E-006,1471.861500,2.2250E-006
1472.111400,2.1890E-006,1472.111400,2.1890E-006
1472.361300,2.2250E-006,1472.361300,2.2250E-006
1472.611200,2.2350E-006,1472.611200,2.2350E-006
1472.861100,2.3280E-006,1472.861100,2.3280E-006
1473.111000,2.2490E-006,1473.111000,2.2490E-006
1473.360900,2.2390E-006,1473.360900,2.2390E-006
1473.610800,2.2880E-006,1473.610800,2.2880E-006
1473.860700,2.2480E-006,1473.860700,2.2480E-006
1474.110600,2.2950E-006,1474.110600,2.2950E-006
1474.360500,2.2580E-006,1474.360500,2.2580E-006
1474.610400,2.2460E-006,1474.610400,2.2460E-006
1474.860300,2.3180E-006,1474.860300,2.3180E-006
1475.110200,2.3060E-006,1475.110200,2.3060E-006
1475.360100,2.3290E-006,1475.360100,2.3290E-006
1475.610000,2.3130E-006,1475.610000,2.3130E-006
1475.859900,2.3350E-006,1475.859900,2.3350E-006
1476.109800,2.3800E-006,1476.109800,2.3800E-006
1476.359700,2.3800E-006,1476.359700,2.3800E-006
1476.609600,2.3710E-006,1476.609600,2.3710E-006
1476.859500,2.3920E-006,1476.859500,2.3920E-006
1477.109400,2.4190E-006,1477.109400,2.4190E-006
1477.359300,2.4070E-006,1477.359300,2.4070E-006
1477.609200,2.3580E-006,1477.609200,2.3580E-006
1477.859100,2.4140E-006,1477.859100,2.4140E-006
1478.109000,2.3990E-006,1478.109000,2.3990E-006
1478.358900,2.4200E-006,1478.358900,2.4200E-006
1478.608800,2.4570E-006,1478.608800,2.4570E-006
1478.858700,2.4560E-006,1478.858700,2.4560E-006
1479.108600,2.4460E-006,1479.108600,2.4460E-006
1479.358500,2.5050E-006,1479.358500,2.5050E-006
1479.608400,2.5070E-006,1479.608400,2.5070E-006
1479.858300,2.5210E-006,1479.858300,2.5210E-006
1480.108200,2.5420E-006,1480.108200,2.5420E-006
1480.358100,2.4960E-006,1480.358100,2.4960E-006
1480.608000,2.5570E-006,1480.608000,2.5570E-006
1480.857900,2.5560E-006,1480.857900,2.5560E-006
1481.107800,2.5530E-006,1481.107800,2.5530E-006
1481.357700,2.6250E-006,1481.357700,2.6250E-006
1481.607600,2.5650E-006,1481.607600,2.5650E-006
1481.857500,2.5770E-006,1481.857500,2.5770E-006
1482.107400,2.6510E-006,1482.107400,2.6510E-006
1482.357300,2.6050E-006,1482.357300,2.6050E-006
1482.607200,2.6500E-006,1482.607200,2.6500E-006
1482.857100,2.6390E-006,1482.857100,2.6390E-006
1483.107000,2.6670E-006,1483.107000,2.6670E-006
1483.356900,2.6530E-006,1483.356900,2.6530E-006
1483.606800,2.7400E-006,1483.606800,2.7400E-006
1483.856700,2.7090E-006,1483.856700,2.7090E-006
1484.106600,2.7210E-006,1484.106600,2.7210E-006
1484.356500,2.7320E-006,1484.356500,2.7320E-006
1484.606400,2.7640E-006,1484.606400,2.7640E-006
1484.856300,2.7600E-006,1484.856300,2.7600E-006
1485.106200,2.7470E-006,1485.106200,2.7470E-006
1485.356100,2.7830E-006,1485.356100,2.7830E-006
1485.606000,2.8420E-006,1485.606000,2.8420E-006
1485.855900,2.8620E-006,1485.855900,2.8620E-006
1486.105800,2.8290E-006,1486.105800,2.8290E-006
1486.355700,2.8900E-006,1486.355700,2.8900E-006
1486.605600,2.9440E-006,1486.605600,2.9440E-006
1486.855500,2.9290E-006,1486.855500,2.9290E-006
1487.105400,2.9610E-006,1487.105400,2.9610E-006
1487.355300,2.9620E-006,1487.355300,2.9620E-006
1487.605200,2.9600E-006,1487.605200,2.9600E-006
1487.855100,2.9820E-006,1487.855100,2.9820E-006
1488.105000,2.9680E-006,1488.105000,2.9680E-006
1488.354900,2.9850E-006,1488.354900,2.9850E-006
1488.604800,3.0420E-006,1488.604800,3.0420E-006
1488.854700,3.0540E-006,1488.854700,3.0540E-006
1489.104600,3.0610E-006,1489.104600,3.0610E-006
1489.354500,3.0670E-006,1489.354500,3.0670E-006
1489.604400,3.1220E-006,1489.604400,3.1220E-006
1489.854300,3.1090E-006,1489.854300,3.1090E-006
1490.104200,3.1410E-006,1490.104200,3.1410E-006
1490.354100,3.1770E-006,1490.354100,3.1770E-006
1490.604000,3.2130E-006,1490.604000,3.2130E-006
1490.853900,3.2040E-006,1490.853900,3.2040E-006
1491.103800,3.2080E-006,1491.103800,3.2080E-006
1491.353700,3.2620E-006,1491.353700,3.2620E-006
1491.603600,3.3070E-006,1491.603600,3.3070E-006
1491.853500,3.3260E-006,1491.853500,3.3260E-006
1492.103400,3.3370E-006,1492.103400,3.3370E-006
1492.353300,3.3290E-006,1492.353300,3.3290E-006
1492.603200,3.3300E-006,1492.603200,3.3300E-006
1492.853100,3.3350E-006,1492.853100,3.3350E-006
1493.103000,3.3810E-006,1493.103000,3.3810E-006
1493.352900,3.3970E-006,1493.352900,3.3970E-006
1493.602800,3.4300E-006,1493.602800,3.4300E-006
1493.852700,3.4790E-006,1493.852700,3.4790E-006
1494.102600,3.4960E-006,1494.102600,3.4960E-006
1494.352500,3.5710E-006,1494.352500,3.5710E-006
1494.602400,3.5120E-006,1494.602400,3.5120E-006
1494.852300,3.5420E-006,1494.852300,3.5420E-006
1495.102200,3.6000E-006,1495.102200,3.6000E-006
1495.352100,3.5670E-006,1495.352100,3.5670E-006
1495.602000,3.6530E-006,1495.602000,3.6530E-006
1495.851900,3.6950E-006,1495.851900,3.6950E-006
1496.101800,3.7200E-006,1496.101800,3.7200E-006
1496.351700,3.7110E-006,1496.351700,3.7110E-006
1496.601600,3.7510E-006,1496.601600,3.7510E-006
1496.851500,3.8240E-006,1496.851500,3.8240E-006
1497.101400,3.8650E-006,1497.101400,3.8650E-006
1497.351300,3.8400E-006,1497.351300,3.8400E-006
1497.601200,3.9080E-006,1497.601200,3.9080E-006
1497.851100,3.8960E-006,1497.851100,3.8960E-006
1498.101000,3.9710E-006,1498.101000,3.9710E-006
1498.350900,3.9240E-006,1498.350900,3.9240E-006
1498.600800,3.9990E-006,1498.600800,3.9990E-006
1498.850700,4.0050E-006,1498.850700,4.0050E-006
1499.100600,4.0840E-006,1499.100600,4.0840E-006
1499.350500,4.0430E-006,1499.350500,4.0430E-006
1499.600400,4.0690E-006,1499.600400,4.0690E-006
1499.850300,4.1100E-006,1499.850300,4.1100E-006
1500.100200,4.1940E-006,1500.100200,4.1940E-006
1500.350100,4.1870E-006,1500.350100,4.1870E-006
1500.600000,4.2150E-006,1500.600000,4.2150E-006
1500.849900,4.2540E-006,1500.849900,4.2540E-006
1501.099800,4.2970E-006,1501.099800,4.2970E-006
1501.349700,4.3370E-006,1501.349700,4.3370E-006
1501.599600,4.3540E-006,1501.599600,4.3540E-006
1501.849500,4.4590E-006,1501.849500,4.4590E-006
1502.099400,4.4470E-006,1502.099400,4.4470E-006
1502.349300,4.5300E-006,1502.349300,4.5300E-006
1502.599200,4.5390E-006,1502.599200,4.5390E-006
1502.849100,4.6120E-006,1502.849100,4.6120E-006
1503.099000,4.6880E-006,1503.099000,4.6880E-006
1503.348900,4.6500E-006,1503.348900,4.6500E-006
1503.598800,4.7550E-006,1503.598800,4.7550E-006
1503.848700,4.7170E-006,1503.848700,4.7170E-006
1504.098600,4.8140E-006,1504.098600,4.8140E-006
1504.348500,4.8290E-006,1504.348500,4.8290E-006
1504.598400,4.9220E-006,1504.598400,4.9220E-006
1504.848300,4.9060E-006,1504.848300,4.9060E-006
1505.098200,5.0080E-006,1505.098200,5.0080E-006
1505.348100,5.0090E-006,1505.348100,5.0090E-006
1505.598000,5.1110E-006,1505.598000,5.1110E-006
1505.847900,5.1800E-006,1505.847900,5.1800E-006
1506.097800,5.2230E-006,1506.097800,5.2230E-006
1506.347700,5.3300E-006,1506.347700,5.3300E-006
1506.597600,5.3810E-006,1506.597600,5.3810E-006
1506.847500,5.4570E-006,1506.847500,5.4570E-006
1507.097400,5.4340E-006,1507.097400,5.4340E-006
1507.347300,5.5900E-006,1507.347300,5.5900E-006
1507.597200,5.7230E-006,1507.597200,5.7230E-006
1507.847100,5.7450E-006,1507.847100,5.7450E-006
1508.097000,5.8040E-006,1508.097000,5.8040E-006
1508.346900,5.8790E-006,1508.346900,5.8790E-006
1508.596800,6.0160E-006,1508.596800,6.0160E-006
1508.846700,6.0900E-006,1508.846700,6.0900E-006
1509.096600,6.1760E-006,1509.096600,6.1760E-006
1509.346500,6.2520E-006,1509.346500,6.2520E-006
1509.596400,6.3710E-006,1509.596400,6.3710E-006
1509.846300,6.4170E-006,1509.846300,6.4170E-006
1510.096200,6.6220E-006,1510.096200,6.6220E-006
1510.346100,6.7320E-006,1510.346100,6.7320E-006
1510.596000,6.8260E-006,1510.596000,6.8260E-006
1510.845900,6.9070E-006,1510.845900,6.9070E-006
1511.095800,7.0130E-006,1511.095800,7.0130E-006
1511.345700,7.1240E-006,1511.345700,7.1240E-006
1511.595600,7.2040E-006,1511.595600,7.2040E-006
1511.845500,7.4780E-006,1511.845500,7.4780E-006
1512.095400,7.5330E-006,1512.095400,7.5330E-006
1512.345300,7.6150E-006,1512.345300,7.6150E-006
1512.595200,7.7260E-006,1512.595200,7.7260E-006
1512.845100,7.8890E-006,1512.845100,7.8890E-006
1513.095000,7.9980E-006,1513.095000,7.9980E-006
1513.344900,8.0670E-006,1513.344900,8.0670E-006
1513.594800,8.3140E-006,1513.594800,8.3140E-006
1513.844700,8.4830E-006,1513.844700,8.4830E-006
1514.094600,8.5470E-006,1514.094600,8.5470E-006
1514.344500,8.7910E-006,1514.344500,8.7910E-006
1514.594400,9.0560E-006,1514.594400,9.0560E-006
1514.844300,9.2510E-006,1514.844300,9.2510E-006
1515.094200,9.6590E-006,1515.094200,9.6590E-006
1515.344100,9.8100E-006,1515.344100,9.8100E-006
1515.594000,1.0160E-005,1515.594000,1.0160E-005
1515.843900,1.0370E-005,1515.843900,1.0370E-005
1516.093800,1.0500E-005,1516.093800,1.0500E-005
1516.343700,1.1240E-005,1516.343700,1.1240E-005
1516.593600,1.1300E-005,1516.593600,1.1300E-005
1516.843500,1.1850E-005,1516.843500,1.1850E-005
1517.093400,1.2520E-005,1517.093400,1.2520E-005
1517.343300,1.2880E-005,1517.343300,1.2880E-005
1517.593200,1.4620E-005,1517.593200,1.4620E-005
1517.843100,1.5240E-005,1517.843100,1.5240E-005
1518.093000,1.5670E-005,1518.093000,1.5670E-005
1518.342900,1.7230E-005,1518.342900,1.7230E-005
1518.592800,1.8330E-005,1518.592800,1.8330E-005
1518.842700,1.9300E-005,1518.842700,1.9300E-005
1519.092600,2.0180E-005,1519.092600,2.0180E-005
1519.342500,2.1860E-005,1519.342500,2.1860E-005
1519.592400,2.2940E-005,1519.592400,2.2940E-005
1519.842300,2.5450E-005,1519.842300,2.5450E-005
1520.092200,2.7660E-005,1520.092200,2.7660E-005
1520.342100,2.9890E-005,1520.342100,2.9890E-005
1520.592000,3.2910E-005,1520.592000,3.2910E-005
1520.841900,3.4740E-005,1520.841900,3.4740E-005
1521.091800,3.8210E-005,1521.091800,3.8210E-005
1521.341700,4.0880E-005,1521.341700,4.0880E-005
1521.591600,4.6150E-005,1521.591600,4.6150E-005
1521.841500,5.0180E-005,1521.841500,5.0180E-005
1522.091400,5.3170E-005,1522.091400,5.3170E-005
1522.341300,6.0050E-005,1522.341300,6.0050E-005
1522.591200,6.8640E-005,1522.591200,6.8640E-005
1522.841100,7.4690E-005,1522.841100,7.4690E-005
1523.091000,9.2620E-005,1523.091000,9.2620E-005
1523.340900,1.0940E-004,1523.340900,1.0940E-004
1523.590800,1.2090E-004,1523.590800,1.2090E-004
1523.840700,1.2570E-004,1523.840700,1.2570E-004
1524.090600,1.4560E-004,1524.090600,1.4560E-004
1524.340500,1.7170E-004,1524.340500,1.7170E-004
1524.590400,1.8970E-004,1524.590400,1.8970E-004
1524.840300,2.0480E-004,1524.840300,2.0480E-004
1525.090200,2.5380E-004,1525.090200,2.5380E-004
1525.340100,2.9870E-004,1525.340100,2.9870E-004
1525.590000,3.3730E-004,1525.590000,3.3730E-004
1525.839900,3.5840E-004,1525.839900,3.5840E-004
1526.089800,3.9680E-004,1526.089800,3.9680E-004
1526.339700,4.3550E-004,1526.339700,4.3550E-004
1526.589600,4.8330E-004,1526.589600,4.8330E-004
1526.839500,5.5570E-004,1526.839500,5.5570E-004
1527.089400,6.0810E-004,1527.089400,6.0810E-004
1527.339300,6.6260E-004,1527.339300,6.6260E-004
1527.589200,6.6240E-004,1527.589200,6.6240E-004
1527.839100,7.5030E-004,1527.839100,7.5030E-004
1528.089000,7.2970E-004,1528.089000,7.2970E-004
1528.338900,7.1090E-004,1528.338900,7.1090E-004
1528.588800,7.3690E-004,1528.588800,7.3690E-004
1528.838700,7.4430E-004,1528.838700,7.4430E-004
1529.088600,7.7130E-004,1529.088600,7.7130E-004
1529.338500,8.1160E-004,1529.338500,8.1160E-004
1529.588400,9.8350E-004,1529.588400,9.8350E-004
1529.838300,1.0110E-003,1529.838300,1.0110E-003
1530.088200,1.0860E-003,1530.088200,1.0860E-003
1530.338100,1.2790E-003,1530.338100,1.2790E-003
1530.588000,1.4980E-003,1530.588000,1.4980E-003
1530.837900,1.5460E-003,1530.837900,1.5460E-003
1531.087800,1.7990E-003,1531.087800,1.7990E-003
1531.337700,2.6900E-003,1531.337700,2.6900E-003
1531.587600,2.6270E-003,1531.587600,2.6270E-003
1531.837500,2.1000E-003,1531.837500,2.1000E-003
1532.087400,2.5220E-003,1532.087400,2.5220E-003
1532.337300,2.2480E-003,1532.337300,2.2480E-003
1532.587200,2.0820E-003,1532.587200,2.0820E-003
1532.837100,2.6630E-003,1532.837100,2.6630E-003
1533.087000,2.8170E-003,1533.087000,2.8170E-003
1533.336900,2.5950E-003,1533.336900,2.5950E-003
1533.586800,2.5050E-003,1533.586800,2.5050E-003
1533.836700,2.3620E-003,1533.836700,2.3620E-003
1534.086600,2.8800E-003,1534.086600,2.8800E-003
1534.336500,2.6960E-003,1534.336500,2.6960E-003
1534.586400,3.1090E-003,1534.586400,3.1090E-003
1534.836300,2.6440E-003,1534.836300,2.6440E-003
1535.086200,2.0720E-003,1535.086200,2.0720E-003
1535.336100,1.5760E-003,1535.336100,1.5760E-003
1535.586000,1.7720E-003,1535.586000,1.7720E-003
1535.835900,1.8700E-003,1535.835900,1.8700E-003
1536.085800,1.8040E-003,1536.085800,1.8040E-003
1536.335700,2.3630E-003,1536.335700,2.3630E-003
1536.585600,2.6490E-003,1536.585600,2.6490E-003
1536.835500,3.3440E-003,1536.835500,3.3440E-003
1537.085400,4.1660E-003,1537.085400,4.1660E-003
1537.335300,4.5410E-003,1537.335300,4.5410E-003
1537.585200,5.0430E-003,1537.585200,5.0430E-003
1537.835100,6.0200E-003,1537.835100,6.0200E-003
1538.085000,5.7500E-003,1538.085000,5.7500E-003
1538.334900,5.9880E-003,1538.334900,5.9880E-003
1538.584800,7.0530E-003,1538.584800,7.0530E-003
1538.834700,7.7860E-003,1538.834700,7.7860E-003
1539.084600,9.1690E-003,1539.084600,9.1690E-003
1539.334500,1.0560E-002,1539.334500,1.0560E-002
1539.584400,1.1540E-002,1539.584400,1.1540E-002
1539.834300,1.0250E-002,1539.834300,1.0250E-002
1540.084200,1.1680E-002,1540.084200,1.1680E-002
1540.334100,1.3180E-002,1540.334100,1.3180E-002
1540.584000,1.2440E-002,1540.584000,1.2440E-002
1540.833900,9.7670E-003,1540.833900,9.7670E-003
1541.083800,1.0020E-002,1541.083800,1.0020E-002
1541.333700,1.1210E-002,1541.333700,1.1210E-002
1541.583600,2.0870E-002,1541.583600,2.0870E-002
1541.833500,2.6340E-002,1541.833500,2.6340E-002
1542.083400,3.7210E-002,1542.083400,3.7210E-002
1542.333300,3.6080E-002,1542.333300,3.6080E-002
1542.583200,3.1740E-002,1542.583200,3.1740E-002
1542.833100,4.9800E-002,1542.833100,4.9800E-002
1543.083000,6.9930E-002,1543.083000,6.9930E-002
1543.332900,5.0150E-002,1543.332900,5.0150E-002
1543.582800,3.4960E-002,1543.582800,3.4960E-002
1543.832700,1.8690E-002,1543.832700,1.8690E-002
1544.082600,2.5480E-002,1544.082600,2.5480E-002
1544.332500,3.6320E-002,1544.332500,3.6320E-002
1544.582400,4.1040E-002,1544.582400,4.1040E-002
1544.832300,4.1940E-002,1544.832300,4.1940E-002
1545.082200,3.7310E-002,1545.082200,3.7310E-002
1545.332100,2.0520E-002,1545.332100,2.0520E-002
1545.582000,1.8640E-002,1545.582000,1.8640E-002
1545.831900,2.6220E-002,1545.831900,2.6220E-002
1546.081800,4.0520E-002,1546.081800,4.0520E-002
1546.331700,5.9800E-002,1546.331700,5.9800E-002
1546.581600,6.5690E-002,1546.581600,6.5690E-002
1546.831500,6.9040E-002,1546.831500,6.9040E-002
1547.081400,7.1830E-002,1547.081400,7.1830E-002
1547.331300,4.6590E-002,1547.331300,4.6590E-002
1547.581200,4.1380E-002,1547.581200,4.1380E-002
1547.831100,4.5100E-002,1547.831100,4.5100E-002
1548.081000,6.5650E-002,1548.081000,6.5650E-002
1548.330900,9.4190E-002,1548.330900,9.4190E-002
1548.580800,1.1160E-001,1548.580800,1.1160E-001
1548.830700,1.2260E-001,1548.830700,1.2260E-001
1549.080600,1.2600E-001,1549.080600,1.2600E-001
1549.330500,9.7500E-002,1549.330500,9.7500E-002
1549.580400,9.2340E-002,1549.580400,9.2340E-002
1549.830300,7.2130E-002,1549.830300,7.2130E-002
1550.080200,7.8250E-002,1550.080200,7.8250E-002
1550.330100,1.0580E-001,1550.330100,1.0580E-001
1550.580000,1.2750E-001,1550.580000,1.2750E-001
1550.829900,1.4400E-001,1550.829900,1.4400E-001
1551.079800,1.8590E-001,1551.079800,1.8590E-001
1551.329700,1.7900E-001,1551.329700,1.7900E-001
1551.579600,1.6690E-001,1551.579600,1.6690E-001
1551.829500,1.4250E-001,1551.829500,1.4250E-001
1552.079400,9.7510E-002,1552.079400,9.7510E-002
1552.329300,9.7540E-002,1552.329300,9.7540E-002
1552.579200,5.8140E-002,1552.579200,5.8140E-002
1552.829100,5.6540E-002,1552.829100,5.6540E-002
1553.079000,7.9390E-002,1553.079000,7.9390E-002
1553.328900,8.8320E-002,1553.328900,8.8320E-002
1553.578800,1.0880E-001,1553.578800,1.0880E-001
1553.828700,1.0940E-001,1553.828700,1.0940E-001
1554.078600,1.0860E-001,1554.078600,1.0860E-001
1554.328500,1.0490E-001,1554.328500,1.0490E-001
1554.578400,8.5260E-002,1554.578400,8.5260E-002
1554.828300,7.6610E-002,1554.828300,7.6610E-002
1555.078200,8.7750E-002,1555.078200,8.7750E-002
1555.328100,8.9630E-002,1555.328100,8.9630E-002
1555.578000,1.0860E-001,1555.578000,1.0860E-001
1555.827900,1.3810E-001,1555.827900,1.3810E-001
1556.077800,1.3030E-001,1556.077800,1.3030E-001
1556.327700,1.9470E-001,1556.327700,1.9470E-001
1556.577600,1.6760E-001,1556.577600,1.6760E-001
1556.827500,1.6620E-001,1556.827500,1.6620E-001
1557.077400,1.6960E-001,1557.077400,1.6960E-001
1557.327300,1.1930E-001,1557.327300,1.1930E-001
1557.577200,9.5720E-002,1557.577200,9.5720E-002
1557.827100,8.6390E-002,1557.827100,8.6390E-002
1558.077000,6.3190E-002,1558.077000,6.3190E-002
1558.326900,6.8530E-002,1558.326900,6.8530E-002
1558.576800,8.6550E-002,1558.576800,8.6550E-002
1558.826700,1.0110E-001,1558.826700,1.0110E-001
1559.076600,1.1860E-001,1559.076600,1.1860E-001
1559.326500,1.0570E-001,1559.326500,1.0570E-001
1559.576400,9.7530E-002,1559.576400,9.7530E-002
1559.826300,1.2160E-001,1559.826300,1.2160E-001
1560.076200,8.4790E-002,1560.076200,8.4790E-002
1560.326100,8.4330E-002,1560.326100,8.4330E-002
1560.576000,9.5560E-002,1560.576000,9.5560E-002
1560.825900,1.0600E-001,1560.825900,1.0600E-001
1561.075800,1.4370E-001,1561.075800,1.4370E-001
1561.325700,1.8740E-001,1561.325700,1.8740E-001
1561.575600,1.7360E-001,1561.575600,1.7360E-001
1561.825500,2.4750E-001,1561.825500,2.4750E-001
1562.075400,1.8800E-001,1562.075400,1.8800E-001
1562.325300,2.0060E-001,1562.325300,2.0060E-001
1562.575200,1.8410E-001,1562.575200,1.8410E-001
1562.825100,1.5000E-001,1562.825100,1.5000E-001
1563.075000,1.0850E-001,1563.075000,1.0850E-001
1563.324900,9.8090E-002,1563.324900,9.8090E-002
1563.574800,1.1510E-001,1563.574800,1.1510E-001
1563.824700,1.3940E-001,1563.824700,1.3940E-001
1564.074600,1.3140E-001,1564.074600,1.3140E-001
1564.324500,1.1790E-001,1564.324500,1.1790E-001
1564.574400,1.6920E-001,1564.574400,1.6920E-001
1564.824300,1.2320E-001,1564.824300,1.2320E-001
1565.074200,8.7880E-002,1565.074200,8.7880E-002
1565.324100,8.0860E-002,1565.324100,8.0860E-002
1565.574000,5.6170E-002,1565.574000,5.6170E-002
1565.823900,5.4530E-002,1565.823900,5.4530E-002
1566.073800,5.9750E-002,1566.073800,5.9750E-002
1566.323700,7.3540E-002,1566.323700,7.3540E-002
1566.573600,9.1720E-002,1566.573600,9.1720E-002
1566.823500,6.9220E-002,1566.823500,6.9220E-002
1567.073400,5.2150E-002,1567.073400,5.2150E-002
1567.323300,4.4090E-002,1567.323300,4.4090E-002
1567.573200,3.0150E-002,1567.573200,3.0150E-002
1567.823100,3.0030E-002,1567.823100,3.0030E-002
1568.073000,4.0310E-002,1568.073000,4.0310E-002
1568.322900,3.7620E-002,1568.322900,3.7620E-002
1568.572800,4.7050E-002,1568.572800,4.7050E-002
1568.822700,4.0580E-002,1568.822700,4.0580E-002
1569.072600,2.6240E-002,1569.072600,2.6240E-002
1569.322500,1.9310E-002,1569.322500,1.9310E-002
1569.572400,1.6260E-002,1569.572400,1.6260E-002
1569.822300,2.3700E-002,1569.822300,2.3700E-002
1570.072200,3.1230E-002,1570.072200,3.1230E-002
1570.322100,2.0480E-002,1570.322100,2.0480E-002
1570.572000,1.3700E-002,1570.572000,1.3700E-002
1570.821900,1.0960E-002,1570.821900,1.0960E-002
1571.071800,9.6480E-003,1571.071800,9.6480E-003
1571.321700,1.6250E-002,1571.321700,1.6250E-002
1571.571600,1.4270E-002,1571.571600,1.4270E-002
1571.821500,1.0790E-002,1571.821500,1.0790E-002
1572.071400,7.4730E-003,1572.071400,7.4730E-003
1572.321300,6.3270E-003,1572.321300,6.3270E-003
1572.571200,7.4250E-003,1572.571200,7.4250E-003
1572.821100,9.8850E-003,1572.821100,9.8850E-003
1573.071000,6.7660E-003,1573.071000,6.7660E-003
1573.320900,4.7790E-003,1573.320900,4.7790E-003
1573.570800,5.0360E-003,1573.570800,5.0360E-003
1573.820700,5.4230E-003,1573.820700,5.4230E-003
1574.070600,4.7700E-003,1574.070600,4.7700E-003
1574.320500,4.0390E-003,1574.320500,4.0390E-003
1574.570400,3.4690E-003,1574.570400,3.4690E-003
1574.820300,3.5650E-003,1574.820300,3.5650E-003
1575.070200,3.5460E-003,1575.070200,3.5460E-003
1575.320100,2.8420E-003,1575.320100,2.8420E-003
1575.570000,2.1760E-003,1575.570000,2.1760E-003
1575.819900,2.0660E-003,1575.819900,2.0660E-003
1576.069800,2.1160E-003,1576.069800,2.1160E-003
1576.319700,1.9250E-003,1576.319700,1.9250E-003
1576.569600,1.4540E-003,1576.569600,1.4540E-003
1576.819500,1.1120E-003,1576.819500,1.1120E-003
1577.069400,1.0420E-003,1577.069400,1.0420E-003
1577.319300,7.4150E-004,1577.319300,7.4150E-004
1577.569200,6.3200E-004,1577.569200,6.3200E-004
1577.819100,5.5480E-004,1577.819100,5.5480E-004
1578.069000,4.6250E-004,1578.069000,4.6250E-004
1578.318900,6.5200E-004,1578.318900,6.5200E-004
1578.568800,5.7690E-004,1578.568800,5.7690E-004
1578.818700,3.3750E-004,1578.818700,3.3750E-004
1579.068600,3.8860E-004,1579.068600,3.8860E-004
1579.318500,3.6180E-004,1579.318500,3.6180E-004
1579.568400,2.4940E-004,1579.568400,2.4940E-004
1579.818300,2.4070E-004,1579.818300,2.4070E-004
1580.068200,1.9870E-004,1580.068200,1.9870E-004
1580.318100,1.6740E-004,1580.318100,1.6740E-004
1580.568000,1.3390E-004,1580.568000,1.3390E-004
1580.817900,1.3300E-004,1580.817900,1.3300E-004
1581.067800,1.3440E-004,1581.067800,1.3440E-004
1581.317700,1.3120E-004,1581.317700,1.3120E-004
1581.567600,1.2920E-004,1581.567600,1.2920E-004
1581.817500,1.2610E-004,1581.817500,1.2610E-004
1582.067400,1.1100E-004,1582.067400,1.1100E-004
1582.317300,9.8170E-005,1582.317300,9.8170E-005
1582.567200,1.1320E-004,1582.567200,1.1320E-004
1582.817100,9.7160E-005,1582.817100,9.7160E-005
1583.067000,1.0070E-004,1583.067000,1.0070E-004
1583.316900,1.0930E-004,1583.316900,1.0930E-004
1583.566800,1.1010E-004,1583.566800,1.1010E-004
1583.816700,1.0850E-004,1583.816700,1.0850E-004
1584.066600,1.1120E-004,1584.066600,1.1120E-004
1584.316500,1.1130E-004,1584.316500,1.1130E-004
1584.566400,1.0340E-004,1584.566400,1.0340E-004
1584.816300,1.1710E-004,1584.816300,1.1710E-004
1585.066200,1.0820E-004,1585.066200,1.0820E-004
1585.316100,1.0770E-004,1585.316100,1.0770E-004
1585.566000,1.1220E-004,1585.566000,1.1220E-004
1585.815900,1.0840E-004,1585.815900,1.0840E-004
1586.065800,1.1940E-004,1586.065800,1.1940E-004
1586.315700,1.2050E-004,1586.315700,1.2050E-004
1586.565600,1.1180E-004,1586.565600,1.1180E-004
1586.815500,1.1390E-004,1586.815500,1.1390E-004
1587.065400,1.1390E-004,1587.065400,1.1390E-004
1587.315300,1.1470E-004,1587.315300,1.1470E-004
1587.565200,1.0960E-004,1587.565200,1.0960E-004
1587.815100,9.8460E-005,1587.815100,9.8460E-005
1588.065000,1.0010E-004,1588.065000,1.0010E-004
1588.314900,9.4860E-005,1588.314900,9.4860E-005
1588.564800,8.1410E-005,1588.564800,8.1410E-005
1588.814700,8.6610E-005,1588.814700,8.6610E-005
1589.064600,8.0220E-005,1589.064600,8.0220E-005
1589.314500,7.1900E-005,1589.314500,7.1900E-005
1589.564400,7.1260E-005,1589.564400,7.1260E-005
1589.814300,6.5840E-005,1589.814300,6.5840E-005
1590.064200,5.9430E-005,1590.064200,5.9430E-005
1590.314100,5.6110E-005,1590.314100,5.6110E-005
1590.564000,5.3740E-005,1590.564000,5.3740E-005
1590.813900,5.0850E-005,1590.813900,5.0850E-005
1591.063800,4.6070E-005,1591.063800,4.6070E-005
1591.313700,4.1270E-005,1591.313700,4.1270E-005
1591.563600,3.6850E-005,1591.563600,3.6850E-005
1591.813500,3.6640E-005,1591.813500,3.6640E-005
1592.063400,3.2490E-005,1592.063400,3.2490E-005
1592.313300,3.1110E-005,1592.313300,3.1110E-005
1592.563200,2.7550E-005,1592.563200,2.7550E-005
1592.813100,2.5980E-005,1592.813100,2.5980E-005
1593.063000,2.4520E-005,1593.063000,2.4520E-005
1593.312900,2.2400E-005,1593.312900,2.2400E-005
1593.562800,2.1100E-005,1593.562800,2.1100E-005
1593.812700,1.9800E-005,1593.812700,1.9800E-005
1594.062600,1.8220E-005,1594.062600,1.8220E-005
1594.312500,1.7100E-005,1594.312500,1.7100E-005
1594.562400,1.6250E-005,1594.562400,1.6250E-005
1594.812300,1.5600E-005,1594.812300,1.5600E-005
1595.062200,1.4500E-005,1595.062200,1.4500E-005
1595.312100,1.4130E-005,1595.312100,1.4130E-005
1595.562000,1.3320E-005,1595.562000,1.3320E-005
1595.811900,1.2980E-005,1595.811900,1.2980E-005
1596.061800,1.2850E-005,1596.061800,1.2850E-005
1596.311700,1.2240E-005,1596.311700,1.2240E-005
1596.561600,1.2160E-005,1596.561600,1.2160E-005
1596.811500,1.1620E-005,1596.811500,1.1620E-005
1597.061400,1.1480E-005,1597.061400,1.1480E-005
1597.311300,1.1280E-005,1597.311300,1.1280E-005
1597.561200,1.1400E-005,1597.561200,1.1400E-005
1597.811100,1.1160E-005,1597.811100,1.1160E-005
1598.061000,1.1050E-005,1598.061000,1.1050E-005
1598.310900,1.0900E-005,1598.310900,1.0900E-005
1598.560800,1.0890E-005,1598.560800,1.0890E-005
1598.810700,1.1130E-005,1598.810700,1.1130E-005
1599.060600,1.0830E-005,1599.060600,1.0830E-005
1599.310500,1.0460E-005,1599.310500,1.0460E-005
1599.560400,1.0530E-005,1599.560400,1.0530E-005
1599.810300,1.0620E-005,1599.810300,1.0620E-005
1600.060200,1.0520E-005,1600.060200,1.0520E-005
1600.310100,1.0500E-005,1600.310100,1.0500E-005
1600.560000,1.0210E-005,1600.560000,1.0210E-005
1600.809900,1.0150E-005,1600.809900,1.0150E-005
1601.059800,9.9680E-006,1601.059800,9.9680E-006
1601.309700,9.9280E-006,1601.309700,9.9280E-006
1601.559600,9.6920E-006,1601.559600,9.6920E-006
1601.809500,9.5710E-006,1601.809500,9.5710E-006
1602.059400,9.6340E-006,1602.059400,9.6340E-006
1602.309300,9.4220E-006,1602.309300,9.4220E-006
1602.559200,9.2300E-006,1602.559200,9.2300E-006
1602.809100,9.0820E-006,1602.809100,9.0820E-006
1603.059000,8.9400E-006,1603.059000,8.9400E-006
1603.308900,8.8030E-006,1603.308900,8.8030E-006
1603.558800,8.7360E-006,1603.558800,8.7360E-006
1603.808700,8.5850E-006,1603.808700,8.5850E-006
1604.058600,8.3800E-006,1604.058600,8.3800E-006
1604.308500,8.3370E-006,1604.308500,8.3370E-006
1604.558400,8.1450E-006,1604.558400,8.1450E-006
1604.808300,8.0030E-006,1604.808300,8.0030E-006
1605.058200,7.9160E-006,1605.058200,7.9160E-006
1605.308100,7.7370E-006,1605.308100,7.7370E-006
1605.558000,7.6030E-006,1605.558000,7.6030E-006
1605.807900,7.5630E-006,1605.807900,7.5630E-006
1606.057800,7.5180E-006,1606.057800,7.5180E-006
1606.307700,7.4480E-006,1606.307700,7.4480E-006
1606.557600,7.3210E-006,1606.557600,7.3210E-006
1606.807500,7.1730E-006,1606.807500,7.1730E-006
1607.057400,7.2260E-006,1607.057400,7.2260E-006
1607.307300,7.0660E-006,1607.307300,7.0660E-006
1607.557200,6.9730E-006,1607.557200,6.9730E-006
1607.807100,6.9870E-006,1607.807100,6.9870E-006
1608.057000,6.9010E-006,1608.057000,6.9010E-006
1608.306900,6.8250E-006,1608.306900,6.8250E-006
1608.556800,6.8000E-006,1608.556800,6.8000E-006
1608.806700,6.6950E-006,1608.806700,6.6950E-006
1609.056600,6.6910E-006,1609.056600,6.6910E-006
1609.306500,6.6120E-006,1609.306500,6.6120E-006
1609.556400,6.5680E-006,1609.556400,6.5680E-006
1609.806300,6.5570E-006,1609.806300,6.5570E-006
1610.056200,6.5420E-006,1610.056200,6.5420E-006
1610.306100,6.3410E-006,1610.306100,6.3410E-006
1610.556000,6.3090E-006,1610.556000,6.3090E-006
1610.805900,6.2720E-006,1610.805900,6.2720E-006
1611.055800,6.2800E-006,1611.055800,6.2800E-006
1611.305700,6.2590E-006,1611.305700,6.2590E-006
1611.555600,6.0430E-006,1611.555600,6.0430E-006
1611.805500,6.1120E-006,1611.805500,6.1120E-006
1612.055400,6.0090E-006,1612.055400,6.0090E-006
1612.305300,6.1930E-006,1612.305300,6.1930E-006
1612.555200,5.9590E-006,1612.555200,5.9590E-006
1612.805100,5.9530E-006,1612.805100,5.9530E-006
1613.055000,5.8830E-006,1613.055000,5.8830E-006
1613.304900,5.9030E-006,1613.304900,5.9030E-006
1613.554800,5.6710E-006,1613.554800,5.6710E-006
1613.804700,5.7190E-006,1613.804700,5.7190E-006
1614.054600,5.6910E-006,1614.054600,5.6910E-006
1614.304500,5.6450E-006,1614.304500,5.6450E-006
1614.554400,5.5610E-006,1614.554400,5.5610E-006
1614.804300,5.5770E-006,1614.804300,5.5770E-006
1615.054200,5.5050E-006,1615.054200,5.5050E-006
1615.304100,5.2790E-006,1615.304100,5.2790E-006
1615.554000,5.3230E-006,1615.554000,5.3230E-006
1615.803900,5.3360E-006,1615.803900,5.3360E-006
1616.053800,5.3370E-006,1616.053800,5.3370E-006
1616.303700,5.2820E-006,1616.303700,5.2820E-006
1616.553600,5.2300E-006,1616.553600,5.2300E-006
1616.803500,5.1050E-006,1616.803500,5.1050E-006
1617.053400,5.0890E-006,1617.053400,5.0890E-006
1617.303300,5.1060E-006,1617.303300,5.1060E-006
1617.553200,5.1680E-006,1617.553200,5.1680E-006
1617.803100,4.9920E-006,1617.803100,4.9920E-006
1618.053000,4.8860E-006,1618.053000,4.8860E-006
1618.302900,4.8890E-006,1618.302900,4.8890E-006
1618.552800,4.9010E-006,1618.552800,4.9010E-006
1618.802700,4.9010E-006,1618.802700,4.9010E-006
1619.052600,4.7080E-006,1619.052600,4.7080E-006
1619.302500,4.7400E-006,1619.302500,4.7400E-006
1619.552400,4.7550E-006,1619.552400,4.7550E-006
1619.802300,4.6140E-006,1619.802300,4.6140E-006
1620.052200,4.6380E-006,1620.052200,4.6380E-006
1620.302100,4.5060E-006,1620.302100,4.5060E-006
1620.552000,4.4830E-006,1620.552000,4.4830E-006
1620.801900,4.5520E-006,1620.801900,4.5520E-006
1621.051800,4.4200E-006,1621.051800,4.4200E-006
1621.301700,4.3930E-006,1621.301700,4.3930E-006
1621.551600,4.3540E-006,1621.551600,4.3540E-006
1621.801500,4.3290E-006,1621.801500,4.3290E-006
1622.051400,4.2940E-006,1622.051400,4.2940E-006
1622.301300,4.2090E-006,1622.301300,4.2090E-006
1622.551200,4.1810E-006,1622.551200,4.1810E-006
1622.801100,4.2640E-006,1622.801100,4.2640E-006
1623.051000,4.1580E-006,1623.051000,4.1580E-006
1623.300900,4.1220E-006,1623.300900,4.1220E-006
1623.550800,4.0580E-006,1623.550800,4.0580E-006
1623.800700,4.0660E-006,1623.800700,4.0660E-006
1624.050600,4.1160E-006,1624.050600,4.1160E-006
1624.300500,4.0960E-006,1624.300500,4.0960E-006
1624.550400,3.9900E-006,1624.550400,3.9900E-006
1624.800300,4.0690E-006,1624.800300,4.0690E-006
1625.050200,3.9820E-006,1625.050200,3.9820E-006
1625.300100,3.9870E-006,1625.300100,3.9870E-006
1625.550000,3.8980E-006,1625.550000,3.8980E-006
1625.799900,3.9280E-006,1625.799900,3.9280E-006
1626.049800,3.8000E-006,1626.049800,3.8000E-006
1626.299700,3.8440E-006,1626.299700,3.8440E-006
1626.549600,3.8080E-006,1626.549600,3.8080E-006
1626.799500,3.7810E-006,1626.799500,3.7810E-006
1627.049400,3.6860E-006,1627.049400,3.6860E-006
1627.299300,3.7830E-006,1627.299300,3.7830E-006
1627.549200,3.7040E-006,1627.549200,3.7040E-006
1627.799100,3.7540E-006,1627.799100,3.7540E-006
1628.049000,3.6090E-006,1628.049000,3.6090E-006
1628.298900,3.7140E-006,1628.298900,3.7140E-006
1628.548800,3.5740E-006,1628.548800,3.5740E-006
1628.798700,3.4690E-006,1628.798700,3.4690E-006
1629.048600,3.6340E-006,1629.048600,3.6340E-006
1629.298500,3.4750E-006,1629.298500,3.4750E-006
1629.548400,3.6000E-006,1629.548400,3.6000E-006
1629.798300,3.5150E-006,1629.798300,3.5150E-006
1630.048200,3.4540E-006,1630.048200,3.4540E-006
1630.298100,3.5500E-006,1630.298100,3.5500E-006
1630.548000,3.5400E-006,1630.548000,3.5400E-006
1630.797900,3.4500E-006,1630.797900,3.4500E-006
1631.047800,3.4730E-006,1631.047800,3.4730E-006
1631.297700,3.4940E-006,1631.297700,3.4940E-006
1631.547600,3.4200E-006,1631.547600,3.4200E-006
1631.797500,3.5110E-006,1631.797500,3.5110E-006
1632.047400,3.3450E-006,1632.047400,3.3450E-006
1632.297300,3.4250E-006,1632.297300,3.4250E-006
1632.547200,3.3810E-006,1632.547200,3.3810E-006
1632.797100,3.2920E-006,1632.797100,3.2920E-006
1633.047000,3.3960E-006,1633.047000,3.3960E-006
1633.296900,3.3620E-006,1633.296900,3.3620E-006
1633.546800,3.3540E-006,1633.546800,3.3540E-006
1633.796700,3.4940E-006,1633.796700,3.4940E-006
1634.046600,3.4020E-006,1634.046600,3.4020E-006
1634.296500,3.3630E-006,1634.296500,3.3630E-006
1634.546400,3.4040E-006,1634.546400,3.4040E-006
1634.796300,3.4740E-006,1634.796300,3.4740E-006
1635.046200,3.2870E-006,1635.046200,3.2870E-006
1635.296100,3.3570E-006,1635.296100,3.3570E-006
1635.546000,3.4080E-006,1635.546000,3.4080E-006
1635.795900,3.3260E-006,1635.795900,3.3260E-006
1636.045800,3.3590E-006,1636.045800,3.3590E-006
1636.295700,3.3360E-006,1636.295700,3.3360E-006
1636.545600,3.3880E-006,1636.545600,3.3880E-006
1636.795500,3.4130E-006,1636.795500,3.4130E-006
1637.045400,3.3010E-006,1637.045400,3.3010E-006
1637.295300,3.3060E-006,1637.295300,3.3060E-006
1637.545200,3.2950E-006,1637.545200,3.2950E-006
1637.795100,3.3140E-006,1637.795100,3.3140E-006
1638.045000,3.3600E-006,1638.045000,3.3600E-006
1638.294900,3.2030E-006,1638.294900,3.2030E-006
1638.544800,3.3960E-006,1638.544800,3.3960E-006
1638.794700,3.2940E-006,1638.794700,3.2940E-006
1639.044600,3.4230E-006,1639.044600,3.4230E-006
1639.294500,3.2610E-006,1639.294500,3.2610E-006
1639.544400,3.2760E-006,1639.544400,3.2760E-006
1639.794300,3.2530E-006,1639.794300,3.2530E-006
1640.044200,3.2230E-006,1640.044200,3.2230E-006
1640.294100,3.2570E-006,1640.294100,3.2570E-006
1640.544000,3.3710E-006,1640.544000,3.3710E-006
1640.793900,3.4430E-006,1640.793900,3.4430E-006
1641.043800,3.3690E-006,1641.043800,3.3690E-006
1641.293700,3.3570E-006,1641.293700,3.3570E-006
1641.543600,3.3190E-006,1641.543600,3.3190E-006
1641.793500,3.3430E-006,1641.793500,3.3430E-006
1642.043400,3.2900E-006,1642.043400,3.2900E-006
1642.293300,3.3790E-006,1642.293300,3.3790E-006
1642.543200,3.3690E-006,1642.543200,3.3690E-006
1642.793100,3.4010E-006,1642.793100,3.4010E-006
1643.043000,3.3010E-006,1643.043000,3.3010E-006
1643.292900,3.4140E-006,1643.292900,3.4140E-006
1643.542800,3.4000E-006,1643.542800,3.4000E-006
1643.792700,3.5650E-006,1643.792700,3.5650E-006
1644.042600,3.5650E-006,1644.042600,3.5650E-006
1644.292500,3.4210E-006,1644.292500,3.4210E-006
1644.542400,3.5900E-006,1644.542400,3.5900E-006
1644.792300,3.6320E-006,1644.792300,3.6320E-006
1645.042200,3.4850E-006,1645.042200,3.4850E-006
1645.292100,3.4790E-006,1645.292100,3.4790E-006
1645.542000,3.5860E-006,1645.542000,3.5860E-006
1645.791900,3.6610E-006,1645.791900,3.6610E-006
1646.041800,3.4460E-006,1646.041800,3.4460E-006
1646.291700,3.5460E-006,1646.291700,3.5460E-006
1646.541600,3.6290E-006,1646.541600,3.6290E-006
1646.791500,3.7220E-006,1646.791500,3.7220E-006
1647.041400,3.6070E-006,1647.041400,3.6070E-006
1647.291300,3.6270E-006,1647.291300,3.6270E-006
1647.541200,3.6070E-006,1647.541200,3.6070E-006
1647.791100,3.6330E-006,1647.791100,3.6330E-006
1648.041000,3.7210E-006,1648.041000,3.7210E-006
1648.290900,3.7090E-006,1648.290900,3.7090E-006
1648.540800,3.6130E-006,1648.540800,3.6130E-006
1648.790700,3.5650E-006,1648.790700,3.5650E-006
1649.040600,3.7500E-006,1649.040600,3.7500E-006
1649.290500,3.5900E-006,1649.290500,3.5900E-006
1649.540400,3.7330E-006,1649.540400,3.7330E-006
1649.790300,3.7390E-006,1649.790300,3.7390E-006
1650.040200,3.7150E-006,1650.040200,3.7150E-006
1650.290100,3.7390E-006,1650.290100,3.7390E-006
1650.540000,3.8120E-006,1650.540000,3.8120E-006
1650.789900,3.7250E-006,1650.789900,3.7250E-006
1651.039800,3.7470E-006,1651.039800,3.7470E-006
1651.289700,3.7130E-006,1651.289700,3.7130E-006
1651.539600,3.7840E-006,1651.539600,3.7840E-006
1651.789500,3.7750E-006,1651.789500,3.7750E-006
1652.039400,3.8230E-006,1652.039400,3.8230E-006
1652.289300,3.7940E-006,1652.289300,3.7940E-006
1652.539200,3.8400E-006,1652.539200,3.8400E-006
1652.789100,3.8860E-006,1652.789100,3.8860E-006
1653.039000,3.8000E-006,1653.039000,3.8000E-006
1653.288900,3.8240E-006,1653.288900,3.8240E-006
1653.538800,3.9160E-006,1653.538800,3.9160E-006
1653.788700,3.8740E-006,1653.788700,3.8740E-006
1654.038600,3.9520E-006,1654.038600,3.9520E-006
1654.288500,4.0060E-006,1654.288500,4.0060E-006
1654.538400,3.6760E-006,1654.538400,3.6760E-006
1654.788300,3.9900E-006,1654.788300,3.9900E-006
1655.038200,3.8090E-006,1655.038200,3.8090E-006
1655.288100,3.8160E-006,1655.288100,3.8160E-006
1655.538000,4.0490E-006,1655.538000,4.0490E-006
1655.787900,3.9630E-006,1655.787900,3.9630E-006
1656.037800,4.0050E-006,1656.037800,4.0050E-006
1656.287700,4.0690E-006,1656.287700,4.0690E-006
1656.537600,3.9340E-006,1656.537600,3.9340E-006
1656.787500,4.0040E-006,1656.787500,4.0040E-006
1657.037400,4.1070E-006,1657.037400,4.1070E-006
1657.287300,3.9310E-006,1657.287300,3.9310E-006
1657.537200,4.1660E-006,1657.537200,4.1660E-006
1657.787100,3.9650E-006,1657.787100,3.9650E-006
1658.037000,4.1000E-006,1658.037000,4.1000E-006
1658.286900,4.1840E-006,1658.286900,4.1840E-006
1658.536800,4.1950E-006,1658.536800,4.1950E-006
1658.786700,4.1700E-006,1658.786700,4.1700E-006
1659.036600,4.2050E-006,1659.036600,4.2050E-006
1659.286500,4.2710E-006,1659.286500,4.2710E-006
1659.536400,4.2450E-006,1659.536400,4.2450E-006
1659.786300,4.2850E-006,1659.786300,4.2850E-006
1660.036200,4.2340E-006,1660.036200,4.2340E-006
1660.286100,4.3510E-006,1660.286100,4.3510E-006
1660.536000,4.3440E-006,1660.536000,4.3440E-006
1660.785900,4.2590E-006,1660.785900,4.2590E-006
1661.035800,4.4850E-006,1661.035800,4.4850E-006
1661.285700,4.3320E-006,1661.285700,4.3320E-006
1661.535600,4.4210E-006,1661.535600,4.4210E-006
1661.785500,4.6320E-006,1661.785500,4.6320E-006
1662.035400,4.4880E-006,1662.035400,4.4880E-006
1662.285300,4.5440E-006,1662.285300,4.5440E-006
1662.535200,4.4960E-006,1662.535200,4.4960E-006
1662.785100,4.6290E-006,1662.785100,4.6290E-006
1663.035000,4.5300E-006,1663.035000,4.5300E-006
1663.284900,4.6890E-006,1663.284900,4.6890E-006
1663.534800,4.7170E-006,1663.534800,4.7170E-006
1663.784700,4.6490E-006,1663.784700,4.6490E-006
1664.034600,4.7270E-006,1664.034600,4.7270E-006
1664.284500,4.6980E-006,1664.284500,4.6980E-006
1664.534400,4.7730E-006,1664.534400,4.7730E-006
1664.784300,4.7150E-006,1664.784300,4.7150E-006
1665.034200,4.7410E-006,1665.034200,4.7410E-006
1665.284100,4.6900E-006,1665.284100,4.6900E-006
1665.534000,4.9230E-006,1665.534000,4.9230E-006
1665.783900,4.9780E-006,1665.783900,4.9780E-006
1666.033800,5.0860E-006,1666.033800,5.0860E-006
1666.283700,5.0630E-006,1666.283700,5.0630E-006
1666.533600,5.1290E-006,1666.533600,5.1290E-006
1666.783500,4.9820E-006,1666.783500,4.9820E-006
1667.033400,5.1510E-006,1667.033400,5.1510E-006
1667.283300,5.1140E-006,1667.283300,5.1140E-006
1667.533200,5.2070E-006,1667.533200,5.2070E-006
1667.783100,5.1720E-006,1667.783100,5.1720E-006
1668.033000,5.2090E-006,1668.033000,5.2090E-006
1668.282900,5.2300E-006,1668.282900,5.2300E-006
1668.532800,5.2780E-006,1668.532800,5.2780E-006
1668.782700,5.1460E-006,1668.782700,5.1460E-006
1669.032600,5.4690E-006,1669.032600,5.4690E-006
1669.282500,5.5190E-006,1669.282500,5.5190E-006
1669.532400,5.4380E-006,1669.532400,5.4380E-006
1669.782300,5.1880E-006,1669.782300,5.1880E-006
1670.032200,5.4480E-006,1670.032200,5.4480E-006
1670.282100,5.6680E-006,1670.282100,5.6680E-006
1670.532000,5.8100E-006,1670.532000,5.8100E-006
1670.781900,5.6460E-006,1670.781900,5.6460E-006
1671.031800,5.6230E-006,1671.031800,5.6230E-006
1671.281700,5.9060E-006,1671.281700,5.9060E-006
1671.531600,5.7460E-006,1671.531600,5.7460E-006
1671.781500,5.8060E-006,1671.781500,5.8060E-006
1672.031400,5.9060E-006,1672.031400,5.9060E-006
1672.281300,5.9170E-006,1672.281300,5.9170E-006
1672.531200,6.2860E-006,1672.531200,6.2860E-006
1672.781100,6.1330E-006,1672.781100,6.1330E-006
1673.031000,6.0870E-006,1673.031000,6.0870E-006
1673.280900,6.1420E-006,1673.280900,6.1420E-006
1673.530800,6.6470E-006,1673.530800,6.6470E-006
1673.780700,6.3550E-006,1673.780700,6.3550E-006
1674.030600,6.5390E-006,1674.030600,6.5390E-006
1674.280500,6.3400E-006,1674.280500,6.3400E-006
1674.530400,6.4380E-006,1674.530400,6.4380E-006
1674.780300,6.5940E-006,1674.780300,6.5940E-006
1675.030200,6.5920E-006,1675.030200,6.5920E-006
1675.280100,6.6150E-006,1675.280100,6.6150E-006
1675.530000,6.5630E-006,1675.530000,6.5630E-006
1675.779900,6.6910E-006,1675.779900,6.6910E-006
1676.029800,6.9710E-006,1676.029800,6.9710E-006
1676.279700,6.6110E-006,1676.279700,6.6110E-006
1676.529600,6.9710E-006,1676.529600,6.9710E-006
1676.779500,7.3450E-006,1676.779500,7.3450E-006
1677.029400,7.1240E-006,1677.029400,7.1240E-006
1677.279300,7.1490E-006,1677.279300,7.1490E-006
1677.529200,7.0640E-006,1677.529200,7.0640E-006
1677.779100,7.1300E-006,1677.779100,7.1300E-006
1678.029000,7.4640E-006,1678.029000,7.4640E-006
1678.278900,7.4500E-006,1678.278900,7.4500E-006
1678.528800,7.6530E-006,1678.528800,7.6530E-006
1678.778700,7.4710E-006,1678.778700,7.4710E-006
1679.028600,7.4890E-006,1679.028600,7.4890E-006
1679.278500,7.4210E-006,1679.278500,7.4210E-006
1679.528400,7.8720E-006,1679.528400,7.8720E-006
1679.778300,7.7070E-006,1679.778300,7.7070E-006
1680.028200,7.6850E-006,1680.028200,7.6850E-006
1680.278100,7.7160E-006,1680.278100,7.7160E-006
1680.528000,7.6280E-006,1680.528000,7.6280E-006
1680.777900,7.6960E-006,1680.777900,7.6960E-006
1681.027800,7.8520E-006,1681.027800,7.8520E-006
1681.277700,7.8720E-006,1681.277700,7.8720E-006
1681.527600,8.0230E-006,1681.527600,8.0230E-006
1681.777500,7.9350E-006,1681.777500,7.9350E-006
1682.027400,8.0880E-006,1682.027400,8.0880E-006
1682.277300,8.3270E-006,1682.277300,8.3270E-006
1682.527200,8.6430E-006,1682.527200,8.6430E-006
1682.777100,7.9210E-006,1682.777100,7.9210E-006
1683.027000,8.0580E-006,1683.027000,8.0580E-006
1683.276900,8.1230E-006,1683.276900,8.1230E-006
1683.526800,8.0350E-006,1683.526800,8.0350E-006
1683.776700,8.5000E-006,1683.776700,8.5000E-006
1684.026600,8.4690E-006,1684.026600,8.4690E-006
1684.276500,8.6120E-006,1684.276500,8.6120E-006
1684.526400,8.3170E-006,1684.526400,8.3170E-006
1684.776300,8.3350E-006,1684.776300,8.3350E-006
1685.026200,8.3920E-006,1685.026200,8.3920E-006
1685.276100,8.5010E-006,1685.276100,8.5010E-006
1685.526000,8.1110E-006,1685.526000,8.1110E-006
1685.775900,8.6720E-006,1685.775900,8.6720E-006
1686.025800,8.6780E-006,1686.025800,8.6780E-006
1686.275700,8.8760E-006,1686.275700,8.8760E-006
1686.525600,8.4920E-006,1686.525600,8.4920E-006
1686.775500,8.5890E-006,1686.775500,8.5890E-006
1687.025400,8.9880E-006,1687.025400,8.9880E-006
1687.275300,8.7650E-006,1687.275300,8.7650E-006
1687.525200,8.5990E-006,1687.525200,8.5990E-006
1687.775100,8.8770E-006,1687.775100,8.8770E-006
1688.025000,9.2450E-006,1688.025000,9.2450E-006
1688.274900,8.7350E-006,1688.274900,8.7350E-006
1688.524800,8.3520E-006,1688.524800,8.3520E-006
1688.774700,8.5840E-006,1688.774700,8.5840E-006
1689.024600,8.8200E-006,1689.024600,8.8200E-006
1689.274500,9.3400E-006,1689.274500,9.3400E-006
1689.524400,9.3540E-006,1689.524400,9.3540E-006
1689.774300,9.3220E-006,1689.774300,9.3220E-006
1690.024200,8.8520E-006,1690.024200,8.8520E-006
1690.274100,9.7250E-006,1690.274100,9.7250E-006
1690.524000,8.5570E-006,1690.524000,8.5570E-006
1690.773900,9.1150E-006,1690.773900,9.1150E-006
1691.023800,8.5530E-006,1691.023800,8.5530E-006
1691.273700,9.1490E-006,1691.273700,9.1490E-006
1691.523600,9.2230E-006,1691.523600,9.2230E-006
1691.773500,8.8230E-006,1691.773500,8.8230E-006
1692.023400,8.9690E-006,1692.023400,8.9690E-006
1692.273300,9.1950E-006,1692.273300,9.1950E-006
1692.523200,9.0130E-006,1692.523200,9.0130E-006
1692.773100,8.8200E-006,1692.773100,8.8200E-006
1693.023000,8.3910E-006,1693.023000,8.3910E-006
1693.272900,8.8620E-006,1693.272900,8.8620E-006
1693.522800,8.9220E-006,1693.522800,8.9220E-006
1693.772700,8.8850E-006,1693.772700,8.8850E-006
1694.022600,8.8810E-006,1694.022600,8.8810E-006
1694.272500,8.3790E-006,1694.272500,8.3790E-006
1694.522400,8.8930E-006,1694.522400,8.8930E-006
1694.772300,8.2420E-006,1694.772300,8.2420E-006
1695.022200,9.0900E-006,1695.022200,9.0900E-006
1695.272100,8.7000E-006,1695.272100,8.7000E-006
1695.522000,8.4920E-006,1695.522000,8.4920E-006
1695.771900,8.7970E-006,1695.771900,8.7970E-006
1696.021800,8.6550E-006,1696.021800,8.6550E-006
1696.271700,8.9000E-006,1696.271700,8.9000E-006
1696.521600,8.6690E-006,1696.521600,8.6690E-006
1696.771500,8.4440E-006,1696.771500,8.4440E-006
1697.021400,9.4510E-006,1697.021400,9.4510E-006
1697.271300,7.8550E-006,1697.271300,7.8550E-006
1697.521200,8.6640E-006,1697.521200,8.6640E-006
1697.771100,8.7060E-006,1697.771100,8.7060E-006
1698.021000,8.4260E-006,1698.021000,8.4260E-006
1698.270900,8.7780E-006,1698.270900,8.7780E-006
1698.520800,8.2740E-006,1698.520800,8.2740E-006
1698.770700,8.3220E-006,1698.770700,8.3220E-006
1699.020600,8.9880E-006,1699.020600,8.9880E-006
1699.270500,8.5440E-006,1699.270500,8.5440E-006
1699.520400,7.9690E-006,1699.520400,7.9690E-006
1699.770300,8.9910E-006,1699.770300,8.9910E-006
1700.020200,8.3840E-006,1700.020200,8.3840E-006
1700.270100,8.5740E-006,1700.270100,8.5740E-006
1700.520000,8.5790E-006,1700.520000,8.5790E-006
1700.769900,8.9060E-006,1700.769900,8.9060E-006
1701.019800,8.5890E-006,1701.019800,8.5890E-006
1701.269700,8.1120E-006,1701.269700,8.1120E-006
1701.519600,8.3670E-006,1701.519600,8.3670E-006
1701.769500,8.5320E-006,1701.769500,8.5320E-006
1702.019400,8.4690E-006,1702.019400,8.4690E-006
1702.269300,8.1140E-006,1702.269300,8.1140E-006
1702.519200,8.9070E-006,1702.519200,8.9070E-006
1702.769100,7.6850E-006,1702.769100,7.6850E-006
1703.019000,8.5890E-006,1703.019000,8.5890E-006
1703.268900,8.4890E-006,1703.268900,8.4890E-006
1703.518800,8.9490E-006,1703.518800,8.9490E-006
1703.768700,8.7540E-006,1703.768700,8.7540E-006
1704.018600,7.9850E-006,1704.018600,7.9850E-006
1704.268500,8.3820E-006,1704.268500,8.3820E-006
1704.518400,8.2220E-006,1704.518400,8.2220E-006
1704.768300,7.9680E-006,1704.768300,7.9680E-006
1705.018200,7.9060E-006,1705.018200,7.9060E-006
1705.268100,7.5710E-006,1705.268100,7.5710E-006
1705.518000,8.3370E-006,1705.518000,8.3370E-006
1705.767900,8.2170E-006,1705.767900,8.2170E-006
1706.017800,8.4350E-006,1706.017800,8.4350E-006
1706.267700,8.9380E-006,1706.267700,8.9380E-006
1706.517600,8.5580E-006,1706.517600,8.5580E-006
1706.767500,7.9220E-006,1706.767500,7.9220E-006
1707.017400,8.4690E-006,1707.017400,8.4690E-006
1707.267300,8.6160E-006,1707.267300,8.6160E-006
1707.517200,8.8130E-006,1707.517200,8.8130E-006
1707.767100,7.6710E-006,1707.767100,7.6710E-006
1708.017000,8.4210E-006,1708.017000,8.4210E-006
1708.266900,8.1200E-006,1708.266900,8.1200E-006
1708.516800,7.8760E-006,1708.516800,7.8760E-006
1708.766700,7.7830E-006,1708.766700,7.7830E-006
1709.016600,8.7120E-006,1709.016600,8.7120E-006
1709.266500,8.2570E-006,1709.266500,8.2570E-006
1709.516400,7.6650E-006,1709.516400,7.6650E-006
1709.766300,7.8480E-006,1709.766300,7.8480E-006
1710.016200,8.3320E-006,1710.016200,8.3320E-006
1710.266100,7.7970E-006,1710.266100,7.7970E-006
1710.516000,8.2120E-006,1710.516000,8.2120E-006
1710.765900,7.7710E-006,1710.765900,7.7710E-006
1711.015800,8.3530E-006,1711.015800,8.3530E-006
1711.265700,7.7230E-006,1711.265700,7.7230E-006
1711.515600,7.9620E-006,1711.515600,7.9620E-006
1711.765500,8.0100E-006,1711.765500,8.0100E-006
1712.015400,7.8050E-006,1712.015400,7.8050E-006
1712.265300,8.6860E-006,1712.265300,8.6860E-006
1712.515200,9.0270E-006,1712.515200,9.0270E-006
1712.765100,8.2060E-006,1712.765100,8.2060E-006
1713.015000,8.6690E-006,1713.015000,8.6690E-006
1713.264900,8.5500E-006,1713.264900,8.5500E-006
1713.514800,8.4640E-006,1713.514800,8.4640E-006
1713.764700,8.9260E-006,1713.764700,8.9260E-006
1714.014600,9.6660E-006,1714.014600,9.6660E-006
1714.264500,9.7570E-006,1714.264500,9.7570E-006
1714.514400,9.5680E-006,1714.514400,9.5680E-006
1714.764300,9.8610E-006,1714.764300,9.8610E-006
1715.014200,1.0510E-005,1715.014200,1.0510E-005
1715.264100,9.6070E-006,1715.264100,9.6070E-006
1715.514000,9.3010E-006,1715.514000,9.3010E-006
1715.763900,9.3620E-006,1715.763900,9.3620E-006
1716.013800,9.5810E-006,1716.013800,9.5810E-006
1716.263700,9.6880E-006,1716.263700,9.6880E-006
1716.513600,1.0040E-005,1716.513600,1.0040E-005
1716.763500,1.0140E-005,1716.763500,1.0140E-005
1717.013400,9.5210E-006,1717.013400,9.5210E-006
1717.263300,8.9580E-006,1717.263300,8.9580E-006
1717.513200,9.0360E-006,1717.513200,9.0360E-006
1717.763100,1.0840E-005,1717.763100,1.0840E-005
1718.013000,8.8200E-006,1718.013000,8.8200E-006
1718.262900,1.0030E-005,1718.262900,1.0030E-005
1718.512800,1.0870E-005,1718.512800,1.0870E-005
1718.762700,1.0150E-005,1718.762700,1.0150E-005
1719.012600,1.0650E-005,1719.012600,1.0650E-005
1719.262500,9.8920E-006,1719.262500,9.8920E-006
1719.512400,1.1710E-005,1719.512400,1.1710E-005
1719.762300,1.0840E-005,1719.762300,1.0840E-005
1720.012200,9.6760E-006,1720.012200,9.6760E-006
1720.262100,9.0310E-006,1720.262100,9.0310E-006
1720.512000,1.1900E-005,1720.512000,1.1900E-005
1720.761900,9.5970E-006,1720.761900,9.5970E-006
1721.011800,1.0070E-005,1721.011800,1.0070E-005
1721.261700,1.0010E-005,1721.261700,1.0010E-005
1721.511600,1.1900E-005,1721.511600,1.1900E-005
1721.761500,9.0620E-006,1721.761500,9.0620E-006
1722.011400,9.7000E-006,1722.011400,9.7000E-006
1722.261300,1.1150E-005,1722.261300,1.1150E-005
1722.511200,9.3980E-006,1722.511200,9.3980E-006
1722.761100,1.0420E-005,1722.761100,1.0420E-005
1723.011000,1.0220E-005,1723.011000,1.0220E-005
1723.260900,1.1390E-005,1723.260900,1.1390E-005
1723.510800,1.1390E-005,1723.510800,1.1390E-005
1723.760700,1.3650E-005,1723.760700,1.3650E-005
1724.010600,9.8050E-006,1724.010600,9.8050E-006
1724.260500,1.1730E-005,1724.260500,1.1730E-005
1724.510400,1.2180E-005,1724.510400,1.2180E-005
1724.760300,1.3340E-005,1724.760300,1.3340E-005
1725.010200,1.1060E-005,1725.010200,1.1060E-005
1725.260100,1.1600E-005,1725.260100,1.1600E-005
1725.510000,1.3010E-005,1725.510000,1.3010E-005
1725.759900,1.1880E-005,1725.759900,1.1880E-005
1726.009800,1.2280E-005,1726.009800,1.2280E-005
1726.259700,1.3500E-005,1726.259700,1.3500E-005
1726.509600,1.1880E-005,1726.509600,1.1880E-005
1726.759500,1.2870E-005,1726.759500,1.2870E-005
1727.009400,1.2350E-005,1727.009400,1.2350E-005
1727.259300,1.3030E-005,1727.259300,1.3030E-005
1727.509200,1.3210E-005,1727.509200,1.3210E-005
1727.759100,1.1220E-005,1727.759100,1.1220E-005
1728.009000,1.2940E-005,1728.009000,1.2940E-005
1728.258900,1.1200E-005,1728.258900,1.1200E-005
1728.508800,1.2280E-005,1728.508800,1.2280E-005
1728.758700,1.2810E-005,1728.758700,1.2810E-005
1729.008600,1.3440E-005,1729.008600,1.3440E-005
1729.258500,1.3900E-005,1729.258500,1.3900E-005
1729.508400,1.3930E-005,1729.508400,1.3930E-005
1729.758300,1.2550E-005,1729.758300,1.2550E-005
1730.008200,1.4390E-005,1730.008200,1.4390E-005
1730.258100,1.4720E-005,1730.258100,1.4720E-005
1730.508000,1.4350E-005,1730.508000,1.4350E-005
1730.757900,1.3370E-005,1730.757900,1.3370E-005
1731.007800,1.4830E-005,1731.007800,1.4830E-005
1731.257700,1.3810E-005,1731.257700,1.3810E-005
1731.507600,1.2800E-005,1731.507600,1.2800E-005
1731.757500,1.4130E-005,1731.757500,1.4130E-005
1732.007400,1.3870E-005,1732.007400,1.3870E-005
1732.257300,1.5000E-005,1732.257300,1.5000E-005
1732.507200,1.2560E-005,1732.507200,1.2560E-005
1732.757100,1.2350E-005,1732.757100,1.2350E-005
1733.007000,1.4780E-005,1733.007000,1.4780E-005
1733.256900,1.4840E-005,1733.256900,1.4840E-005
1733.506800,1.4350E-005,1733.506800,1.4350E-005
1733.756700,1.4870E-005,1733.756700,1.4870E-005
1734.006600,1.5390E-005,1734.006600,1.5390E-005
1734.256500,1.4890E-005,1734.256500,1.4890E-005
1734.506400,1.4220E-005,1734.506400,1.4220E-005
1734.756300,1.8390E-005,1734.756300,1.8390E-005
1735.006200,1.4590E-005,1735.006200,1.4590E-005
1735.256100,1.6960E-005,1735.256100,1.6960E-005
1735.506000,1.4490E-005,1735.506000,1.4490E-005
1735.755900,1.5250E-005,1735.755900,1.5250E-005
1736.005800,1.5580E-005,1736.005800,1.5580E-005
1736.255700,1.6500E-005,1736.255700,1.6500E-005
1736.505600,1.6270E-005,1736.505600,1.6270E-005
1736.755500,1.5960E-005,1736.755500,1.5960E-005
1737.005400,1.4410E-005,1737.005400,1.4410E-005
1737.255300,1.4660E-005,1737.255300,1.4660E-005
1737.505200,1.5530E-005,1737.505200,1.5530E-005
1737.755100,1.7510E-005,1737.755100,1.7510E-005
1738.005000,1.8170E-005,1738.005000,1.8170E-005
1738.254900,1.6440E-005,1738.254900,1.6440E-005
1738.504800,1.6860E-005,1738.504800,1.6860E-005
1738.754700,1.7790E-005,1738.754700,1.7790E-005
1739.004600,1.8280E-005,1739.004600,1.8280E-005
1739.254500,1.8530E-005,1739.254500,1.8530E-005
1739.504400,1.6550E-005,1739.504400,1.6550E-005
1739.754300,1.6630E-005,1739.754300,1.6630E-005
1740.004200,1.7140E-005,1740.004200,1.7140E-005
1740.254100,1.6920E-005,1740.254100,1.6920E-005
1740.504000,1.9770E-005,1740.504000,1.9770E-005
1740.753900,1.5480E-005,1740.753900,1.5480E-005
1741.003800,1.8970E-005,1741.003800,1.8970E-005
1741.253700,1.7970E-005,1741.253700,1.7970E-005
1741.503600,1.6950E-005,1741.503600,1.6950E-005
1741.753500,1.5440E-005,1741.753500,1.5440E-005
1742.003400,1.9820E-005,1742.003400,1.9820E-005
1742.253300,2.1570E-005,1742.253300,2.1570E-005
1742.503200,1.8910E-005,1742.503200,1.8910E-005
1742.753100,1.6950E-005,1742.753100,1.6950E-005
1743.003000,1.7590E-005,1743.003000,1.7590E-005
1743.252900,2.1670E-005,1743.252900,2.1670E-005
1743.502800,1.9490E-005,1743.502800,1.9490E-005
1743.752700,1.8310E-005,1743.752700,1.8310E-005
1744.002600,1.5350E-005,1744.002600,1.5350E-005
1744.252500,1.9730E-005,1744.252500,1.9730E-005
1744.502400,1.7750E-005,1744.502400,1.7750E-005
1744.752300,1.6260E-005,1744.752300,1.6260E-005
1745.002200,2.2630E-005,1745.002200,2.2630E-005
1745.252100,2.1030E-005,1745.252100,2.1030E-005
1745.502000,1.9600E-005,1745.502000,1.9600E-005
1745.751900,2.0700E-005,1745.751900,2.0700E-005
1746.001800,1.9890E-005,1746.001800,1.9890E-005
1746.251700,2.1540E-005,1746.251700,2.1540E-005
1746.501600,1.8790E-005,1746.501600,1.8790E-005
1746.751500,1.9070E-005,1746.751500,1.9070E-005
1747.001400,2.0140E-005,1747.001400,2.0140E-005
1747.251300,1.9110E-005,1747.251300,1.9110E-005
1747.501200,1.9420E-005,1747.501200,1.9420E-005
1747.751100,2.2540E-005,1747.751100,2.2540E-005
1748.001000,2.3730E-005,1748.001000,2.3730E-005
1748.250900,1.7290E-005,1748.250900,1.7290E-005
1748.500800,1.8080E-005,1748.500800,1.8080E-005
1748.750700,2.0140E-005,1748.750700,2.0140E-005
1749.000600,2.1890E-005,1749.000600,2.1890E-005
1749.250500,1.8010E-005,1749.250500,1.8010E-005
1749.500400,2.2600E-005,1749.500400,2.2600E-005
1749.750300,2.1760E-005,1749.750300,2.1760E-005
1750.000200,1.8980E-005,1750.000200,1.8980E-005
1750.250100,1.0000E-012,1750.250100,1.0000E-012
1750.500000,1.0000E-012,1750.500000,1.0000E-012
