Theta1,Theta2,Theta3,Ancho_espectral,Potencia,Clases
28,0,0,10.92996969,0.0121045,1
32,0,0,10.80102061,0.01211425,1
36,0,0,10.75189715,0.012115,1
40,0,0,10.65365023,0.012121,1
48,0,0,10.78873974,0.012137,1
52,0,0,10.57382461,0.0121565,1
60,0,0,10.48785855,0.01215,1
64,0,0,9.886096177,0.012143,1
68,0,0,9.81855142,0.012148,1
72,0,0,10.63522893,0.01217075,1
76,0,0,10.61680763,0.01216325,1
80,0,0,10.05188785,0.01220425,1
84,0,0,10.48171812,0.0121615,1
88,0,0,10.50627985,0.0121895,1
92,0,0,9.68960234,0.0121895,1
96,0,0,9.68960234,0.01216875,1
100,0,0,10.4203138,0.01216425,1
104,0,0,10.45715639,0.01218525,1
108,0,0,10.48171812,0.0121515,1
112,0,0,10.51856071,0.012155,1
116,0,0,10.51856071,0.012171,1
120,0,0,10.67821196,0.012171,1
124,0,0,10.1746965,0.012168,1
128,0,0,10.29136472,0.012124,1
132,0,0,10.26680299,0.012129,1
136,0,0,10.34662861,0.01211425,1
140,0,0,10.39575207,0.012113,1
144,0,0,10.39575207,0.01210475,1
148,0,0,10.61680763,0.01211425,1
152,0,0,10.5922459,0.01209675,1
156,0,0,10.50627985,0.0120875,1
160,0,0,10.93611012,0.012079,1
164,0,0,10.41417336,0.012086,1
168,0,0,11.27997433,0.01208275,1
172,0,0,10.65365023,0.012068,1
176,0,0,11.30453606,0.01208175,1
180,0,0,11.35979995,0.01207675,1
184,0,0,11.29839563,0.0120925,1
188,0,0,11.35365952,0.012066,1
192,0,0,11.36594039,0.01209475,1
196,0,0,11.32909779,0.01210875,1
200,0,0,10.6290885,0.0121165,1
204,0,0,10.6290885,0.01214875,1
212,0,0,10.25452212,0.012145,1
8,4,0,11.53173206,0.01210075,1
28,4,0,11.37208082,0.01215175,1
44,4,0,10.82558234,0.012182,1
48,4,0,10.88084623,0.0121775,1
52,4,0,10.73347585,0.01217525,1
56,4,0,10.27908385,0.01218075,1
64,4,0,10.1746965,0.012167,1
68,4,0,10.90540796,0.01218175,1
72,4,0,10.24838169,0.01217825,1
76,4,0,10.78873974,0.0121905,1
80,4,0,10.04574742,0.01217125,1
84,4,0,10.53698201,0.012158,1
88,4,0,10.60452677,0.012164,1
92,4,0,9.984343095,0.0121915,1
96,4,0,9.775568394,0.01218175,1
100,4,0,9.751006664,0.01217825,1
104,4,0,9.922938771,0.01218975,1
108,4,0,9.806270556,0.01219675,1
112,4,0,10.08259001,0.01218525,1
116,4,0,9.726444934,0.012188,1
120,4,0,10.70277369,0.01218075,1
124,4,0,10.68435239,0.0121595,1
128,4,0,10.41417336,0.01217525,1
132,4,0,10.27908385,0.01216875,1
136,4,0,10.00276439,0.01216925,1
140,4,0,10.38961163,0.0121575,1
144,4,0,11.10804223,0.01214,1
148,4,0,11.12032309,0.0121515,1
152,4,0,10.65365023,0.01212875,1
156,4,0,11.17558698,0.01214425,1
160,4,0,11.10190179,0.012147,1
164,4,0,10.77645888,0.0121375,1
168,4,0,10.50013942,0.01214325,1
172,4,0,11.42120428,0.01213325,1
176,4,0,10.88698666,0.0121425,1
180,4,0,10.93611012,0.012107,1
184,4,0,11.50717033,0.012107,1
188,4,0,11.56857466,0.0121535,1
192,4,0,11.47646817,0.01213575,1
196,4,0,10.88698666,0.01214775,1
200,4,0,11.12032309,0.0121305,1
204,4,0,11.39050212,0.0121405,1
208,4,0,11.28611477,0.0121905,1
212,4,0,11.07734006,0.01216575,1
24,8,0,10.84400363,0.01217425,1
28,8,0,11.08962093,0.0121845,1
32,8,0,10.99751444,0.01219325,1
36,8,0,10.56154374,0.01219925,1
40,8,0,10.86242493,0.01219975,1
44,8,0,10.86242493,0.0121975,1
48,8,0,10.78259931,0.01218325,1
52,8,0,10.51856071,0.01219725,1
56,8,0,10.58610547,0.012194,1
60,8,0,10.78873974,0.01219475,1
64,8,0,10.8378632,0.012197,1
68,8,0,10.70891412,0.01220175,1
72,8,0,10.43259466,0.01220125,1
76,8,0,10.70891412,0.01221225,1
80,8,0,10.63522893,0.01218425,1
84,8,0,9.591355421,0.01220875,1
88,8,0,10.58610547,0.0121905,1
92,8,0,10.62294807,0.0121755,1
96,8,0,10.02118569,0.01220075,1
100,8,0,10.57996504,0.01220525,1
104,8,0,10.5922459,0.01220325,1
108,8,0,10.55540331,0.0121895,1
120,8,0,9.929079204,0.012191,1
124,8,0,10.60452677,0.01218625,1
128,8,0,10.5922459,0.012192,1
132,8,0,10.55540331,0.01216525,1
136,8,0,10.79488017,0.01215525,1
140,8,0,10.93611012,0.01220575,1
144,8,0,10.69663325,0.012195,1
148,8,0,11.0282166,0.01217025,1
152,8,0,10.37119034,0.01219325,1
156,8,0,10.51242028,0.01219525,1
160,8,0,11.01593574,0.01217075,1
164,8,0,11.10804223,0.01218025,1
168,8,0,10.86856536,0.01216225,1
172,8,0,11.37208082,0.012184,1
180,8,0,11.23085087,0.0121895,1
184,8,0,11.21857001,0.0121585,1
188,8,0,11.52559163,0.01218875,1
192,8,0,11.24313174,0.0121975,1
196,8,0,11.12032309,0.012223,1
200,8,0,10.55540331,0.0122045,1
204,8,0,10.67821196,0.0121965,1
208,8,0,11.05277833,0.01219675,1
212,8,0,9.708023637,0.0122065,0
8,12,0,11.0282166,0.0121905,1
12,12,0,10.94225055,0.01220325,1
16,12,0,10.50627985,0.01220325,1
20,12,0,10.51856071,0.0122245,1
24,12,0,10.61680763,0.01224875,1
32,12,0,10.50013942,0.01224075,1
36,12,0,10.53084158,0.0122335,1
40,12,0,10.42645423,0.01222275,1
44,12,0,10.48171812,0.01220925,1
48,12,0,9.916798339,0.0122335,1
52,12,0,9.953640933,0.01222525,1
56,12,0,9.751006664,0.01219375,1
60,12,0,10.51242028,0.01217875,1
64,12,0,9.922938771,0.0122075,1
72,12,0,10.65365023,0.0121965,1
76,12,0,9.763287529,0.012201,1
80,12,0,9.947500501,0.01220275,1
84,12,0,10.10101131,0.01219875,1
88,12,0,9.855394015,0.0122055,1
92,12,0,9.781708826,0.01219775,1
96,12,0,10.16855607,0.0122075,1
100,12,0,10.1746965,0.0121925,1
104,12,0,10.04574742,0.01222025,1
108,12,0,9.787849258,0.01219025,1
112,12,0,9.726444934,0.012229,0
116,12,0,9.68960234,0.01221,0
120,12,0,9.701883205,0.01216575,1
124,12,0,10.05802828,0.0121675,1
128,12,0,10.02118569,0.01220575,1
132,12,0,9.775568394,0.0122175,0
136,12,0,10.71505455,0.0121925,1
140,12,0,10.46943726,0.0121865,1
144,12,0,9.929079204,0.01220325,0
148,12,0,10.91768882,0.012176,1
152,12,0,10.33434774,0.01220625,1
156,12,0,10.53698201,0.012185,1
168,12,0,11.05277833,0.012195,1
172,12,0,10.6106672,0.01219425,1
176,12,0,10.41417336,0.01220375,1
180,12,0,10.99751444,0.012205,1
184,12,0,10.46943726,0.01219125,1
188,12,0,10.26680299,0.01221275,0
192,12,0,10.72733542,0.01220575,1
196,12,0,10.60452677,0.01219925,1
200,12,0,10.29136472,0.01221125,0
204,12,0,10.05188785,0.012219,0
208,12,0,10.00890483,0.012213,0
212,12,0,10.16241564,0.012213,0
0,16,0,10.34662861,0.01222625,1
4,16,0,10.51856071,0.0122455,1
8,16,0,10.34662861,0.01222375,1
12,16,0,11.09576136,0.01224525,1
20,16,0,10.12557304,0.01225825,1
24,16,0,10.06416872,0.0122615,1
28,16,0,10.21153909,0.01227075,1
32,16,0,10.4203138,0.01226325,1
36,16,0,9.861534447,0.01227475,1
40,16,0,10.29136472,0.01225075,1
44,16,0,10.22996039,0.012243,1
48,16,0,10.21153909,0.0122805,1
56,16,0,10.27908385,0.0122285,1
60,16,0,10.4203138,0.0122435,1
64,16,0,9.922938771,0.01222275,1
68,16,0,10.04574742,0.0122255,1
72,16,0,10.5922459,0.01221175,1
76,16,0,9.990483528,0.012218,1
80,16,0,10.67821196,0.01218625,1
84,16,0,10.22996039,0.012188,1
88,16,0,10.57382461,0.01220925,1
92,16,0,10.57382461,0.0122115,1
96,16,0,10.51856071,0.0122185,1
100,16,0,10.16855607,0.01222325,1
104,16,0,10.01504526,0.01219175,1
108,16,0,10.41417336,0.012204,1
112,16,0,10.48785855,0.01223075,1
116,16,0,9.947500501,0.01220475,1
120,16,0,9.904517474,0.01223375,0
124,16,0,9.935219636,0.012205,1
128,16,0,9.892236609,0.0122165,0
132,16,0,9.898377042,0.0122165,0
136,16,0,9.910657907,0.0122025,0
140,16,0,9.935219636,0.01222,0
144,16,0,9.910657907,0.01222625,0
152,16,0,9.978202663,0.012241,0
156,16,0,10.26066255,0.012217,1
160,16,0,10.6106672,0.0122305,1
164,16,0,10.53084158,0.01221025,1
168,16,0,10.63522893,0.01222075,1
172,16,0,10.62294807,0.0122265,1
176,16,0,10.13785391,0.0122515,0
180,16,0,10.08873045,0.01224175,0
184,16,0,10.11943261,0.01222525,0
188,16,0,10.47557769,0.01223725,0
192,16,0,10.08873045,0.0122505,0
196,16,0,10.05188785,0.01222575,0
200,16,0,10.02732612,0.01222375,0
204,16,0,9.978202663,0.0122485,0
208,16,0,9.947500501,0.01224,0
212,16,0,10.56154374,0.01219875,1
0,20,0,10.54926288,0.012316,1
8,20,0,10.1931178,0.01229,1
12,20,0,10.49399899,0.012278,1
16,20,0,10.51242028,0.0123045,1
20,20,0,10.50013942,0.012329,1
24,20,0,10.37119034,0.01229775,1
28,20,0,10.24838169,0.01232175,0
32,20,0,10.08259001,0.012286,1
36,20,0,10.28522428,0.012315,1
40,20,0,9.683461907,0.012313,0
44,20,0,10.05802828,0.01229,0
48,20,0,9.898377042,0.01227925,0
52,20,0,9.652759745,0.01227375,0
56,20,0,10.07644958,0.012239,1
60,20,0,10.12557304,0.0122465,1
64,20,0,9.671181043,0.01220725,1
68,20,0,9.904517474,0.01221775,1
72,20,0,9.830832285,0.01224,0
76,20,0,10.22381996,0.0122305,1
80,20,0,10.44487553,0.012205,1
84,20,0,10.41417336,0.012235,1
88,20,0,10.05802828,0.0122415,1
92,20,0,9.947500501,0.01223725,0
96,20,0,9.757147096,0.01223425,0
100,20,0,10.35276904,0.01221175,1
104,20,0,10.30364558,0.0121905,1
108,20,0,10.19925823,0.01224025,1
112,20,0,10.4018925,0.01221675,1
116,20,0,10.52470115,0.0122125,1
120,20,0,10.56154374,0.01224,1
124,20,0,9.824691853,0.0122345,0
128,20,0,9.904517474,0.01223025,0
132,20,0,9.916798339,0.0122365,0
136,20,0,10.49399899,0.01222225,1
140,20,0,10.24224126,0.012227,0
144,20,0,10.13785391,0.0122425,0
148,20,0,9.769427961,0.01223425,0
152,20,0,9.898377042,0.01223725,0
156,20,0,10.37733077,0.01224375,0
160,20,0,9.965921798,0.0122485,0
164,20,0,10.43873509,0.01224075,0
168,20,0,9.990483528,0.01223175,0
172,20,0,10.33434774,0.012245,0
176,20,0,10.27294342,0.012248,0
180,20,0,10.21153909,0.01226125,0
184,20,0,10.35890947,0.012231,0
188,20,0,10.25452212,0.01226075,0
192,20,0,10.22996039,0.012227,0
196,20,0,9.972062231,0.01225725,0
200,20,0,9.892236609,0.01225625,0
204,20,0,10.24838169,0.01226425,0
208,20,0,9.922938771,0.01222725,0
212,20,0,10.46329682,0.012231,0
0,24,0,10.64136936,0.01230125,1
4,24,0,10.57996504,0.01227675,1
8,24,0,10.64136936,0.0122805,1
12,24,0,10.54926288,0.0122685,1
16,24,0,10.6290885,0.01226375,1
20,24,0,10.67821196,0.0123145,1
24,24,0,10.57382461,0.0122865,1
28,24,0,10.52470115,0.0123075,1
32,24,0,10.48171812,0.01230775,1
40,24,0,10.07644958,0.01233075,0
44,24,0,9.984343095,0.01233025,0
48,24,0,10.07644958,0.01228,0
52,24,0,10.02118569,0.0122845,0
56,24,0,9.947500501,0.012275,0
60,24,0,9.965921798,0.012247,1
64,24,0,10.00276439,0.0122795,0
68,24,0,10.14399434,0.0122315,1
72,24,0,10.24838169,0.012249,1
76,24,0,10.33434774,0.01222875,1
80,24,0,10.46943726,0.012222,1
84,24,0,10.25452212,0.0122255,1
88,24,0,10.18083693,0.01224825,1
92,24,0,10.11329218,0.0122485,0
96,24,0,10.26680299,0.0122455,1
100,24,0,10.16855607,0.01225875,0
104,24,0,10.21767953,0.0122775,0
108,24,0,10.09487088,0.01224225,0
112,24,0,10.21767953,0.01224,0
120,24,0,10.25452212,0.01223725,0
124,24,0,10.35890947,0.01222375,1
128,24,0,10.28522428,0.0122175,1
132,24,0,10.37733077,0.0122415,0
136,24,0,10.38961163,0.0122265,1
140,24,0,10.30978601,0.01222625,0
148,24,0,10.22996039,0.01222,0
152,24,0,10.23610082,0.01228275,0
156,24,0,10.11943261,0.0122605,0
160,24,0,10.12557304,0.01224325,0
164,24,0,10.13171347,0.01224975,0
168,24,0,9.714164069,0.012263,0
172,24,0,10.04574742,0.012287,0
176,24,0,10.10715174,0.01227525,0
180,24,0,10.02732612,0.012258,0
184,24,0,10.07644958,0.01228025,0
188,24,0,9.787849258,0.01230375,0
192,24,0,9.769427961,0.0122745,0
196,24,0,9.86767488,0.01227275,0
200,24,0,9.824691853,0.0123,0
204,24,0,9.99662396,0.012271,0
208,24,0,10.05802828,0.01223775,0
212,24,0,10.1931178,0.01226475,0
0,28,0,10.64136936,0.01230475,1
4,28,0,10.71505455,0.0122745,1
8,28,0,10.53698201,0.01228425,1
12,28,0,10.5922459,0.01232025,1
16,28,0,10.49399899,0.012275,1
20,28,0,10.75803758,0.012275,1
24,28,0,10.73961628,0.01230875,1
28,28,0,10.40803293,0.01231675,1
32,28,0,10.37733077,0.01232425,0
36,28,0,10.27294342,0.01233375,0
40,28,0,10.11943261,0.01232075,0
44,28,0,9.622057583,0.012292,0
48,28,0,10.22996039,0.0123105,0
52,28,0,9.615917151,0.012289,0
56,28,0,9.732585367,0.01226275,0
60,28,0,9.738725799,0.01226325,0
64,28,0,9.806270556,0.012266,0
68,28,0,10.16855607,0.01226775,0
72,28,0,10.19925823,0.01224875,1
76,28,0,10.21153909,0.012241,1
80,28,0,10.26066255,0.012266,0
84,28,0,9.658900178,0.01225075,0
88,28,0,9.388721152,0.01225875,0
92,28,0,9.879955744,0.01226225,0
96,28,0,9.272052936,0.01227175,0
100,28,0,9.351878557,0.01223925,0
104,28,0,10.05802828,0.0122655,0
108,28,0,9.499248935,0.012293,0
112,28,0,9.941360069,0.0122535,0
116,28,0,9.327316828,0.01225875,0
120,28,0,10.22381996,0.0122275,0
124,28,0,10.25452212,0.01225025,0
128,28,0,9.597495854,0.012269,0
132,28,0,9.646619313,0.01224275,0
136,28,0,9.628198016,0.012255,0
140,28,0,9.658900178,0.012253,0
144,28,0,9.609776719,0.01228025,0
148,28,0,9.634338448,0.0122455,0
152,28,0,9.861534447,0.01225725,0
156,28,0,10.08873045,0.0122555,0
160,28,0,10.04574742,0.01226925,0
164,28,0,10.03960699,0.01225575,0
168,28,0,10.05802828,0.0122725,0
172,28,0,9.972062231,0.01228075,0
176,28,0,10.05802828,0.01230975,0
180,28,0,10.08873045,0.01228075,0
184,28,0,10.05188785,0.01229925,0
188,28,0,10.03346655,0.01228625,0
192,28,0,9.965921798,0.01231,0
196,28,0,10.04574742,0.01228825,0
200,28,0,9.855394015,0.0122955,0
204,28,0,10.00890483,0.01228575,0
208,28,0,9.941360069,0.01227825,0
212,28,0,10.11943261,0.0122475,0
0,32,0,10.8378632,0.01229175,1
4,32,0,10.88084623,0.01227225,1
8,32,0,10.89926752,0.0122775,1
12,32,0,10.41417336,0.012289,1
20,32,0,10.74575671,0.01228075,1
28,32,0,10.03960699,0.012273,1
32,32,0,10.74575671,0.012283,1
36,32,0,10.02732612,0.01231775,0
40,32,0,10.45715639,0.0123055,1
44,32,0,10.47557769,0.0122975,1
48,32,0,9.904517474,0.012301,0
52,32,0,9.965921798,0.012282,0
56,32,0,10.10101131,0.0122775,0
60,32,0,10.02118569,0.01226975,0
64,32,0,10.02118569,0.01225575,0
68,32,0,10.03346655,0.012262,0
72,32,0,10.13785391,0.01224825,1
76,32,0,9.922938771,0.01224725,0
80,32,0,9.450125476,0.01230025,0
84,32,0,9.873815312,0.012258,0
88,32,0,9.732585367,0.012274,0
92,32,0,9.622057583,0.01229325,0
96,32,0,9.499248935,0.01228225,0
100,32,0,9.523810665,0.01227575,0
104,32,0,9.425563746,0.01228175,0
108,32,0,9.646619313,0.01224475,0
112,32,0,9.757147096,0.012264,0
116,32,0,9.892236609,0.01226275,0
120,32,0,9.879955744,0.012267,0
124,32,0,10.07030915,0.01226125,0
128,32,0,10.12557304,0.01225125,0
132,32,0,9.462406341,0.012264,0
136,32,0,10.08873045,0.01223675,0
140,32,0,10.20539866,0.01227275,0
144,32,0,10.11329218,0.012226,0
148,32,0,10.11329218,0.0122345,0
152,32,0,9.972062231,0.01225725,0
156,32,0,9.603636286,0.01227025,0
164,32,0,9.849253582,0.01227925,0
168,32,0,9.879955744,0.01232,0
172,32,0,9.437844611,0.01230675,0
176,32,0,9.812410988,0.01227875,0
180,32,0,9.861534447,0.01231275,0
184,32,0,10.05802828,0.012296,0
188,32,0,9.450125476,0.012313,0
192,32,0,9.468546773,0.01230875,0
196,32,0,9.327316828,0.01231725,0
200,32,0,9.364159422,0.01232225,0
204,32,0,9.33345726,0.01231225,0
208,32,0,9.419423314,0.01232,0
212,32,0,9.517670232,0.01226025,0
0,36,0,10.27294342,0.01223975,1
4,36,0,10.27908385,0.0122475,1
8,36,0,10.4203138,0.0122415,1
12,36,0,10.25452212,0.0122435,1
16,36,0,10.82558234,0.01224375,1
20,36,0,10.11943261,0.012239,1
24,36,0,10.77645888,0.0122525,1
28,36,0,10.08873045,0.01228975,0
32,36,0,9.775568394,0.01229175,0
36,36,0,10.35890947,0.012315,0
40,36,0,9.793989691,0.012302,0
44,36,0,9.523810665,0.01233025,0
48,36,0,9.364159422,0.0123075,0
52,36,0,9.965921798,0.0122865,0
56,36,0,9.922938771,0.0122735,0
60,36,0,9.849253582,0.01228375,0
64,36,0,9.315035963,0.0122985,0
68,36,0,9.413282881,0.0122625,0
72,36,0,9.830832285,0.012252,0
76,36,0,9.20450818,0.01227675,0
80,36,0,9.370299855,0.012309,0
84,36,0,9.247491206,0.01231225,0
88,36,0,9.081699531,0.01232075,0
92,36,0,9.100120829,0.01234075,0
96,36,0,9.069418667,0.012341,0
100,36,0,9.20450818,0.01236375,0
104,36,0,9.063278234,0.012315,0
108,36,0,9.167665585,0.01228875,0
112,36,0,9.284333801,0.01228675,0
116,36,0,9.585214989,0.0122685,0
120,36,0,9.622057583,0.0122615,0
124,36,0,9.677321475,0.012283,0
128,36,0,9.972062231,0.01226825,0
132,36,0,10.01504526,0.01226725,0
136,36,0,10.10101131,0.01225825,0
140,36,0,9.990483528,0.01227525,0
144,36,0,10.00276439,0.01226725,0
148,36,0,9.990483528,0.0122855,0
152,36,0,9.941360069,0.01228475,0
156,36,0,9.763287529,0.0122875,0
160,36,0,9.812410988,0.01228875,0
164,36,0,9.66504061,0.01229375,0
168,36,0,9.517670232,0.01229725,0
172,36,0,9.855394015,0.0123285,0
176,36,0,9.916798339,0.012306,0
180,36,0,9.922938771,0.01231525,0
184,36,0,9.351878557,0.012303,0
188,36,0,9.922938771,0.012318,0
192,36,0,9.738725799,0.012317,0
196,36,0,9.437844611,0.01231925,0
200,36,0,9.272052936,0.0122835,0
204,36,0,9.990483528,0.01225975,0
208,36,0,9.548372394,0.01230225,0
212,36,0,9.468546773,0.01229225,0
0,40,0,10.34662861,0.01225875,1
4,40,0,10.78259931,0.01227825,1
8,40,0,10.88084623,0.0122305,1
12,40,0,10.96681228,0.01226375,1
16,40,0,10.8194419,0.01225025,1
20,40,0,10.88698666,0.0122435,1
24,40,0,10.27294342,0.01225575,1
28,40,0,10.23610082,0.012257,1
32,40,0,10.56768417,0.0122715,1
36,40,0,10.13785391,0.012293,0
40,40,0,10.46943726,0.01231475,0
44,40,0,10.58610547,0.012297,1
48,40,0,9.603636286,0.0123425,0
52,40,0,9.615917151,0.01232425,0
56,40,0,9.376440287,0.0122815,0
60,40,0,9.855394015,0.01226175,0
64,40,0,9.615917151,0.012285,0
68,40,0,9.751006664,0.0122755,0
72,40,0,9.671181043,0.01226775,0
76,40,0,9.48696807,0.0122965,0
80,40,0,9.216789044,0.012316,0
84,40,0,9.130822991,0.0123715,0
88,40,0,9.210648612,0.0123965,0
92,40,0,9.48696807,0.01237225,0
96,40,0,9.873815312,0.01239675,0
100,40,0,9.763287529,0.0123965,0
104,40,0,9.763287529,0.0123645,0
108,40,0,9.493108503,0.01238025,0
112,40,0,9.308895531,0.0123625,0
116,40,0,9.229069909,0.0123655,0
120,40,0,9.192227315,0.01231625,0
124,40,0,9.124682558,0.0123,0
128,40,0,9.542231962,0.01227425,0
132,40,0,9.800130123,0.01227275,0
136,40,0,9.609776719,0.0122655,0
140,40,0,9.886096177,0.01223825,0
144,40,0,9.935219636,0.01227475,0
152,40,0,9.548372394,0.0122895,0
156,40,0,9.953640933,0.012288,0
160,40,0,9.431704179,0.0122925,0
164,40,0,9.554512827,0.012295,0
168,40,0,9.394861584,0.01230225,0
172,40,0,9.701883205,0.012293,0
176,40,0,9.597495854,0.01228925,0
180,40,0,9.751006664,0.0123,0
184,40,0,9.425563746,0.0123195,0
188,40,0,9.5115298,0.012317,0
192,40,0,9.327316828,0.01232675,0
196,40,0,10.20539866,0.01234175,0
200,40,0,9.35801899,0.01232375,0
204,40,0,9.775568394,0.01228825,0
208,40,0,9.370299855,0.0123,0
212,40,0,9.425563746,0.01226475,0
0,44,0,10.51856071,0.012256,1
4,44,0,10.87470579,0.01223675,1
8,44,0,10.43259466,0.01225125,1
12,44,0,11.12646352,0.01225125,1
16,44,0,10.48171812,0.012274,1
20,44,0,10.35276904,0.01226325,1
24,44,0,10.43259466,0.01223675,1
28,44,0,10.32206688,0.0122795,1
32,44,0,10.84400363,0.012263,1
36,44,0,10.74575671,0.01230225,1
40,44,0,10.43259466,0.01230375,0
44,44,0,10.43259466,0.012311,0
48,44,0,9.548372394,0.0123035,0
52,44,0,10.22996039,0.0122665,0
56,44,0,9.922938771,0.01229225,0
60,44,0,9.345738125,0.0122895,0
64,44,0,9.308895531,0.01228675,0
68,44,0,9.253631639,0.0123015,0
72,44,0,9.370299855,0.01231975,0
76,44,0,8.983452613,0.0123685,0
80,44,0,9.124682558,0.0123955,0
84,44,0,9.916798339,0.0123935,0
88,44,0,10.25452212,0.0123815,0
92,44,0,10.89926752,0.012363,0
96,44,0,10.1746965,0.01235025,0
100,44,0,10.50013942,0.0123335,0
104,44,0,10.92996969,0.0123835,0
108,44,0,10.65365023,0.0123885,0
112,44,0,10.27908385,0.0123885,0
116,44,0,9.634338448,0.01238725,0
120,44,0,9.235210342,0.01234675,0
124,44,0,9.15538472,0.0123335,0
128,44,0,9.192227315,0.0123075,0
132,44,0,9.167665585,0.0122875,0
136,44,0,9.02643564,0.0122925,0
140,44,0,9.456265908,0.0122815,0
144,44,0,9.167665585,0.01226875,0
148,44,0,9.861534447,0.012274,0
152,44,0,9.81855142,0.01229525,0
156,44,0,9.529951097,0.01228425,0
160,44,0,9.898377042,0.012267,0
164,44,0,9.990483528,0.01227175,0
168,44,0,10.03346655,0.01230475,0
172,44,0,9.437844611,0.01230275,0
176,44,0,9.579074556,0.012318,0
180,44,0,9.376440287,0.01232525,0
184,44,0,9.462406341,0.0123265,0
188,44,0,9.695742772,0.01232825,0
192,44,0,10.08873045,0.01231525,0
196,44,0,10.09487088,0.0122865,0
200,44,0,9.922938771,0.01227225,0
204,44,0,9.781708826,0.012314,0
208,44,0,9.683461907,0.012289,0
212,44,0,9.622057583,0.01227,0
0,48,0,10.96681228,0.01221825,1
4,48,0,10.54312244,0.0122725,1
8,48,0,10.50013942,0.01226275,1
12,48,0,11.00365488,0.01224025,1
16,48,0,10.53084158,0.0122315,1
20,48,0,10.46329682,0.0122395,1
24,48,0,10.50013942,0.0122325,1
28,48,0,10.18697736,0.012284,0
32,48,0,10.48171812,0.0122545,1
36,48,0,10.14399434,0.01229425,0
40,48,0,9.861534447,0.0123125,0
44,48,0,10.57382461,0.0122805,1
48,48,0,10.3650499,0.01231875,0
52,48,0,10.22381996,0.01230375,0
56,48,0,10.02732612,0.01230875,0
60,48,0,9.609776719,0.01227775,0
64,48,0,9.5115298,0.012291,0
68,48,0,9.351878557,0.0122925,0
72,48,0,9.15538472,0.0123535,0
76,48,0,9.222929477,0.01236925,0
80,48,0,10.15013477,0.01237125,0
84,48,0,10.02118569,0.012331,0
88,48,0,10.85014406,0.0123415,0
92,48,0,10.67207153,0.01230725,0
96,48,0,10.78259931,0.01231775,0
100,48,0,10.99751444,0.01230025,0
104,48,0,10.78259931,0.01233175,0
108,48,0,10.90540796,0.01231225,0
112,48,0,10.6290885,0.01235875,0
116,48,0,10.91768882,0.01235375,0
120,48,0,10.27908385,0.01239775,0
124,48,0,9.738725799,0.012376,0
128,48,0,9.241350774,0.0123975,0
132,48,0,9.17994645,0.01231075,0
136,48,0,9.15538472,0.01230975,0
140,48,0,9.192227315,0.012295,0
144,48,0,9.014154775,0.01232,0
152,48,0,9.425563746,0.012281,0
156,48,0,9.431704179,0.012266,0
160,48,0,9.738725799,0.012296,0
164,48,0,9.732585367,0.01228275,0
168,48,0,9.714164069,0.01227775,0
172,48,0,9.959781366,0.0122865,0
176,48,0,9.910657907,0.0123015,0
180,48,0,9.302755098,0.01233525,0
184,48,0,9.376440287,0.01231625,0
188,48,0,9.290474233,0.0123255,0
192,48,0,9.284333801,0.0122875,0
196,48,0,9.272052936,0.01230125,0
200,48,0,9.33345726,0.01229275,0
204,48,0,9.474687206,0.01229725,0
208,48,0,9.216789044,0.01231175,0
212,48,0,9.038716505,0.01232,0
0,52,0,11.09576136,0.01227475,1
4,52,0,10.57382461,0.01226625,1
8,52,0,10.4203138,0.0122375,1
12,52,0,10.95453142,0.0122545,1
16,52,0,10.50013942,0.0122425,1
20,52,0,10.59838634,0.0122535,1
24,52,0,10.69663325,0.01227425,1
28,52,0,10.27294342,0.0122815,0
32,52,0,10.94225055,0.0122795,1
36,52,0,10.3834712,0.01231,0
40,52,0,10.05802828,0.0123265,0
44,52,0,9.824691853,0.01232975,0
48,52,0,9.308895531,0.01233275,0
52,52,0,9.376440287,0.0123295,0
56,52,0,9.210648612,0.01231775,0
60,52,0,9.161525153,0.01229825,0
64,52,0,9.241350774,0.01233225,0
68,52,0,9.124682558,0.012366,0
72,52,0,9.493108503,0.01237225,0
76,52,0,10.11329218,0.01232125,0
80,52,0,10.31592645,0.012297,0
84,52,0,10.57996504,0.01227875,0
88,52,0,10.92996969,0.01228275,1
92,52,0,10.92996969,0.01229525,0
96,52,0,10.92382925,0.01230425,0
100,52,0,10.78873974,0.0122855,0
104,52,0,10.62294807,0.01227575,0
108,52,0,10.74575671,0.01228375,0
112,52,0,10.3650499,0.01228975,0
116,52,0,10.52470115,0.01229925,0
120,52,0,11.00979531,0.012357,0
128,52,0,10.22996039,0.01243775,0
132,52,0,9.769427961,0.01237875,0
136,52,0,9.290474233,0.0123435,0
140,52,0,9.364159422,0.0123105,0
144,52,0,9.17994645,0.012301,0
148,52,0,8.97731218,0.01230475,0
152,52,0,9.069418667,0.01231575,0
156,52,0,9.186086882,0.01228825,0
160,52,0,9.296614666,0.012293,0
164,52,0,9.290474233,0.01230375,0
168,52,0,9.186086882,0.01229625,0
172,52,0,9.296614666,0.012334,0
176,52,0,9.173806018,0.01231425,0
180,52,0,9.566793692,0.0123165,0
184,52,0,10.18083693,0.0123185,0
188,52,0,9.186086882,0.01232775,0
192,52,0,9.327316828,0.012315,0
196,52,0,9.235210342,0.01230475,0
200,52,0,9.407142449,0.0123125,0
204,52,0,9.210648612,0.01230225,0
208,52,0,9.100120829,0.012321,0
212,52,0,9.15538472,0.0122775,0
0,56,0,10.19925823,0.0122335,1
4,56,0,10.12557304,0.01228325,0
8,56,0,10.40803293,0.0122355,1
12,56,0,10.56154374,0.01225175,1
16,56,0,10.63522893,0.01227775,1
20,56,0,10.79488017,0.01226375,1
24,56,0,10.60452677,0.01226375,1
28,56,0,10.54926288,0.0122625,1
32,56,0,10.37733077,0.012275,0
36,56,0,10.13785391,0.01229275,0
40,56,0,10.03960699,0.01234025,0
44,56,0,9.769427961,0.0123215,0
48,56,0,9.585214989,0.0123195,0
52,56,0,9.339597693,0.01233825,0
56,56,0,9.229069909,0.01229725,0
60,56,0,9.112401693,0.012299,0
64,56,0,9.235210342,0.01229975,0
68,56,0,9.265912504,0.01237575,0
72,56,0,9.493108503,0.01238775,0
76,56,0,10.22381996,0.01233875,0
80,56,0,10.6290885,0.01229275,0
84,56,0,10.48785855,0.012277,0
88,56,0,10.63522893,0.01231075,0
92,56,0,10.65979066,0.0123015,0
96,56,0,11.14488482,0.0123095,0
100,56,0,10.92382925,0.0123065,0
104,56,0,10.72119498,0.01229125,0
108,56,0,10.67821196,0.0122995,0
112,56,0,10.58610547,0.0122775,0
116,56,0,11.63611941,0.01229,1
120,56,0,10.50627985,0.01228975,0
124,56,0,10.50013942,0.01229975,0
128,56,0,10.29136472,0.01234475,0
132,56,0,10.05188785,0.01237325,0
136,56,0,9.33345726,0.01239725,0
140,56,0,9.17994645,0.0123735,0
144,56,0,9.278193368,0.012328,0
148,56,0,9.087839964,0.01230225,0
152,56,0,9.02643564,0.012296,0
156,56,0,9.038716505,0.0123105,0
160,56,0,9.112401693,0.01231225,0
164,56,0,9.33345726,0.0123335,0
168,56,0,9.296614666,0.0122985,0
172,56,0,9.296614666,0.0123285,0
176,56,0,9.401002017,0.0123075,0
180,56,0,9.5115298,0.012339,0
184,56,0,9.265912504,0.0123275,0
188,56,0,9.186086882,0.01231275,0
192,56,0,9.388721152,0.01230325,0
196,56,0,9.456265908,0.01229675,0
200,56,0,9.315035963,0.0123045,0
204,56,0,9.33345726,0.01231475,0
208,56,0,9.235210342,0.01229,0
212,56,0,9.075559099,0.0122935,0
0,60,0,10.51242028,0.01226425,1
4,60,0,10.50013942,0.01225875,1
8,60,0,10.38961163,0.012267,1
12,60,0,10.53698201,0.012234,1
16,60,0,10.67207153,0.01225425,1
20,60,0,11.5010299,0.0122645,1
24,60,0,10.53698201,0.01226925,1
28,60,0,10.46943726,0.01228975,0
32,60,0,11.62997898,0.0122995,1
36,60,0,11.86945584,0.01231075,1
40,60,0,9.879955744,0.01232975,0
44,60,0,9.916798339,0.012349,0
48,60,0,9.560653259,0.01231575,0
52,60,0,9.437844611,0.0123385,0
56,60,0,9.198367747,0.0123025,0
60,60,0,9.118542126,0.01232775,0
64,60,0,9.370299855,0.012346,0
68,60,0,9.419423314,0.01238,0
72,60,0,10.1562752,0.01231475,0
76,60,0,10.55540331,0.012321,0
80,60,0,10.84400363,0.01229875,0
84,60,0,10.97295271,0.012334,0
88,60,0,10.85014406,0.012305,0
92,60,0,10.86242493,0.01230525,0
96,60,0,10.8562845,0.012315,0
100,60,0,10.87470579,0.0123205,0
104,60,0,10.6475098,0.0123055,0
108,60,0,10.97909315,0.012303,0
112,60,0,10.94225055,0.012311,0
116,60,0,10.88084623,0.01230125,0
120,60,0,10.70277369,0.01231925,0
124,60,0,10.54926288,0.01229125,0
128,60,0,10.31592645,0.0123095,0
132,60,0,10.08259001,0.012358,0
136,60,0,9.68960234,0.01239675,0
144,60,0,9.235210342,0.01232325,0
148,60,0,10.94839098,0.01232175,0
152,60,0,9.081699531,0.01233,0
156,60,0,9.063278234,0.01229275,0
160,60,0,9.118542126,0.01231375,0
164,60,0,10.50013942,0.01232575,0
172,60,0,10.87470579,0.0123185,0
176,60,0,9.5115298,0.0123475,0
180,60,0,9.812410988,0.01231875,0
184,60,0,9.443985043,0.0122905,0
188,60,0,9.315035963,0.01234,0
192,60,0,9.327316828,0.01231925,0
196,60,0,9.370299855,0.012329,0
200,60,0,9.149244288,0.01231775,0
204,60,0,10.02732612,0.01232475,0
208,60,0,9.069418667,0.01230025,0
212,60,0,9.321176395,0.01231825,0
0,64,0,10.22996039,0.0122555,1
4,64,0,10.30978601,0.012258,1
8,64,0,10.30364558,0.01225025,1
12,64,0,10.65365023,0.01223725,1
16,64,0,10.5922459,0.012235,1
20,64,0,10.58610547,0.01226575,1
24,64,0,10.46329682,0.01225825,1
28,64,0,10.56154374,0.0122715,1
32,64,0,10.43873509,0.01227775,0
36,64,0,10.21153909,0.0122995,0
40,64,0,10.15013477,0.0123115,0
44,64,0,9.978202663,0.0123255,0
48,64,0,11.02207617,0.01233225,0
52,64,0,10.29750515,0.01234425,0
56,64,0,9.198367747,0.012331,0
60,64,0,9.253631639,0.0123435,0
64,64,0,9.376440287,0.012341,0
68,64,0,9.456265908,0.01238675,0
72,64,0,10.22381996,0.01233375,0
76,64,0,10.64136936,0.01230475,0
80,64,0,10.91768882,0.012294,0
84,64,0,10.8562845,0.012313,0
88,64,0,11.00979531,0.012301,0
92,64,0,10.99137401,0.01233625,0
96,64,0,10.92382925,0.01231375,0
100,64,0,11.66682158,0.01230975,1
104,64,0,11.17558698,0.01232,0
108,64,0,11.75278763,0.01229675,1
112,64,0,11.55015336,0.012305,1
116,64,0,10.88698666,0.01229775,0
120,64,0,11.34751909,0.012301,0
128,64,0,10.35890947,0.0123,0
132,64,0,10.92996969,0.01233925,0
136,64,0,10.6475098,0.012383,0
140,64,0,9.84311315,0.01243275,0
144,64,0,10.49399899,0.01237575,0
148,64,0,9.265912504,0.01235725,0
152,64,0,9.425563746,0.01233075,0
156,64,0,9.339597693,0.012308,0
160,64,0,9.272052936,0.01233375,0
164,64,0,9.425563746,0.0123035,0
168,64,0,9.499248935,0.0123075,0
172,64,0,9.143103856,0.01233,0
176,64,0,9.523810665,0.01228925,0
180,64,0,9.560653259,0.01230325,0
184,64,0,9.652759745,0.01231875,0
188,64,0,9.708023637,0.01232875,0
192,64,0,9.603636286,0.01232425,0
196,64,0,9.585214989,0.01231175,0
200,64,0,9.935219636,0.01233,0
204,64,0,9.505389368,0.0123355,0
212,64,0,9.315035963,0.0123245,0
0,68,0,10.8194419,0.01226625,1
4,68,0,10.64136936,0.01224225,1
8,68,0,11.42120428,0.01225575,1
12,68,0,10.65365023,0.0122615,1
16,68,0,11.0282166,0.01223925,1
20,68,0,10.51856071,0.012239,1
24,68,0,10.67207153,0.01228175,0
28,68,0,10.6290885,0.0122845,0
32,68,0,10.75803758,0.012279,1
36,68,0,10.54312244,0.012293,0
40,68,0,10.38961163,0.0123175,0
44,68,0,10.08259001,0.0123565,0
48,68,0,9.916798339,0.01235075,0
52,68,0,9.658900178,0.01234375,0
56,68,0,9.419423314,0.012333,0
60,68,0,9.382580719,0.012341,0
64,68,0,9.658900178,0.01238375,0
68,68,0,9.793989691,0.01237575,0
72,68,0,10.51856071,0.012352,0
76,68,0,10.88698666,0.01230425,0
80,68,0,11.21857001,0.0123105,0
84,68,0,11.35979995,0.012291,1
88,68,0,11.02207617,0.0123245,0
92,68,0,11.10804223,0.01230575,0
96,68,0,11.05891877,0.01234225,0
100,68,0,11.34751909,0.0122975,0
104,68,0,11.04049747,0.012339,0
108,68,0,11.47032774,0.01231725,0
112,68,0,11.10804223,0.0122945,0
116,68,0,10.86242493,0.01229175,0
120,68,0,10.78873974,0.012303,0
124,68,0,10.6290885,0.0122985,0
128,68,0,10.4203138,0.01236925,0
132,68,0,10.1931178,0.0123375,0
136,68,0,9.751006664,0.01237775,0
140,68,0,9.33345726,0.0123885,0
148,68,0,9.290474233,0.01232375,0
152,68,0,9.235210342,0.0123545,0
156,68,0,9.136963423,0.012347,0
160,68,0,9.186086882,0.0123185,0
164,68,0,9.216789044,0.012321,0
168,68,0,9.302755098,0.0123235,0
172,68,0,9.075559099,0.0123275,0
176,68,0,9.370299855,0.0123215,0
180,68,0,9.339597693,0.01233375,0
184,68,0,9.345738125,0.01234125,0
188,68,0,9.394861584,0.01234325,0
192,68,0,9.33345726,0.012331,0
196,68,0,9.327316828,0.01233625,0
200,68,0,9.229069909,0.01232825,0
204,68,0,9.130822991,0.01233025,0
208,68,0,9.15538472,0.012325,0
212,68,0,9.437844611,0.01234475,0
0,72,0,10.52470115,0.01227525,1
4,72,0,10.46329682,0.01226525,1
8,72,0,10.6290885,0.012268,1
12,72,0,10.72733542,0.0122905,0
16,72,0,10.70891412,0.012273,1
20,72,0,10.53084158,0.0122765,0
24,72,0,10.72119498,0.012274,1
28,72,0,10.70891412,0.01228425,0
32,72,0,10.70891412,0.01229375,0
36,72,0,10.73961628,0.01228475,0
40,72,0,10.44487553,0.01232525,0
44,72,0,10.31592645,0.01230725,0
48,72,0,10.02732612,0.01232675,0
52,72,0,9.757147096,0.01235775,0
56,72,0,9.554512827,0.0123525,0
60,72,0,9.35801899,0.012345,0
64,72,0,9.327316828,0.0123555,0
68,72,0,9.407142449,0.01232575,0
72,72,0,9.757147096,0.01233175,0
76,72,0,10.12557304,0.0123605,0
80,72,0,10.70891412,0.012347,0
84,72,0,10.89312709,0.0123415,0
88,72,0,10.8194419,0.01232275,0
92,72,0,11.72208547,0.01227025,1
96,72,0,10.95453142,0.01231375,0
100,72,0,10.94839098,0.01229525,0
104,72,0,11.00979531,0.0123,0
108,72,0,10.99751444,0.0122815,0
112,72,0,10.96681228,0.0123245,0
116,72,0,10.85014406,0.012344,0
120,72,0,10.75189715,0.01233825,0
124,72,0,10.6475098,0.01235475,0
128,72,0,10.46943726,0.012368,0
132,72,0,10.27908385,0.01236625,0
136,72,0,10.05802828,0.01237075,0
140,72,0,9.695742772,0.01235725,0
144,72,0,9.652759745,0.01238175,0
148,72,0,9.603636286,0.0123545,0
152,72,0,9.480827638,0.01228325,0
156,72,0,9.235210342,0.01233575,0
160,72,0,9.259772071,0.01232375,0
164,72,0,9.17994645,0.0123015,0
168,72,0,9.161525153,0.01232775,0
172,72,0,9.272052936,0.012339,0
176,72,0,9.259772071,0.0123455,0
180,72,0,9.253631639,0.012346,0
184,72,0,9.572934124,0.01233675,0
192,72,0,9.35801899,0.012332,0
196,72,0,9.529951097,0.01232775,0
200,72,0,9.315035963,0.0123425,0
204,72,0,9.401002017,0.0123535,0
208,72,0,9.216789044,0.012312,0
212,72,0,9.394861584,0.01232425,0
0,76,0,10.21153909,0.01230225,0
4,76,0,11.74050676,0.012301,1
8,76,0,12.01068579,0.012303,1
12,76,0,11.93086017,0.01227725,1
16,76,0,10.89312709,0.01227325,1
20,76,0,10.64136936,0.01226,1
24,76,0,10.80716104,0.0122845,0
28,76,0,10.70891412,0.01226225,1
32,76,0,10.89926752,0.01224975,1
36,76,0,10.68435239,0.012282,0
40,76,0,10.49399899,0.01229025,0
44,76,0,10.41417336,0.01229175,0
48,76,0,9.965921798,0.01231325,0
56,76,0,11.54401293,0.01234575,0
60,76,0,11.3106765,0.012352,0
64,76,0,10.79488017,0.01234425,0
68,76,0,9.345738125,0.01232,0
72,76,0,9.480827638,0.01233875,0
76,76,0,9.695742772,0.012328,0
80,76,0,9.800130123,0.01236175,0
84,76,0,10.06416872,0.01235075,0
88,76,0,10.3834712,0.0123315,0
92,76,0,10.54312244,0.01235325,0
96,76,0,10.59838634,0.012329,0
100,76,0,10.57382461,0.01232925,0
104,76,0,10.6475098,0.01231975,0
108,76,0,10.54312244,0.01233,0
112,76,0,10.43259466,0.01234725,0
116,76,0,10.30978601,0.01232925,0
120,76,0,10.21153909,0.012353,0
124,76,0,9.972062231,0.01235275,0
128,76,0,9.892236609,0.01232,0
132,76,0,9.775568394,0.01234125,0
136,76,0,9.609776719,0.0123035,0
140,76,0,9.591355421,0.0123415,0
144,76,0,9.413282881,0.0123195,0
148,76,0,9.351878557,0.012331,0
152,76,0,9.290474233,0.01232175,0
156,76,0,9.161525153,0.012347,0
160,76,0,9.198367747,0.0123505,0
164,76,0,9.17994645,0.012351,0
168,76,0,9.15538472,0.01235075,0
172,76,0,9.265912504,0.01235,0
176,76,0,9.769427961,0.01235525,0
180,76,0,9.413282881,0.0123405,0
184,76,0,9.425563746,0.01234175,0
188,76,0,9.321176395,0.01234375,0
192,76,0,9.48696807,0.01235325,0
196,76,0,9.425563746,0.01236675,0
200,76,0,9.33345726,0.01235625,0
204,76,0,9.296614666,0.01233275,0
208,76,0,9.192227315,0.0123415,0
212,76,0,9.388721152,0.01233275,0
0,80,0,10.29136472,0.0123105,0
4,80,0,10.31592645,0.0122855,0
8,80,0,10.27294342,0.0122665,0
12,80,0,10.29136472,0.01228775,0
16,80,0,10.46943726,0.012307,0
20,80,0,10.3834712,0.0122665,0
24,80,0,10.67207153,0.01226425,0
28,80,0,11.14488482,0.0122575,1
32,80,0,10.97295271,0.012258,1
36,80,0,10.89312709,0.01228,0
40,80,0,10.76417801,0.01227925,0
44,80,0,10.67821196,0.01227875,0
48,80,0,10.6290885,0.01228575,0
52,80,0,10.37119034,0.0123255,0
56,80,0,10.18083693,0.0123325,0
60,80,0,10.08873045,0.012333,0
64,80,0,9.738725799,0.01235975,0
68,80,0,9.695742772,0.01236225,0
72,80,0,9.560653259,0.01234825,0
76,80,0,9.370299855,0.012344,0
80,80,0,9.474687206,0.012369,0
84,80,0,9.450125476,0.0123405,0
88,80,0,9.443985043,0.0123355,0
92,80,0,9.437844611,0.01233225,0
96,80,0,9.677321475,0.012342,0
100,80,0,9.474687206,0.01232975,0
104,80,0,9.5115298,0.01233225,0
108,80,0,9.505389368,0.0123335,0
112,80,0,9.425563746,0.0123275,0
116,80,0,9.364159422,0.012367,0
120,80,0,9.419423314,0.01232875,0
124,80,0,9.425563746,0.01231975,0
128,80,0,9.376440287,0.01233425,0
132,80,0,9.241350774,0.012332,0
136,80,0,9.284333801,0.01233975,0
140,80,0,9.394861584,0.01235175,0
148,80,0,9.345738125,0.01233725,0
152,80,0,9.284333801,0.0123545,0
156,80,0,9.272052936,0.012324,0
160,80,0,9.327316828,0.01236075,0
164,80,0,9.345738125,0.0123515,0
168,80,0,9.339597693,0.012334,0
172,80,0,9.861534447,0.01235,0
176,80,0,9.308895531,0.01235075,0
180,80,0,9.388721152,0.012342,0
184,80,0,9.5115298,0.0123445,0
188,80,0,9.468546773,0.01234375,0
192,80,0,9.401002017,0.01237725,0
196,80,0,9.529951097,0.01233625,0
200,80,0,9.474687206,0.0123695,0
204,80,0,9.517670232,0.012352,0
208,80,0,9.345738125,0.01236625,0
212,80,0,9.302755098,0.01234925,0
0,84,0,10.05188785,0.0123405,0
4,84,0,10.16241564,0.0123065,0
8,84,0,10.32820731,0.01229,0
12,84,0,10.69049282,0.0122875,0
16,84,0,10.51242028,0.01227675,0
20,84,0,10.64136936,0.01226925,0
24,84,0,10.94225055,0.01224725,1
28,84,0,10.94839098,0.012269,1
32,84,0,11.0834805,0.01226575,1
36,84,0,10.92996969,0.01226975,0
40,84,0,10.94839098,0.0122675,1
44,84,0,11.02207617,0.01227225,0
48,84,0,10.8562845,0.01229825,0
52,84,0,10.77645888,0.01229275,0
56,84,0,10.70891412,0.01227725,0
60,84,0,10.42645423,0.0122765,0
64,84,0,10.39575207,0.0123115,0
68,84,0,10.27908385,0.01230425,0
72,84,0,10.24838169,0.0123295,0
76,84,0,11.61769812,0.012323,0
80,84,0,10.10715174,0.0123245,0
84,84,0,9.978202663,0.012315,0
88,84,0,10.04574742,0.01231225,0
92,84,0,10.00276439,0.0123225,0
96,84,0,9.99662396,0.01230325,0
100,84,0,11.50717033,0.01231175,0
104,84,0,9.922938771,0.012317,0
108,84,0,9.953640933,0.01236775,0
112,84,0,9.916798339,0.01235075,0
116,84,0,9.86767488,0.0123415,0
120,84,0,9.861534447,0.012339,0
124,84,0,9.812410988,0.01232775,0
128,84,0,9.806270556,0.01233225,0
132,84,0,9.738725799,0.012345,0
136,84,0,9.529951097,0.01234225,0
140,84,0,9.499248935,0.012334,0
144,84,0,9.437844611,0.0123635,0
148,84,0,9.5115298,0.01235075,0
152,84,0,9.462406341,0.0123635,0
156,84,0,9.468546773,0.01236425,0
160,84,0,9.450125476,0.0123865,0
164,84,0,9.474687206,0.01236525,0
168,84,0,9.572934124,0.01234775,0
172,84,0,9.701883205,0.0123675,0
176,84,0,9.744866231,0.0123465,0
180,84,0,9.720304502,0.0123555,0
184,84,0,10.08259001,0.01231825,0
188,84,0,9.812410988,0.01235825,0
192,84,0,9.793989691,0.01236025,0
196,84,0,9.800130123,0.0123405,0
200,84,0,9.824691853,0.012345,0
204,84,0,9.81855142,0.01234,0
208,84,0,10.26680299,0.012351,0
212,84,0,9.585214989,0.0123465,0
4,88,0,10.41417336,0.01233475,0
8,88,0,10.64136936,0.01229825,0
12,88,0,10.27294342,0.01228425,0
16,88,0,11.86331541,0.012307,1
20,88,0,10.80102061,0.01228875,0
24,88,0,10.65979066,0.01228175,0
28,88,0,10.78259931,0.012257,0
32,88,0,11.12032309,0.012258,1
36,88,0,11.05891877,0.01224425,1
40,88,0,11.16330612,0.01226075,1
44,88,0,11.21242958,0.0122625,1
48,88,0,11.33523823,0.012261,1
52,88,0,11.28611477,0.01227025,1
56,88,0,11.21242958,0.012281,0
60,88,0,11.21242958,0.01229025,0
64,88,0,11.00979531,0.01227175,0
68,88,0,10.69049282,0.0122715,0
72,88,0,10.84400363,0.01232825,0
76,88,0,10.72733542,0.012272,0
80,88,0,10.80716104,0.012293,0
84,88,0,10.67207153,0.01232125,0
88,88,0,10.51242028,0.01225375,0
104,88,0,10.54926288,0.0123175,0
108,88,0,10.4203138,0.0123265,0
112,88,0,10.51856071,0.0122875,0
116,88,0,10.41417336,0.0122915,0
120,88,0,10.48171812,0.01230725,0
128,88,0,10.53698201,0.0122935,0
132,88,0,10.49399899,0.012309,0
136,88,0,10.32206688,0.01229625,0
140,88,0,10.18697736,0.01228875,0
144,88,0,10.18697736,0.0123085,0
148,88,0,10.08259001,0.0123085,0
152,88,0,10.23610082,0.012339,0
156,88,0,10.01504526,0.0123355,0
160,88,0,10.06416872,0.01235175,0
164,88,0,9.744866231,0.012331,0
168,88,0,9.744866231,0.01233175,0
172,88,0,9.769427961,0.01233675,0
176,88,0,9.86767488,0.0123205,0
180,88,0,9.86767488,0.0123315,0
184,88,0,9.879955744,0.01233575,0
188,88,0,9.959781366,0.012313,0
192,88,0,10.18083693,0.0123345,0
196,88,0,9.959781366,0.01233275,0
200,88,0,10.24838169,0.01230275,0
204,88,0,10.13785391,0.01232125,0
208,88,0,10.26680299,0.0123,0
212,88,0,10.13785391,0.012321,0
0,92,0,10.24224126,0.0123315,0
4,92,0,10.26680299,0.01232125,0
8,92,0,11.40278298,0.01231425,1
12,92,0,11.13260396,0.01227875,1
16,92,0,10.3834712,0.012269,0
20,92,0,10.68435239,0.01227925,0
24,92,0,10.70277369,0.01226675,0
28,92,0,11.62997898,0.01226,1
32,92,0,11.27997433,0.0122525,1
36,92,0,11.43962558,0.01223775,1
40,92,0,11.42734471,0.01224275,1
44,92,0,11.37822125,0.01224725,1
48,92,0,11.18172741,0.01224475,1
52,92,0,11.07734006,0.01228325,0
56,92,0,11.21857001,0.012253,1
60,92,0,11.07734006,0.012273,0
64,92,0,11.40892341,0.012291,0
68,92,0,11.29839563,0.0122885,0
72,92,0,11.2554126,0.01230725,0
76,92,0,10.89926752,0.012304,0
80,92,0,10.88698666,0.01228325,0
84,92,0,11.0282166,0.01228225,0
88,92,0,10.91768882,0.01231675,0
92,92,0,10.83172277,0.01229525,0
96,92,0,10.81330147,0.01231,0
100,92,0,10.99137401,0.0123125,0
104,92,0,11.01593574,0.012299,0
108,92,0,10.98523358,0.012319,0
112,92,0,11.12646352,0.01229575,0
116,92,0,10.69663325,0.01230725,0
120,92,0,10.94225055,0.0123075,0
124,92,0,11.05891877,0.0123145,0
128,92,0,10.97909315,0.012297,0
132,92,0,10.88084623,0.01228575,0
136,92,0,10.84400363,0.01230725,0
140,92,0,10.6290885,0.0122855,0
144,92,0,10.55540331,0.0122945,0
148,92,0,10.38961163,0.01228425,0
152,92,0,10.32820731,0.0123045,0
156,92,0,10.26680299,0.01229325,0
160,92,0,10.24838169,0.01230675,0
164,92,0,10.22381996,0.012325,0
168,92,0,10.30978601,0.01232675,0
172,92,0,10.21767953,0.01233075,0
176,92,0,10.25452212,0.0123185,0
180,92,0,10.10101131,0.01234325,0
184,92,0,10.32820731,0.01230075,0
188,92,0,10.56768417,0.0123125,0
192,92,0,10.54312244,0.01230275,0
196,92,0,10.3650499,0.01228025,0
200,92,0,10.67207153,0.0123045,0
204,92,0,10.43873509,0.0123055,0
208,92,0,10.63522893,0.012286,0
212,92,0,10.60452677,0.01226125,0
0,96,0,9.732585367,0.0123375,0
4,96,0,10.16241564,0.012335,0
8,96,0,10.02732612,0.012306,0
12,96,0,10.10101131,0.012307,0
16,96,0,10.15013477,0.01231075,0
20,96,0,12.03524752,0.01230725,1
24,96,0,10.94225055,0.012291,0
28,96,0,11.12032309,0.01225975,1
32,96,0,11.32295736,0.0122275,1
36,96,0,11.11418266,0.0122545,1
40,96,0,11.64225985,0.01227725,1
44,96,0,11.72208547,0.0122625,1
48,96,0,11.16944655,0.012291,0
52,96,0,11.61769812,0.012251,1
56,96,0,11.03435704,0.012232,1
60,96,0,10.99751444,0.0122595,0
64,96,0,10.84400363,0.01225525,0
68,96,0,11.12032309,0.01228725,0
72,96,0,10.5922459,0.012303,0
80,96,0,10.48785855,0.0122905,0
84,96,0,10.64136936,0.01232225,0
88,96,0,10.54312244,0.012302,0
92,96,0,10.48785855,0.0123225,0
96,96,0,10.37119034,0.01233125,0
100,96,0,10.49399899,0.0123345,0
104,96,0,10.47557769,0.01231525,0
108,96,0,10.34048818,0.01231525,0
112,96,0,10.59838634,0.01231625,0
116,96,0,11.9185793,0.012283,1
120,96,0,10.99751444,0.01230675,0
124,96,0,10.79488017,0.01226825,0
128,96,0,10.86242493,0.012284,0
132,96,0,10.92996969,0.012282,0
136,96,0,10.94225055,0.01227575,0
140,96,0,11.2922552,0.01228275,0
148,96,0,11.15716569,0.01225825,0
152,96,0,10.96681228,0.0122655,0
156,96,0,10.88084623,0.0122925,0
160,96,0,10.56154374,0.012287,0
164,96,0,10.69049282,0.01227175,0
168,96,0,10.70891412,0.0123055,0
172,96,0,10.48785855,0.01229825,0
176,96,0,10.53084158,0.01229775,0
180,96,0,10.65979066,0.01230225,0
184,96,0,10.65979066,0.0122835,0
188,96,0,10.45101596,0.01227475,0
192,96,0,10.94225055,0.01228775,0
196,96,0,10.96067185,0.0122605,0
200,96,0,10.96067185,0.0122755,0
204,96,0,10.95453142,0.0122725,0
208,96,0,11.27997433,0.01226275,0
212,96,0,11.22471044,0.01226675,0
4,100,0,9.886096177,0.01234625,0
8,100,0,9.916798339,0.0123585,0
12,100,0,9.929079204,0.0123415,0
16,100,0,10.16855607,0.012328,0
20,100,0,10.35890947,0.01232175,0
24,100,0,10.71505455,0.01228575,0
28,100,0,11.0466379,0.01226475,0
32,100,0,11.24313174,0.0122505,1
36,100,0,11.42734471,0.01226775,1
40,100,0,11.56243422,0.012268,1
44,100,0,11.66682158,0.01226025,1
48,100,0,11.46418731,0.0122665,1
52,100,0,11.34751909,0.01227775,0
56,100,0,11.19400828,0.012293,0
60,100,0,11.15716569,0.012283,0
64,100,0,10.74575671,0.0123065,0
68,100,0,10.92382925,0.01232275,0
72,100,0,10.46943726,0.01234225,0
76,100,0,10.22996039,0.01233975,0
80,100,0,10.11943261,0.01234975,0
84,100,0,9.726444934,0.01234925,0
88,100,0,9.708023637,0.01236875,0
92,100,0,9.81855142,0.012369,0
96,100,0,9.628198016,0.012404,0
100,100,0,9.769427961,0.01239075,0
104,100,0,9.984343095,0.0123845,0
112,100,0,10.21153909,0.0123275,0
116,100,0,10.30978601,0.012316,0
120,100,0,10.71505455,0.0123185,0
124,100,0,10.96681228,0.0123145,0
128,100,0,11.12032309,0.01230325,0
132,100,0,11.32909779,0.0122815,0
136,100,0,11.59313639,0.01229625,0
140,100,0,11.58085552,0.012288,0
144,100,0,11.53787249,0.012273,0
148,100,0,11.4826086,0.01225,0
152,100,0,11.20628914,0.01227325,0
156,100,0,11.22471044,0.01226575,0
160,100,0,10.91154839,0.01225975,0
164,100,0,10.75803758,0.01228775,0
168,100,0,10.81330147,0.0122855,0
172,100,0,10.59838634,0.0123025,0
176,100,0,10.78873974,0.012285,0
180,100,0,10.58610547,0.0122865,0
184,100,0,10.56154374,0.01228275,0
188,100,0,10.92996969,0.01223375,0
192,100,0,11.0466379,0.012312,0
196,100,0,11.04049747,0.0122745,0
200,100,0,11.26769347,0.01226375,0
204,100,0,11.34751909,0.012234,0
208,100,0,11.16944655,0.01227275,0
212,100,0,11.18786785,0.01226075,0
0,104,0,9.701883205,0.01231175,0
4,104,0,9.708023637,0.01232875,0
16,104,0,9.855394015,0.012346,0
20,104,0,11.22471044,0.01234975,0
24,104,0,10.51242028,0.012313,0
28,104,0,10.57382461,0.01230725,0
32,104,0,11.04049747,0.0122795,0
36,104,0,11.18786785,0.01225175,1
40,104,0,11.20628914,0.0122375,1
44,104,0,11.54401293,0.012268,1
48,104,0,11.43962558,0.0122745,1
52,104,0,11.35979995,0.012286,0
56,104,0,11.12646352,0.01226025,0
60,104,0,10.85014406,0.012261,0
64,104,0,10.87470579,0.0123325,0
68,104,0,10.46943726,0.01231375,0
76,104,0,10.08259001,0.0123515,0
80,104,0,9.879955744,0.0123645,0
84,104,0,9.529951097,0.0123825,0
88,104,0,9.548372394,0.012383,0
92,104,0,9.757147096,0.012411,0
96,104,0,9.431704179,0.01240225,0
100,104,0,9.48696807,0.01236625,0
104,104,0,9.474687206,0.01237875,0
108,104,0,9.523810665,0.012363,0
112,104,0,9.929079204,0.01238325,0
116,104,0,9.812410988,0.01237275,0
120,104,0,10.29136472,0.01237325,0
124,104,0,10.35890947,0.01233775,0
128,104,0,10.53698201,0.01231825,0
132,104,0,10.65365023,0.01229225,0
136,104,0,10.89926752,0.0122835,0
140,104,0,11.11418266,0.01227975,0
144,104,0,11.39664255,0.012255,0
152,104,0,12.37911173,0.01223975,1
156,104,0,12.41595433,0.01224925,1
160,104,0,11.23085087,0.01225275,0
164,104,0,11.0834805,0.0122745,0
168,104,0,10.94839098,0.0122745,0
172,104,0,10.5922459,0.01229325,0
176,104,0,10.72119498,0.012289,0
180,104,0,10.82558234,0.012296,0
184,104,0,10.77031844,0.01228525,0
188,104,0,10.85014406,0.0122815,0
192,104,0,10.92996969,0.0122905,0
196,104,0,11.05277833,0.01229,0
200,104,0,11.24313174,0.0122705,0
204,104,0,11.30453606,0.01225525,0
208,104,0,11.36594039,0.0122605,0
212,104,0,11.58699595,0.01227575,0
0,108,0,9.296614666,0.01234425,0
4,108,0,9.278193368,0.0123435,0
12,108,0,9.634338448,0.01235175,0
16,108,0,9.763287529,0.01233575,0
20,108,0,9.68960234,0.0123655,0
24,108,0,10.18697736,0.0123595,0
28,108,0,10.40803293,0.0123115,0
32,108,0,10.54926288,0.012295,0
36,108,0,10.75803758,0.012251,0
40,108,0,11.13874439,0.0122455,0
44,108,0,11.46418731,0.0122735,1
48,108,0,11.64840028,0.01225575,1
52,108,0,11.2738339,0.0122795,0
56,108,0,11.24927217,0.01228925,0
60,108,0,11.01593574,0.01230425,0
64,108,0,10.69049282,0.01234025,0
68,108,0,10.52470115,0.012325,0
72,108,0,10.1931178,0.01238125,0
76,108,0,10.03346655,0.0123655,0
80,108,0,9.462406341,0.01239725,0
84,108,0,9.425563746,0.01240725,0
88,108,0,9.48696807,0.012403,0
92,108,0,9.173806018,0.01241575,0
96,108,0,9.450125476,0.012399,0
100,108,0,9.167665585,0.01240675,0
104,108,0,9.48696807,0.01240425,0
108,108,0,9.272052936,0.01238575,0
112,108,0,9.66504061,0.01238875,0
116,108,0,9.634338448,0.01239075,0
120,108,0,10.30364558,0.01238975,0
124,108,0,10.1931178,0.01235325,0
128,108,0,10.88698666,0.0123395,0
132,108,0,10.96681228,0.012295,0
136,108,0,11.15102525,0.0122745,0
140,108,0,11.45190644,0.01228475,0
144,108,0,11.59313639,0.0122855,0
148,108,0,11.53173206,0.01226425,0
152,108,0,11.45804687,0.01224725,0
156,108,0,11.19400828,0.01226,0
160,108,0,11.04049747,0.01226625,0
164,108,0,11.22471044,0.01227975,0
168,108,0,10.66593109,0.0122995,0
172,108,0,10.63522893,0.01228975,0
176,108,0,10.73961628,0.01225575,0
180,108,0,10.72733542,0.01227825,0
184,108,0,10.78873974,0.012296,0
188,108,0,10.91154839,0.01226375,0
192,108,0,10.80102061,0.01227775,0
196,108,0,10.96067185,0.0122835,0
200,108,0,11.26155304,0.01227925,0
204,108,0,11.21242958,0.0122515,0
208,108,0,11.30453606,0.01226575,0
212,108,0,11.33523823,0.012259,0
0,112,0,9.15538472,0.01230225,0
4,112,0,9.124682558,0.01230525,0
8,112,0,9.106261261,0.0123135,0
12,112,0,9.229069909,0.01234,0
16,112,0,9.315035963,0.01232075,0
20,112,0,9.81855142,0.01234325,0
24,112,0,9.66504061,0.01232725,0
28,112,0,9.965921798,0.01234775,0
32,112,0,10.23610082,0.0123215,0
36,112,0,10.50627985,0.0122965,0
40,112,0,10.82558234,0.01226775,0
44,112,0,11.0466379,0.012265,0
48,112,0,11.11418266,0.01225025,0
52,112,0,11.5010299,0.01225,1
56,112,0,11.80191109,0.01226825,1
60,112,0,11.33523823,0.0122805,0
64,112,0,11.0466379,0.0122985,0
68,112,0,10.83172277,0.01230375,0
72,112,0,10.70891412,0.01232725,0
76,112,0,10.42645423,0.01235525,0
80,112,0,10.05802828,0.01236925,0
84,112,0,10.07644958,0.012383,0
88,112,0,9.830832285,0.0123935,0
92,112,0,9.793989691,0.01239825,0
96,112,0,10.90540796,0.012383,0
100,112,0,9.757147096,0.0123975,0
104,112,0,9.763287529,0.01239325,0
108,112,0,9.898377042,0.01239325,0
112,112,0,10.1931178,0.01238275,0
116,112,0,10.24224126,0.01237525,0
120,112,0,10.31592645,0.0123405,0
124,112,0,10.6290885,0.01232225,0
128,112,0,10.6290885,0.01229375,0
132,112,0,10.78873974,0.01229025,0
136,112,0,10.99137401,0.0122595,0
140,112,0,11.21242958,0.012233,0
144,112,0,12.29314568,0.01224725,1
148,112,0,12.31770741,0.0122495,1
152,112,0,11.38436168,0.01225825,0
156,112,0,11.2922552,0.01226025,0
160,112,0,10.77645888,0.01227075,0
164,112,0,10.61680763,0.01226475,0
168,112,0,11.55015336,0.0122955,0
172,112,0,10.34662861,0.012314,0
176,112,0,10.30978601,0.0122925,0
180,112,0,10.30364558,0.0123005,0
184,112,0,11.9554219,0.012316,0
188,112,0,11.94314103,0.01231425,0
192,112,0,10.50627985,0.01229425,0
196,112,0,12.05980925,0.0123005,0
200,112,0,12.1826179,0.01228375,0
204,112,0,12.20103919,0.01227475,0
208,112,0,12.27472438,0.0122605,0
212,112,0,12.32998828,0.0122515,0
0,116,0,9.732585367,0.01231425,0
4,116,0,11.18786785,0.0123175,0
8,116,0,10.82558234,0.0123365,0
12,116,0,11.19400828,0.01233875,0
16,116,0,11.02207617,0.012333,0
20,116,0,11.14488482,0.012332,0
24,116,0,11.11418266,0.01233375,0
28,116,0,11.36594039,0.0123335,0
32,116,0,9.916798339,0.012329,0
36,116,0,10.18697736,0.01230525,0
40,116,0,12.01068579,0.01230525,1
44,116,0,12.10893271,0.01228675,1
48,116,0,12.21332006,0.01226325,1
52,116,0,12.26858395,0.01225475,1
56,116,0,12.29928611,0.0122555,1
60,116,0,12.18875833,0.0122595,1
64,116,0,11.97998363,0.01227575,1
68,116,0,11.80805152,0.01228775,0
72,116,0,10.70891412,0.0122945,0
76,116,0,10.66593109,0.0123295,0
80,116,0,10.26680299,0.012357,0
84,116,0,10.41417336,0.012366,0
88,116,0,10.26680299,0.01236475,0
92,116,0,10.29136472,0.01236875,0
96,116,0,10.56768417,0.0123915,0
100,116,0,10.52470115,0.01235925,0
104,116,0,10.16241564,0.01236825,0
108,116,0,10.00276439,0.0123475,0
112,116,0,10.50013942,0.0123585,0
116,116,0,10.6475098,0.012329,0
120,116,0,10.74575671,0.01229875,0
124,116,0,10.86242493,0.01227775,0
128,116,0,11.07119963,0.01228175,0
132,116,0,12.21332006,0.01226125,1
136,116,0,11.22471044,0.0122585,0
140,116,0,11.31681693,0.01224725,0
144,116,0,11.17558698,0.0122525,0
148,116,0,11.11418266,0.01224625,0
152,116,0,10.76417801,0.012264,0
156,116,0,10.67821196,0.0122725,0
160,116,0,10.35890947,0.0122685,0
164,116,0,10.25452212,0.012299,0
172,116,0,9.407142449,0.01232625,0
176,116,0,11.82647282,0.0123235,0
180,116,0,10.20539866,0.01231575,0
184,116,0,10.43873509,0.0123215,0
188,116,0,11.77120893,0.0123225,0
192,116,0,10.18083693,0.01232875,0
196,116,0,11.91243887,0.01230875,0
200,116,0,10.65979066,0.0122925,0
204,116,0,10.89312709,0.012274,0
208,116,0,11.19400828,0.01224425,0
212,116,0,11.36594039,0.012261,0
0,120,0,11.94314103,0.01222875,1
8,120,0,10.29750515,0.01235775,0
12,120,0,9.419423314,0.01240675,0
16,120,0,9.351878557,0.01237675,0
20,120,0,9.308895531,0.01232725,0
24,120,0,9.17994645,0.01230825,0
28,120,0,9.53609153,0.01232425,0
32,120,0,9.17994645,0.012333,0
36,120,0,9.35801899,0.01235825,0
40,120,0,9.48696807,0.01234675,0
44,120,0,9.757147096,0.01233225,0
48,120,0,10.70891412,0.012315,0
52,120,0,10.43259466,0.0122625,0
56,120,0,11.00365488,0.01228425,0
60,120,0,12.25630309,0.0122575,1
64,120,0,12.34840957,0.01225,1
68,120,0,11.86945584,0.01224775,1
72,120,0,12.1641966,0.01225975,1
76,120,0,12.00454536,0.0122695,1
80,120,0,11.73436633,0.01228575,0
84,120,0,11.91243887,0.012296,0
88,120,0,11.7282259,0.012305,0
92,120,0,11.66682158,0.01231075,0
96,120,0,11.71594503,0.01231125,0
100,120,0,11.59313639,0.01231425,0
104,120,0,11.69752374,0.01231325,0
108,120,0,11.76506849,0.01231025,0
112,120,0,11.73436633,0.0122995,0
116,120,0,11.7466472,0.01229325,0
120,120,0,11.87559628,0.01228175,0
124,120,0,12.10279228,0.012271,0
128,120,0,11.05277833,0.0122485,0
132,120,0,11.11418266,0.0122555,0
136,120,0,12.34840957,0.012248,1
140,120,0,11.35979995,0.01223225,0
144,120,0,10.88698666,0.01225425,0
148,120,0,10.6106672,0.0122555,0
152,120,0,10.49399899,0.01225675,0
156,120,0,10.35890947,0.01229325,0
160,120,0,11.7098046,0.01231875,0
164,120,0,11.72208547,0.01232875,0
168,120,0,11.45804687,0.01233575,0
172,120,0,11.50717033,0.012336,0
176,120,0,9.86767488,0.01234275,0
180,120,0,10.20539866,0.0123335,0
184,120,0,10.96067185,0.01232675,0
188,120,0,11.34137866,0.01233875,0
192,120,0,9.66504061,0.012328,0
196,120,0,9.947500501,0.012331,0
200,120,0,10.23610082,0.012329,0
204,120,0,10.35276904,0.012311,0
208,120,0,10.62294807,0.01227675,0
212,120,0,10.99137401,0.01229175,0
0,124,0,10.75803758,0.01228075,0
8,124,0,10.57382461,0.012308,0
12,124,0,10.89312709,0.01230525,0
16,124,0,10.53698201,0.0122945,0
20,124,0,10.49399899,0.01229775,0
24,124,0,10.30978601,0.0123255,0
28,124,0,9.720304502,0.01237175,0
32,124,0,9.20450818,0.01233825,0
40,124,0,9.413282881,0.01232275,0
44,124,0,9.474687206,0.012298,0
48,124,0,9.787849258,0.01233975,0
52,124,0,10.05188785,0.01234475,0
56,124,0,10.09487088,0.0123285,0
60,124,0,10.10101131,0.01230875,0
64,124,0,10.77031844,0.01227375,0
68,124,0,10.77031844,0.012267,0
72,124,0,11.10190179,0.0122605,0
76,124,0,11.21242958,0.0122625,0
80,124,0,11.19400828,0.0122545,0
84,124,0,11.16330612,0.01226475,0
96,124,0,11.26769347,0.01225275,0
100,124,0,11.34137866,0.0122455,0
104,124,0,11.45190644,0.01225575,0
108,124,0,11.21242958,0.012282,0
116,124,0,11.46418731,0.01225125,0
120,124,0,11.61769812,0.01224425,0
124,124,0,11.13260396,0.01224875,0
128,124,0,10.73347585,0.012251,0
132,124,0,10.86242493,0.012264,0
136,124,0,10.69663325,0.01227675,0
140,124,0,10.45715639,0.0123325,0
144,124,0,10.06416872,0.012312,0
148,124,0,9.984343095,0.0123375,0
152,124,0,9.708023637,0.0123365,0
156,124,0,9.732585367,0.01234775,0
160,124,0,9.253631639,0.012353,0
164,124,0,9.272052936,0.0123215,0
172,124,0,8.958890883,0.0123265,0
180,124,0,9.130822991,0.0123115,0
192,124,0,9.143103856,0.0123215,0
196,124,0,9.253631639,0.01232675,0
200,124,0,9.33345726,0.0123165,0
204,124,0,9.5115298,0.01232,0
208,124,0,9.622057583,0.01236225,0
212,124,0,10.08873045,0.01234675,0
0,128,0,10.63522893,0.0122365,0
8,128,0,11.93086017,0.01221875,1
12,128,0,11.89401757,0.0122345,1
16,128,0,11.70366417,0.01225175,1
20,128,0,11.80805152,0.01226875,1
24,128,0,10.41417336,0.0122635,0
28,128,0,11.90629844,0.01224075,1
32,128,0,11.89401757,0.01223375,1
36,128,0,11.5010299,0.01228975,0
40,128,0,11.0282166,0.01231775,0
44,128,0,10.91768882,0.01232475,0
48,128,0,11.05891877,0.012324,0
52,128,0,9.308895531,0.01231725,0
56,128,0,9.671181043,0.01233625,0
60,128,0,9.769427961,0.0123425,0
64,128,0,9.929079204,0.0123325,0
68,128,0,10.09487088,0.01231275,0
72,128,0,10.21767953,0.012293,0
76,128,0,10.43259466,0.012281,0
80,128,0,10.53084158,0.012263,0
84,128,0,11.42734471,0.01226525,0
88,128,0,10.6475098,0.01223475,0
92,128,0,10.91768882,0.01227125,0
96,128,0,12.1641966,0.01226125,1
100,128,0,12.21946049,0.01226475,1
104,128,0,12.21332006,0.01226475,1
108,128,0,12.06594968,0.012269,0
112,128,0,12.13349444,0.01227525,0
116,128,0,11.94928147,0.012284,0
120,128,0,12.03524752,0.0122935,0
124,128,0,11.85717498,0.0123055,0
128,128,0,11.76506849,0.01231825,0
132,128,0,11.59313639,0.012327,0
136,128,0,11.45190644,0.0123325,0
140,128,0,11.34751909,0.01232875,0
144,128,0,10.13171347,0.01235825,0
148,128,0,11.12646352,0.0123345,0
152,128,0,11.07119963,0.0123315,0
156,128,0,9.339597693,0.012296,0
160,128,0,9.143103856,0.01230875,0
164,128,0,10.97295271,0.012325,0
168,128,0,11.32295736,0.01231525,0
172,128,0,11.24927217,0.01229775,0
176,128,0,11.47032774,0.0122835,0
180,128,0,9.554512827,0.0123465,0
184,128,0,9.579074556,0.012345,0
188,128,0,9.443985043,0.0123205,0
192,128,0,9.401002017,0.01232325,0
196,128,0,9.339597693,0.01232975,0
200,128,0,10.24224126,0.0123215,0
204,128,0,9.161525153,0.01232325,0
208,128,0,9.315035963,0.01234225,0
212,128,0,9.579074556,0.01234275,0
0,132,0,10.60452677,0.0121765,1
8,132,0,12.04138795,0.012181,1
12,132,0,11.51331076,0.0122,1
16,132,0,12.05366882,0.0122005,1
20,132,0,10.6106672,0.0122215,0
24,132,0,10.40803293,0.012246,0
28,132,0,10.50013942,0.012265,0
32,132,0,10.69049282,0.01231775,0
36,132,0,10.43873509,0.01228725,0
40,132,0,11.97998363,0.01223325,1
44,132,0,9.591355421,0.01236625,0
48,132,0,9.407142449,0.01234225,0
52,132,0,9.063278234,0.0123195,0
56,132,0,8.995733478,0.012289,0
60,132,0,9.161525153,0.01230775,0
64,132,0,9.542231962,0.01233,0
68,132,0,9.345738125,0.01233825,0
72,132,0,11.35365952,0.0123335,0
76,132,0,10.77645888,0.01232075,0
80,132,0,11.0650592,0.01232175,0
84,132,0,10.1562752,0.01230525,0
88,132,0,11.94314103,0.01231025,0
92,132,0,11.9554219,0.012306,0
100,132,0,10.59838634,0.012296,0
104,132,0,11.88173671,0.012301,0
108,132,0,10.95453142,0.0123045,0
112,132,0,11.84489412,0.01230425,0
116,132,0,11.88173671,0.01231575,0
120,132,0,11.64840028,0.01232325,0
124,132,0,11.54401293,0.012322,0
128,132,0,9.726444934,0.01232025,0
132,132,0,9.720304502,0.01232675,0
136,132,0,9.33345726,0.01234025,0
140,132,0,9.210648612,0.01233275,0
144,132,0,9.173806018,0.012318,0
148,132,0,9.229069909,0.01232525,0
152,132,0,11.01593574,0.01232775,0
156,132,0,11.11418266,0.01233275,0
160,132,0,11.2922552,0.0123145,0
164,132,0,11.76506849,0.01227225,0
168,132,0,12.08437098,0.01224975,0
172,132,0,12.06594968,0.01223375,0
176,132,0,12.03524752,0.0122635,0
180,132,0,10.4018925,0.0122775,0
184,132,0,12.00454536,0.0122515,0
188,132,0,11.27997433,0.012266,0
192,132,0,10.29136472,0.0123135,0
196,132,0,11.35979995,0.01229325,0
200,132,0,11.7098046,0.01225575,0
204,132,0,9.499248935,0.01234125,0
208,132,0,11.11418266,0.01232525,0
212,132,0,10.94839098,0.0123015,0
0,136,0,10.48171812,0.01212725,1
4,136,0,10.84400363,0.012162,1
8,136,0,10.50013942,0.0121705,0
12,136,0,10.92996969,0.01218775,1
16,136,0,10.34048818,0.0121985,0
20,136,0,10.51856071,0.01220025,0
24,136,0,10.77645888,0.01221075,0
28,136,0,10.42645423,0.01224475,0
32,136,0,10.54312244,0.01226425,0
36,136,0,10.72119498,0.01227775,0
40,136,0,10.5922459,0.01228075,0
44,136,0,10.22996039,0.012291,0
48,136,0,9.990483528,0.01235325,0
52,136,0,9.529951097,0.0123795,0
56,136,0,9.290474233,0.01233725,0
60,136,0,9.057137802,0.01231075,0
64,136,0,9.345738125,0.012335,0
68,136,0,9.235210342,0.01231,0
72,136,0,9.161525153,0.01229925,0
76,136,0,9.216789044,0.01232875,0
80,136,0,11.17558698,0.0123255,0
84,136,0,11.34137866,0.01232925,0
88,136,0,11.43962558,0.01233075,0
92,136,0,11.5194512,0.01232925,0
96,136,0,11.46418731,0.0123375,0
100,136,0,9.66504061,0.0123435,0
104,136,0,9.437844611,0.01235425,0
108,136,0,9.407142449,0.01234875,0
112,136,0,11.42120428,0.012332,0
116,136,0,11.21242958,0.01232725,0
120,136,0,11.13874439,0.01233025,0
124,136,0,11.09576136,0.01232225,0
128,136,0,11.05891877,0.01232225,0
132,136,0,10.92382925,0.01232125,0
136,136,0,11.15716569,0.01232375,0
140,136,0,9.437844611,0.01233475,0
148,136,0,11.59313639,0.0122935,0
152,136,0,12.10893271,0.0122465,0
156,136,0,12.01682622,0.01223225,0
160,136,0,11.93086017,0.01223925,0
164,136,0,11.78348979,0.01226475,0
168,136,0,11.7282259,0.01226425,0
172,136,0,10.62294807,0.0122925,0
176,136,0,10.8194419,0.01229275,0
180,136,0,10.94225055,0.01229875,0
184,136,0,10.96067185,0.01230275,0
188,136,0,11.80191109,0.01228075,0
192,136,0,10.56154374,0.01228275,0
196,136,0,11.09576136,0.01227825,0
200,136,0,10.53698201,0.01230975,0
204,136,0,12.01068579,0.0122915,0
208,136,0,9.910657907,0.01236525,0
212,136,0,10.92382925,0.0123095,0
0,140,0,12.37911173,0.012125,1
4,140,0,12.6001673,0.0121215,1
8,140,0,11.0834805,0.0121405,1
12,140,0,12.1826179,0.012136,1
16,140,0,12.32998828,0.01214775,1
24,140,0,12.20717963,0.012183,1
28,140,0,12.07209011,0.0121885,1
32,140,0,12.10893271,0.0122065,1
36,140,0,11.13874439,0.01224575,0
40,140,0,10.6475098,0.01227775,0
44,140,0,11.20014871,0.012293,0
48,140,0,10.5922459,0.01228025,0
52,140,0,10.29750515,0.01229725,0
56,140,0,10.13171347,0.01233725,0
60,140,0,9.646619313,0.01238125,0
64,140,0,9.327316828,0.0123405,0
68,140,0,9.143103856,0.01232225,0
72,140,0,9.265912504,0.012309,0
76,140,0,9.00187391,0.01229025,0
80,140,0,9.548372394,0.012296,0
84,140,0,9.646619313,0.012313,0
88,140,0,9.671181043,0.0123115,0
92,140,0,9.560653259,0.0123235,0
96,140,0,9.548372394,0.01230725,0
100,140,0,9.474687206,0.0122865,0
104,140,0,9.579074556,0.0123085,0
108,140,0,9.278193368,0.0123195,0
112,140,0,9.20450818,0.01232175,0
116,140,0,9.751006664,0.01229925,0
120,140,0,9.529951097,0.01232925,0
124,140,0,9.401002017,0.01231425,0
128,140,0,9.272052936,0.0123215,0
132,140,0,9.265912504,0.01232275,0
136,140,0,9.474687206,0.01232725,0
140,140,0,9.732585367,0.012384,0
144,140,0,10.13785391,0.012351,0
148,140,0,10.29750515,0.012308,0
152,140,0,11.11418266,0.01228075,0
156,140,0,11.05277833,0.01228325,0
160,140,0,11.18786785,0.01228175,0
164,140,0,11.05277833,0.01227325,0
168,140,0,10.98523358,0.012295,0
172,140,0,10.84400363,0.012284,0
176,140,0,10.84400363,0.01230525,0
180,140,0,11.0282166,0.0122795,0
184,140,0,10.93611012,0.01226275,0
188,140,0,10.55540331,0.01226425,0
192,140,0,10.43873509,0.012277,0
196,140,0,10.16241564,0.01229575,0
200,140,0,10.58610547,0.0122905,0
204,140,0,11.36594039,0.012268,0
208,140,0,10.77645888,0.01227625,0
212,140,0,10.30364558,0.0123035,0
0,144,0,10.75189715,0.012126,1
4,144,0,10.92996969,0.012151,1
8,144,0,10.86242493,0.012136,1
12,144,0,10.56768417,0.0121475,0
16,144,0,10.44487553,0.01213275,0
20,144,0,10.76417801,0.01215925,0
24,144,0,10.72119498,0.0121875,0
28,144,0,11.49488947,0.01217975,1
32,144,0,10.72733542,0.01220175,0
36,144,0,10.40803293,0.01221625,0
40,144,0,11.00979531,0.012263,0
44,144,0,10.56154374,0.0122465,0
48,144,0,10.6475098,0.01224175,0
52,144,0,11.88787714,0.01224775,1
56,144,0,10.93611012,0.01224825,0
60,144,0,10.29136472,0.0122845,0
64,144,0,10.19925823,0.01232975,0
68,144,0,10.1931178,0.01232175,0
72,144,0,9.744866231,0.012341,0
76,144,0,9.198367747,0.01234675,0
80,144,0,9.407142449,0.01235225,0
84,144,0,8.664150128,0.01231475,0
88,144,0,9.321176395,0.01228275,0
92,144,0,9.315035963,0.012298,0
96,144,0,9.431704179,0.0123075,0
100,144,0,9.20450818,0.01231025,0
104,144,0,9.450125476,0.01231375,0
108,144,0,9.186086882,0.01229175,0
112,144,0,9.229069909,0.01231375,0
116,144,0,9.401002017,0.01234825,0
120,144,0,9.321176395,0.012356,0
124,144,0,9.793989691,0.01235325,0
128,144,0,10.37119034,0.01236475,0
132,144,0,10.28522428,0.012323,0
136,144,0,10.52470115,0.01233125,0
140,144,0,10.96067185,0.01228525,0
144,144,0,11.18786785,0.0122735,0
148,144,0,11.0834805,0.01229575,0
152,144,0,10.56154374,0.01229225,0
156,144,0,10.51242028,0.012262,0
160,144,0,10.40803293,0.01226125,0
164,144,0,10.75803758,0.01226075,0
168,144,0,10.79488017,0.012233,0
172,144,0,10.83172277,0.0122305,0
176,144,0,10.70891412,0.01221325,0
180,144,0,10.44487553,0.0121865,0
184,144,0,10.78873974,0.01221725,0
188,144,0,10.54926288,0.01222575,0
192,144,0,10.77031844,0.01222075,0
196,144,0,10.60452677,0.01224525,0
200,144,0,10.72119498,0.01227025,0
204,144,0,10.72733542,0.01226975,0
208,144,0,11.41506385,0.01227975,0
212,144,0,10.79488017,0.01227125,0
0,148,0,11.04049747,0.01213025,1
4,148,0,11.13874439,0.0121415,1
8,148,0,10.70891412,0.01217125,0
12,148,0,11.07734006,0.0121405,1
16,148,0,10.72119498,0.012162,0
20,148,0,10.51242028,0.01215275,0
24,148,0,11.05891877,0.012174,1
28,148,0,10.78259931,0.0121555,0
32,148,0,10.5922459,0.0121815,0
36,148,0,11.04049747,0.012227,0
40,148,0,11.0650592,0.0122115,0
44,148,0,10.97909315,0.01221325,0
52,148,0,10.86856536,0.01226,0
56,148,0,10.72733542,0.01226,0
60,148,0,11.07119963,0.0122735,0
64,148,0,10.90540796,0.0122705,0
68,148,0,10.44487553,0.0122775,0
72,148,0,10.24224126,0.01228375,0
76,148,0,11.12646352,0.0123255,0
80,148,0,10.6475098,0.01235025,0
88,148,0,9.622057583,0.01237175,0
92,148,0,9.462406341,0.012385,0
96,148,0,9.53609153,0.0123605,0
100,148,0,9.480827638,0.0123905,0
104,148,0,9.462406341,0.01237975,0
108,148,0,9.529951097,0.01235,0
112,148,0,10.05188785,0.012366,0
116,148,0,10.44487553,0.0123695,0
120,148,0,10.66593109,0.01236875,0
124,148,0,10.27294342,0.01232375,0
128,148,0,11.0650592,0.0122565,0
132,148,0,10.78873974,0.0122635,0
136,148,0,11.18172741,0.01227725,0
140,148,0,10.92382925,0.012296,0
144,148,0,10.63522893,0.01228825,0
148,148,0,10.58610547,0.0122575,0
152,148,0,12.00454536,0.012227,0
156,148,0,10.6106672,0.01221075,0
160,148,0,11.85103455,0.0122125,0
164,148,0,11.99840493,0.0121905,0
168,148,0,10.56768417,0.012217,0
172,148,0,10.97909315,0.01220475,0
176,148,0,10.46329682,0.012173,0
180,148,0,10.6475098,0.0121915,0
184,148,0,10.62294807,0.0121705,0
188,148,0,10.77031844,0.01219575,0
192,148,0,10.94839098,0.01218375,0
196,148,0,10.48785855,0.0121845,0
200,148,0,10.85014406,0.01221475,0
204,148,0,10.84400363,0.01222525,0
208,148,0,11.93086017,0.01221575,0
212,148,0,10.94225055,0.012241,0
0,152,0,11.0466379,0.012188,1
4,152,0,10.51856071,0.0121685,0
8,152,0,10.57382461,0.01218325,0
12,152,0,10.73961628,0.01216075,0
16,152,0,11.03435704,0.012186,0
20,152,0,10.75189715,0.012201,0
24,152,0,10.73961628,0.01221175,0
28,152,0,10.67821196,0.0121955,0
32,152,0,10.61680763,0.01219525,0
36,152,0,10.70891412,0.01222175,0
40,152,0,10.6290885,0.01222425,0
44,152,0,10.65365023,0.01222675,0
48,152,0,10.67207153,0.0122375,0
52,152,0,10.62294807,0.01224025,0
56,152,0,10.96067185,0.01226225,0
60,152,0,10.80716104,0.012268,0
64,152,0,10.91768882,0.0122685,0
68,152,0,10.97295271,0.0122595,0
72,152,0,10.8378632,0.012258,0
76,152,0,10.64136936,0.01225525,0
80,152,0,11.73436633,0.0122415,0
84,152,0,10.38961163,0.0122685,0
88,152,0,10.21153909,0.01230275,0
92,152,0,10.16241564,0.01227125,0
96,152,0,10.1562752,0.0123045,0
100,152,0,10.21767953,0.012288,0
104,152,0,11.73436633,0.012278,0
108,152,0,10.33434774,0.01229125,0
116,152,0,10.4203138,0.01226575,0
120,152,0,10.67821196,0.01225025,0
124,152,0,10.85014406,0.0122385,0
128,152,0,11.20628914,0.012245,0
132,152,0,11.0466379,0.0123025,0
136,152,0,10.99751444,0.01225275,0
140,152,0,10.5922459,0.01228425,0
144,152,0,10.64136936,0.0122465,0
148,152,0,10.70277369,0.01224,0
152,152,0,10.6475098,0.0122275,0
156,152,0,10.70891412,0.0122385,0
160,152,0,11.07734006,0.01219375,0
164,152,0,10.66593109,0.01219475,0
168,152,0,11.18786785,0.01218375,0
172,152,0,10.54312244,0.01218275,0
176,152,0,10.46943726,0.01215175,0
180,152,0,10.86856536,0.01218075,0
184,152,0,10.69049282,0.01219025,0
188,152,0,10.90540796,0.012165,0
196,152,0,10.84400363,0.01220675,0
200,152,0,10.77645888,0.01217625,0
204,152,0,10.80102061,0.0121975,0
208,152,0,12.05366882,0.012207,0
212,152,0,10.58610547,0.0122295,0
0,156,0,10.94225055,0.012143,1
4,156,0,10.92996969,0.01215,1
8,156,0,10.92996969,0.012116,1
12,156,0,10.96681228,0.01216475,0
16,156,0,11.10190179,0.0121405,1
20,156,0,10.89312709,0.012162,0
24,156,0,10.86856536,0.01218475,0
28,156,0,10.79488017,0.01216575,0
32,156,0,12.17033703,0.0121485,1
36,156,0,11.71594503,0.01216625,1
40,156,0,11.93086017,0.01218,1
44,156,0,11.78963022,0.01219025,1
48,156,0,11.67296201,0.012196,1
52,156,0,11.77120893,0.01219825,1
56,156,0,10.88698666,0.012232,0
60,156,0,10.62294807,0.012242,0
64,156,0,10.89926752,0.0122655,0
68,156,0,10.87470579,0.01226475,0
72,156,0,11.00979531,0.0122745,0
76,156,0,10.92382925,0.01223125,0
80,156,0,10.89312709,0.01224425,0
84,156,0,10.72119498,0.012216,0
88,156,0,10.69049282,0.01224875,0
92,156,0,10.62294807,0.012252,0
96,156,0,11.00979531,0.0122085,0
100,156,0,10.51242028,0.01223625,0
104,156,0,10.64136936,0.01225325,0
112,156,0,11.62997898,0.01221,0
116,156,0,11.84489412,0.012208,0
120,156,0,11.9738432,0.0122135,0
124,156,0,11.96156233,0.01221675,0
128,156,0,11.99840493,0.01221775,0
132,156,0,11.9370006,0.01222375,0
136,156,0,12.10893271,0.012218,0
140,156,0,11.93086017,0.0122065,0
144,156,0,10.73347585,0.0122165,0
148,156,0,11.07734006,0.01222475,0
152,156,0,10.55540331,0.01220275,0
156,156,0,10.65365023,0.0121935,0
160,156,0,10.61680763,0.0121925,0
164,156,0,10.6290885,0.0121885,0
168,156,0,10.6475098,0.0121865,0
172,156,0,10.67207153,0.0121885,0
176,156,0,10.61680763,0.012183,0
180,156,0,11.03435704,0.01219625,0
184,156,0,10.48785855,0.0121925,0
188,156,0,10.51242028,0.01220175,0
196,156,0,10.44487553,0.0122045,0
200,156,0,10.38961163,0.0121915,0
204,156,0,10.4203138,0.01221225,0
208,156,0,10.60452677,0.0122205,0
212,156,0,10.69049282,0.012233,0
0,160,0,11.27997433,0.0121115,1
4,160,0,12.59402687,0.01205425,1
12,160,0,12.35455,0.012074,1
16,160,0,12.28086482,0.01206525,1
20,160,0,12.52034168,0.01207675,1
24,160,0,12.51420125,0.01208025,1
28,160,0,11.32909779,0.0121035,1
32,160,0,12.36069044,0.01209825,1
36,160,0,11.18172741,0.01212575,1
40,160,0,11.23085087,0.012136,1
44,160,0,11.0282166,0.0121605,0
48,160,0,10.86856536,0.01218975,0
52,160,0,11.24313174,0.01219125,0
56,160,0,10.76417801,0.0122085,0
60,160,0,10.75189715,0.01224275,0
64,160,0,10.86856536,0.01223275,0
68,160,0,11.24927217,0.01221775,0
72,160,0,10.90540796,0.0122445,0
76,160,0,10.85014406,0.0122145,0
80,160,0,10.85014406,0.012215,0
84,160,0,10.88084623,0.0122085,0
88,160,0,10.73347585,0.012214,0
92,160,0,10.73347585,0.01222525,0
96,160,0,10.80716104,0.0122175,0
100,160,0,10.78259931,0.0122475,0
104,160,0,10.86856536,0.01221475,0
108,160,0,10.81330147,0.01223625,0
112,160,0,10.8194419,0.012249,0
116,160,0,11.15716569,0.012247,0
120,160,0,11.21857001,0.01224925,0
124,160,0,10.8194419,0.0122415,0
128,160,0,10.78259931,0.01226275,0
132,160,0,10.6475098,0.01224525,0
136,160,0,10.78873974,0.01224775,0
140,160,0,10.5922459,0.01223125,0
144,160,0,10.57996504,0.012221,0
148,160,0,10.5922459,0.0122255,0
152,160,0,10.65979066,0.01222625,0
156,160,0,10.82558234,0.01220975,0
160,160,0,10.87470579,0.012218,0
164,160,0,12.17647747,0.012204,0
168,160,0,10.67207153,0.012222,0
172,160,0,10.78873974,0.0122095,0
176,160,0,10.77645888,0.01220825,0
180,160,0,11.11418266,0.012209,0
184,160,0,10.85014406,0.0122065,0
188,160,0,11.08962093,0.012205,0
192,160,0,10.77645888,0.012211,0
196,160,0,12.12121357,0.012205,0
200,160,0,10.63522893,0.01220975,0
204,160,0,10.78873974,0.01222375,0
208,160,0,10.45101596,0.01224,0
212,160,0,10.68435239,0.012253,0
0,164,0,12.8273633,0.0120445,1
4,164,0,12.44665649,0.01204375,1
8,164,0,12.47121822,0.012059,1
12,164,0,12.43437563,0.01205525,1
16,164,0,12.19489876,0.012064,1
20,164,0,11.21857001,0.0120745,1
24,164,0,11.35979995,0.012102,1
28,164,0,11.3106765,0.01212675,1
32,164,0,11.2554126,0.0121135,1
36,164,0,11.34137866,0.012126,1
40,164,0,11.20014871,0.012143,1
44,164,0,11.2738339,0.01213925,1
48,164,0,11.18786785,0.012138,1
52,164,0,11.20628914,0.01216275,0
56,164,0,11.11418266,0.01217025,0
60,164,0,11.76506849,0.0121575,1
64,164,0,10.77031844,0.012178,0
68,164,0,11.23085087,0.01216175,0
72,164,0,11.15716569,0.01219425,0
76,164,0,11.40278298,0.01218475,0
80,164,0,11.10804223,0.0122175,0
84,164,0,10.91154839,0.0122025,0
88,164,0,10.8562845,0.01221875,0
92,164,0,10.89312709,0.01223225,0
96,164,0,10.92996969,0.012205,0
100,164,0,10.8562845,0.01220375,0
104,164,0,10.8562845,0.01217825,0
108,164,0,10.87470579,0.0121985,0
112,164,0,10.96681228,0.01221625,0
116,164,0,10.93611012,0.0122195,0
120,164,0,10.83172277,0.012208,0
124,164,0,10.90540796,0.01221325,0
128,164,0,10.73961628,0.01224075,0
132,164,0,10.8194419,0.01221775,0
136,164,0,11.67296201,0.01217925,0
140,164,0,12.06594968,0.01217875,0
144,164,0,12.12735401,0.01217525,0
148,164,0,12.07823055,0.012173,0
152,164,0,12.02296665,0.0121655,0
156,164,0,11.86945584,0.01216175,0
160,164,0,11.26769347,0.01215975,0
164,164,0,10.94225055,0.01218325,0
168,164,0,10.84400363,0.01218475,0
172,164,0,11.54401293,0.01215675,0
176,164,0,12.01682622,0.01212925,0
180,164,0,11.01593574,0.0121585,0
188,164,0,11.16944655,0.01213625,0
192,164,0,11.12032309,0.012139,0
196,164,0,11.16330612,0.01214875,0
200,164,0,11.15102525,0.01216175,0
208,164,0,10.87470579,0.01218,0
212,164,0,11.0650592,0.01221425,0
0,168,0,10.88084623,0.01210525,1
4,168,0,10.80102061,0.01212375,1
8,168,0,10.85014406,0.012107,1
12,168,0,11.71594503,0.012081,1
16,168,0,11.0466379,0.01209625,1
20,168,0,11.20628914,0.012109,1
24,168,0,11.08962093,0.01211825,1
28,168,0,10.98523358,0.01210725,1
32,168,0,10.99137401,0.01212225,1
36,168,0,11.16330612,0.0120945,1
40,168,0,10.84400363,0.0121355,0
44,168,0,10.98523358,0.012123,0
48,168,0,10.95453142,0.012147,0
52,168,0,11.01593574,0.01214825,0
56,168,0,11.42120428,0.0121535,1
60,168,0,11.04049747,0.012146,0
64,168,0,12.53262254,0.01216075,1
68,168,0,12.45279692,0.01213025,1
72,168,0,11.3106765,0.0121395,0
76,168,0,12.41595433,0.0121295,1
80,168,0,12.36683087,0.0121225,1
84,168,0,12.36069044,0.0121305,1
88,168,0,11.72208547,0.01214825,1
92,168,0,11.03435704,0.01214675,0
96,168,0,11.30453606,0.0121705,0
100,168,0,11.44576601,0.0121535,0
104,168,0,11.29839563,0.012156,0
108,168,0,11.45804687,0.01216775,0
112,168,0,11.12646352,0.0121685,0
116,168,0,11.58699595,0.01216875,0
120,168,0,10.94225055,0.01217825,0
124,168,0,11.13874439,0.0121965,0
128,168,0,11.12032309,0.01216225,0
132,168,0,10.96067185,0.01216875,0
136,168,0,11.4826086,0.012162,0
140,168,0,11.29839563,0.01213675,0
144,168,0,11.0282166,0.012142,0
148,168,0,11.0650592,0.0121315,0
152,168,0,11.28611477,0.012133,0
156,168,0,11.66682158,0.0121025,0
164,168,0,11.21242958,0.012136,0
168,168,0,11.23085087,0.01212625,0
172,168,0,11.41506385,0.01212675,0
176,168,0,11.24313174,0.01212175,0
180,168,0,11.2738339,0.012123,0
188,168,0,11.37822125,0.0121305,0
192,168,0,11.26769347,0.012141,0
196,168,0,11.24927217,0.012134,0
200,168,0,11.12646352,0.0121405,0
204,168,0,11.26155304,0.01213675,0
208,168,0,11.44576601,0.01213975,0
212,168,0,11.10190179,0.012149,0
0,172,0,10.43259466,0.01213125,0
4,172,0,10.42645423,0.0121065,0
8,172,0,10.4203138,0.01213025,0
12,172,0,10.53698201,0.012122,0
16,172,0,10.53084158,0.0121145,0
20,172,0,10.51242028,0.01213925,0
24,172,0,10.34048818,0.01212675,0
28,172,0,11.82033239,0.012105,1
32,172,0,10.50627985,0.01210875,0
36,172,0,10.57996504,0.01210575,0
40,172,0,10.43259466,0.0121195,0
44,172,0,10.6290885,0.012124,0
48,172,0,10.58610547,0.012134,0
52,172,0,11.09576136,0.01214925,0
56,172,0,11.73436633,0.01214975,1
60,172,0,10.75189715,0.012116,0
64,172,0,10.76417801,0.012139,0
68,172,0,10.71505455,0.01212725,0
72,172,0,10.81330147,0.0121415,0
76,172,0,11.26155304,0.0121415,0
80,172,0,11.0282166,0.01212025,0
84,172,0,10.97909315,0.012131,0
88,172,0,11.36594039,0.0121275,0
92,172,0,11.28611477,0.012129,0
96,172,0,11.0466379,0.0121665,0
100,172,0,11.3106765,0.01214125,0
104,172,0,11.10804223,0.01214975,0
108,172,0,11.12646352,0.01213425,0
112,172,0,11.37208082,0.01213875,0
116,172,0,11.11418266,0.012144,0
120,172,0,10.98523358,0.01214875,0
124,172,0,11.04049747,0.012153,0
128,172,0,11.54401293,0.01211925,0
136,172,0,11.69752374,0.01213675,0
140,172,0,11.43348514,0.01213575,0
144,172,0,11.05277833,0.01215725,0
148,172,0,11.47032774,0.0121215,0
152,172,0,11.07119963,0.01214725,0
156,172,0,11.36594039,0.0121205,0
160,172,0,11.23085087,0.0121315,0
164,172,0,11.15102525,0.01213075,0
168,172,0,11.82033239,0.01213425,0
176,172,0,11.0282166,0.012099,0
184,172,0,11.05891877,0.01213725,0
188,172,0,11.0650592,0.01213,0
192,172,0,11.53173206,0.0121405,0
200,172,0,11.32295736,0.0121305,0
204,172,0,11.20628914,0.0121325,0
208,172,0,10.51242028,0.0121235,0
212,172,0,11.43348514,0.0121235,0
