Theta1,Theta2,Theta3,Ancho_espectral,Potencia,Clases
0,0,0,9.129687096309969,0.0115255,0
4,0,0,9.767957256140477,0.011518,0
8,0,0,11.32727549471376,0.01149075,0
12,0,0,12.80580004216928,0.01140775,0
16,0,0,11.61813278273782,0.01145725,0
20,0,0,11.93322817809718,0.011441,0
24,0,0,12.46646653947459,0.011433,0
28,0,0,12.08673619122098,0.0113362499999999,0
40,0,0,11.37575170938446,0.01134775,0
44,0,0,10.90714830090128,0.01146025,0
48,0,0,10.54357669087125,0.01144475,0
52,0,0,10.00225896038207,0.0114865,0
56,0,0,9.913385900152496,0.01150475,0
60,0,0,8.935782237627267,0.01147025,0
64,0,0,8.879226653844817,0.01163225,0
68,0,0,8.620686842267897,0.01153475,0
72,0,0,7.974337313325606,0.01147975,0
76,0,0,7.715797501748685,0.01157425,0
80,0,0,7.352225891718653,0.0116145,0
84,0,0,6.810908161229474,0.011621,0
88,0,0,6.940178067017927,0.01167125,0
92,0,0,6.818987530341244,0.01164325,0
96,0,0,6.536209611428984,0.011616,0
100,0,0,6.26151106162851,0.01170225,0
104,0,0,6.188796739622506,0.0116465,0
108,0,0,5.873701344263138,0.01160925,0
112,0,0,6.140320524951843,0.01172875,0
116,0,0,5.809066391368904,0.011643,0
120,0,0,6.140320524951843,0.0116335,0
124,0,0,6.301907907187404,0.011736,0
128,0,0,6.26151106162851,0.011618,0
132,0,0,6.406939705640532,0.011616,0
136,0,0,6.899781221459048,0.01162575,0
140,0,0,7.352225891718638,0.01161975,0
144,0,0,7.78043245464292,0.011687,0
148,0,0,8.572210627597219,0.01164725,0
152,0,0,8.749956748056364,0.01157925,0
156,0,0,9.969941483934946,0.011472,0
160,0,0,10.54357669087125,0.01143775,0
164,0,0,12.25640294256833,0.01141475,0
172,0,0,13.20168912864644,0.01132525,0
176,0,0,13.67837190624138,0.01129425,0
180,0,0,14.44591197186037,0.0112655,0
184,0,0,14.74484862899617,0.0113534999999999,0
188,0,0,14.74484862899619,0.01133825,0
192,0,0,14.86603916567285,0.01124225,0
196,0,0,14.9629915950142,0.01126125,0
200,0,0,15.22153140659113,0.011283,0
204,0,0,15.56086490928582,0.011328,0
208,0,0,15.40735689616205,0.01125775,0
212,0,0,15.47199184905627,0.01122125,0
0,4,0,9.121607727198183,0.0114515,0
4,4,0,9.35590943143978,0.01146925,0
8,4,0,9.372068169663317,0.01151675,0
12,4,0,9.8002747325876,0.01145625,0
16,4,0,10.17192571172942,0.01142525,0
20,4,0,10.37390993952389,0.0113655,0
24,4,0,10.66476722754792,0.0113565,0
28,4,0,10.5193385835359,0.011424,0
32,4,0,10.60013227465368,0.01146425,0
36,4,0,10.68900533488327,0.0113175,0
40,4,0,10.34159246307678,0.0114714999999999,0
44,4,0,9.994179591270283,0.01136825,0
48,4,0,10.09113202061163,0.01144925,0
52,4,0,9.380147538775102,0.011511,0
56,4,0,9.170083941868862,0.0115175,0
60,4,0,9.113528358086413,0.0115425,0
64,4,0,8.394464507138103,0.01152425,0
68,4,0,7.901622991319587,0.01153775,0
72,4,0,8.071289742666949,0.011551,0
76,4,0,7.602686334183788,0.0115617499999999,0
80,4,0,7.433019582836426,0.01160275,0
84,4,0,7.214876616818401,0.01164025,0
88,4,0,6.835146268564798,0.01162625,0
92,4,0,6.827066899453029,0.01167375,0
96,4,0,6.520050873205429,0.01168075,0
100,4,0,6.350384121858083,0.011733,0
104,4,0,6.350384121858083,0.01173025,0
108,4,0,6.221114216069631,0.011664,0
112,4,0,5.615161532686217,0.01171725,0
116,4,0,5.776748914921795,0.0116395,0
120,4,0,5.687875854692237,0.011613,0
124,4,0,6.124161786728273,0.0116685,0
128,4,0,6.011050619163375,0.01165525,0
132,4,0,6.229193585181401,0.01159225,0
136,4,0,6.390780967416977,0.01165925,0
140,4,0,6.673558886329221,0.0116455,0
144,4,0,6.972495543465036,0.0115955,0
148,4,0,7.441098951948211,0.011613,0
152,4,0,7.917781729543157,0.01161775,0
156,4,0,8.677242426050361,0.01154875,0
160,4,0,9.234718894763096,0.0115625,0
164,4,0,10.31735435574144,0.01146925,0
168,4,0,11.04449757580152,0.01142625,0
172,4,0,12.09481556033275,0.01147375,0
176,4,0,12.72500635105151,0.01142725,0
180,4,0,13.17745102131111,0.01140025,0
184,4,0,13.41175272555269,0.011411,0
188,4,0,13.9369117178183,0.01129075,0
192,4,0,14.03386414715964,0.011219,0
196,4,0,14.04194351627143,0.01131325,0
200,4,0,14.06618162360677,0.0112965,0
204,4,0,14.51054692475459,0.011277,0
208,4,0,14.59941998498416,0.0113385,0
0,8,0,8.071289742666949,0.0114865,0
8,8,0,8.644924949603237,0.011442,0
12,8,0,8.935782237627281,0.01147475,0
16,8,0,9.315512585880883,0.0114555,0
20,8,0,9.363988800551548,0.0113914999999999,0
24,8,0,9.21856015653954,0.011562,0
28,8,0,9.355909431439764,0.0114735,0
32,8,0,9.388226907886889,0.011457,0
36,8,0,9.267036371210205,0.0115875,0
40,8,0,9.073131512527503,0.0113604999999999,0
44,8,0,9.008496559633285,0.011533,0
48,8,0,8.580289996709004,0.011476,0
52,8,0,8.216718386678972,0.01148725,0
56,8,0,8.006654789772714,0.01147575,0
60,8,0,7.731956239972256,0.01165225,0
64,8,0,7.465337059283535,0.01158725,0
68,8,0,7.117924187477057,0.0114945,0
72,8,0,7.117924187477057,0.011585,0
76,8,0,6.802828792117689,0.0115345,0
80,8,0,6.51197150409366,0.011615,0
84,8,0,6.447336551199411,0.01161125,0
88,8,0,5.97065377360448,0.011659,0
92,8,0,5.962574404492695,0.0117605,0
96,8,0,6.043368095610499,0.011628,0
100,8,0,5.784828284033565,0.01165975,0
104,8,0,5.599002794462663,0.011606,0
108,8,0,5.332383613773958,0.011605,0
112,8,0,5.356621721109298,0.01160125,0
116,8,0,5.340462982885743,0.01161125,0
120,8,0,5.599002794462648,0.0116897499999999,0
124,8,0,5.615161532686217,0.0116967499999999,0
128,8,0,5.687875854692221,0.01170625,0
132,8,0,5.687875854692221,0.011577,0
136,8,0,6.253431692516725,0.01161675,0
140,8,0,6.285749168963849,0.01168675,0
144,8,0,6.374622229193408,0.01168675,0
148,8,0,6.948257436129711,0.01164725,0
152,8,0,7.449178321059981,0.0115719999999999,0
156,8,0,8.087448480890519,0.0115719999999999,0
160,8,0,8.523734412926554,0.0115865,0
164,8,0,9.339750693216208,0.011546,0
168,8,0,10.08305265149986,0.011521,0
172,8,0,10.7455609186657,0.011465,0
176,8,0,11.03641820668974,0.0114685,0
180,8,0,11.73932331941449,0.011488,0
184,8,0,12.09481556033275,0.01151025,0
188,8,0,12.45030780125102,0.01134025,0
192,8,0,12.20792672789767,0.01138175,0
196,8,0,12.49070464680991,0.0113495,0
200,8,0,12.91083184062241,0.011371,0
204,8,0,13.12089543752865,0.01132525,0
208,8,0,13.27440345065246,0.011318,0
212,8,0,13.38751461821735,0.0113495,0
0,12,0,6.899781221459032,0.011618,0
4,12,0,7.166400402147737,0.011602,0
8,12,0,7.344146522606868,0.01152775,0
12,12,0,7.643083179742683,0.01152575,0
16,12,0,7.885464253096032,0.0115275,0
20,12,0,8.144004064672968,0.0115475,0
24,12,0,8.127845326449398,0.0115025,0
28,12,0,7.966257944213821,0.0115635,0
32,12,0,8.26519460134965,0.0116035,0
36,12,0,7.925861098654926,0.011532,0
40,12,0,7.740035609084026,0.01149075,0
44,12,0,7.562289488624894,0.01151425,0
48,12,0,7.570368857736663,0.0116215,0
52,12,0,7.327987784383314,0.01151625,0
56,12,0,7.045209865471055,0.01156225,0
60,12,0,6.964416174353251,0.0115745,0
64,12,0,6.600844564323218,0.01153525,0
68,12,0,6.301907907187419,0.011621,0
72,12,0,6.132241155840058,0.011583,0
76,12,0,6.019129988275145,0.0116,0
80,12,0,5.881780713374923,0.01165525,0
84,12,0,5.695955223804006,0.011671,0
88,12,0,5.647479009133327,0.01162575,0
92,12,0,5.461653519562411,0.011713,0
96,12,0,5.607082163574448,0.0117025,0
100,12,0,5.259669291767955,0.01171825,0
104,12,0,5.243510553544385,0.01167275,0
108,12,0,5.146558124203057,0.011675,0
116,12,0,5.073843802197054,0.01164825,0
120,12,0,5.235431184432631,0.011653,0
124,12,0,5.22735181532083,0.0116552499999999,0
128,12,0,5.146558124203057,0.01167075,0
132,12,0,5.219272446209061,0.01166875,0
136,12,0,5.413177304891747,0.01166325,0
140,12,0,5.800987022257134,0.0116482499999999,0
144,12,0,5.76866954581001,0.011803,0
148,12,0,5.994891880939821,0.0116985,0
152,12,0,6.600844564323233,0.0116455,0
156,12,0,7.069447972806394,0.0115825,0
160,12,0,7.626924441519128,0.01162175,0
164,12,0,7.950099205990266,0.01157125,0
168,12,0,8.693401164273917,0.01148475,0
172,12,0,9.008496559633285,0.01150475,0
176,12,0,9.396306276998658,0.01157,0
184,12,0,10.17192571172943,0.011446,0
188,12,0,10.4143067850828,0.01140125,0
192,12,0,10.52741795264768,0.01148,0
196,12,0,10.90714830090128,0.011414,0
200,12,0,10.91522767001305,0.0114305,0
204,12,0,11.20608495803711,0.01138775,0
208,12,0,10.94754514646018,0.011494,0
212,12,0,11.30303738737844,0.01136425,0
0,16,0,6.099923679392949,0.0115494999999999,0
4,16,0,6.156479263175382,0.01156725,0
8,16,0,6.172638001398952,0.011577,0
12,16,0,6.528130242317214,0.0116005,0
16,16,0,6.730114470111686,0.01156625,0
20,16,0,6.681638255441007,0.011578,0
24,16,0,6.851305006788368,0.0117002499999999,0
28,16,0,6.915939959682587,0.011561,0
32,16,0,6.754352577447025,0.011518,0
36,16,0,6.576606456987894,0.011627,0
40,16,0,6.665479517217452,0.01147625,0
44,16,0,6.617003302546773,0.0115302499999999,0
48,16,0,6.471574658534766,0.01156925,0
52,16,0,6.293828538075634,0.0115345,0
56,16,0,6.245352323404971,0.01160275,0
60,16,0,5.97065377360448,0.011573,0
64,16,0,5.776748914921795,0.01163225,0
68,16,0,5.518209103344875,0.011621,0
72,16,0,5.380859828444637,0.011649,0
76,16,0,5.461653519562426,0.011616,0
80,16,0,5.251589922656185,0.0116685,0
84,16,0,5.203113707985491,0.0116622499999999,0
88,16,0,5.00920884930282,0.01164675,0
92,16,0,4.936494527296801,0.011739,0
96,16,0,5.203113707985506,0.0117115,0
100,16,0,4.928415158185016,0.01162525,0
104,16,0,4.847621467067228,0.01162175,0
108,16,0,4.888018312626122,0.01165425,0
112,16,0,4.799145252396564,0.01173125,0
116,16,0,4.766827775949455,0.011646,0
120,16,0,4.831462728843689,0.011646,0
124,16,0,4.823383359731904,0.0117194999999999,0
128,16,0,4.920335789073246,0.011677,0
132,16,0,4.952653265520356,0.01171125,0
136,16,0,5.049605694861715,0.0116175,0
140,16,0,5.098081909532378,0.01164575,0
144,16,0,5.308145506438619,0.01160775,0
148,16,0,5.437415412227087,0.01169,0
152,16,0,5.623240901797987,0.01164075,0
156,16,0,6.172638001398952,0.01164175,0
160,16,0,6.382701598305208,0.011617,0
164,16,0,6.891701852347247,0.0116295,0
168,16,0,7.23911472415374,0.011582,0
172,16,0,7.707718132636901,0.01153275,0
176,16,0,8.006654789772714,0.011644,0
180,16,0,8.47525819825589,0.011442,0
184,16,0,8.556051889373679,0.011383,0
188,16,0,8.685321795162132,0.01151725,0
192,16,0,8.984258452297945,0.01153725,0
196,16,0,9.234718894763096,0.011561,0
200,16,0,9.380147538775102,0.011485,0
204,16,0,9.275115740321974,0.011474,0
208,16,0,9.46094122989289,0.01148425,0
4,20,0,5.001129480191035,0.0115785,0
8,20,0,5.178875600650167,0.0116239999999999,0
12,20,0,5.186954969761937,0.0115855,0
16,20,0,5.502050365121305,0.011582,0
20,20,0,5.461653519562426,0.01159425,0
24,20,0,5.397018566668192,0.011541,0
28,20,0,5.558605948903769,0.01160875,0
32,20,0,5.493970996009535,0.01156125,0
36,20,0,5.631320270909772,0.01146,0
40,20,0,5.461653519562411,0.011518,0
44,20,0,5.493970996009535,0.0114845,0
48,20,0,5.195034338873737,0.01150875,0
56,20,0,5.033446956638144,0.011583,0
60,20,0,4.896097681737907,0.0115635,0
64,20,0,4.920335789073246,0.01163575,0
72,20,0,4.726430930390561,0.01165925,0
80,20,0,4.823383359731904,0.01162425,0
84,20,0,4.702192823055221,0.01166725,0
88,20,0,4.702192823055221,0.01169375,0
92,20,0,4.653716608384557,0.0116405,0
96,20,0,4.807224621508349,0.0117075,0
100,20,0,4.710272192167006,0.0116377499999999,0
104,20,0,4.831462728843689,0.01169075,0
108,20,0,4.726430930390561,0.011678,0
112,20,0,4.694113453943436,0.01171375,0
116,20,0,4.807224621508349,0.0116309999999999,0
120,20,0,4.75874840683767,0.01164125,0
124,20,0,4.7506690377259,0.011706,0
128,20,0,4.791065883284779,0.01167825,0
136,20,0,4.718351561278776,0.011717,0
140,20,0,4.669875346608112,0.0116425,0
144,20,0,4.710272192166991,0.011653,0
148,20,0,4.75874840683767,0.0116455,0
152,20,0,4.879938943514352,0.01165775,0
156,20,0,5.162716862426612,0.01160125,0
160,20,0,5.429336043115302,0.01166475,0
164,20,0,5.590923425350878,0.01163125,0
168,20,0,5.857542606039583,0.0116085,0
172,20,0,6.293828538075634,0.01157525,0
176,20,0,6.552368349652554,0.01160725,0
180,20,0,6.673558886329237,0.01155375,0
184,20,0,6.940178067017927,0.01153475,0
188,20,0,7.134082925700612,0.01162025,0
192,20,0,7.279511569712635,0.01153875,0
196,20,0,7.303749677047974,0.01153125,0
200,20,0,7.206797247706631,0.01158975,0
204,20,0,7.368384629942192,0.0116085,0
208,20,0,7.538051381289554,0.0115185,0
212,20,0,7.392622737277533,0.011585,0
24,24,0,4.750669037725885,0.011573,0
32,24,0,4.815303990620119,0.01162525,0
44,24,0,4.653716608384542,0.01150775,0
48,24,0,4.669875346608112,0.0115845,0
56,24,0,4.605240393713878,0.01159225,0
64,24,0,4.677954715719896,0.0116115,0
68,24,0,4.613319762825663,0.01169625,0
72,24,0,4.677954715719881,0.01158675,0
76,24,0,4.742589668614115,0.0116525,0
80,24,0,4.718351561278776,0.0116102499999999,0
84,24,0,4.7506690377259,0.01164975,0
88,24,0,4.807224621508349,0.01165375,0
92,24,0,4.791065883284779,0.01166425,0
96,24,0,4.904177050849692,0.011713,0
100,24,0,4.815303990620119,0.01162225,0
104,24,0,4.839542097955459,0.01164475,0
108,24,0,4.847621467067228,0.0116495,0
112,24,0,4.855700836179013,0.011628,0
116,24,0,4.831462728843674,0.01168275,0
120,24,0,4.75874840683767,0.01162525,0
124,24,0,4.863780205290798,0.011605,0
132,24,0,4.807224621508333,0.0116785,0
136,24,0,4.742589668614115,0.01165925,0
140,24,0,4.694113453943436,0.011673,0
156,24,0,4.742589668614115,0.01162975,0
160,24,0,4.807224621508333,0.0117085,0
164,24,0,4.831462728843689,0.01166425,0
168,24,0,4.99305011107925,0.01156825,0
172,24,0,5.267748660879724,0.0115975,0
176,24,0,5.518209103344875,0.01167825,0
180,24,0,5.52628847245666,0.01170125,0
184,24,0,5.7363520693629,0.011614,0
188,24,0,5.841383867816028,0.0116105,0
192,24,0,5.800987022257134,0.011585,0
196,24,0,5.962574404492695,0.01160525,0
200,24,0,6.075685572057593,0.0115615,0
204,24,0,5.946415666269141,0.01162775,0
208,24,0,5.978733142716266,0.01157475,0
212,24,0,6.027209357386945,0.0116365,0
8,28,0,4.605240393713878,0.0116685,0
12,28,0,4.516367333484305,0.0116125,0
16,28,0,4.540605440819644,0.01152625,0
20,28,0,4.589081655490308,0.0115975,0
24,28,0,4.540605440819644,0.011555,0
32,28,0,4.548684809931429,0.01163575,0
36,28,0,4.532526071707875,0.011692,0
40,28,0,4.548684809931429,0.011672,0
44,28,0,4.653716608384542,0.0116375,0
48,28,0,4.653716608384557,0.01169175,0
52,28,0,4.75874840683767,0.0116945,0
56,28,0,4.766827775949455,0.01163125,0
60,28,0,4.799145252396564,0.01168175,0
64,28,0,4.896097681737922,0.0117185,0
68,28,0,5.025367587526374,0.01168225,0
72,28,0,5.033446956638144,0.01161075,0
76,28,0,4.976891372855696,0.01168,0
80,28,0,5.049605694861699,0.011716,0
84,28,0,4.936494527296801,0.011619,0
88,28,0,5.033446956638159,0.01175075,0
92,28,0,5.114240647755933,0.01166775,0
96,28,0,5.041526325749929,0.01166625,0
100,28,0,4.993050111079265,0.011675,0
108,28,0,4.879938943514352,0.0116045,0
112,28,0,4.928415158185032,0.01168225,0
116,28,0,4.968812003743911,0.01169825,0
120,28,0,4.863780205290798,0.01172175,0
124,28,0,4.936494527296801,0.0116449999999999,0
128,28,0,4.863780205290798,0.011666,0
132,28,0,4.839542097955459,0.01168625,0
136,28,0,4.896097681737922,0.0116375,0
140,28,0,4.831462728843674,0.011668,0
144,28,0,4.944573896408587,0.0116995,0
148,28,0,4.920335789073246,0.01180525,0
152,28,0,4.912256419961477,0.0117055,0
156,28,0,4.879938943514352,0.0116635,0
160,28,0,4.677954715719881,0.01169425,0
164,28,0,4.653716608384557,0.01161775,0
168,28,0,4.710272192167006,0.01161625,0
172,28,0,4.677954715719881,0.01160975,0
176,28,0,4.669875346608112,0.01164175,0
184,28,0,4.710272192166991,0.0116412499999999,0
188,28,0,4.7506690377259,0.01172575,0
192,28,0,4.76682777594944,0.01162075,0
196,28,0,4.750669037725885,0.01167275,0
200,28,0,4.807224621508349,0.01156575,0
204,28,0,4.847621467067243,0.01163525,0
208,28,0,4.807224621508349,0.0117365,0
212,28,0,4.904177050849692,0.0116455,0
16,32,0,4.7506690377259,0.011607,0
28,32,0,4.661795977496327,0.01161625,0
32,32,0,4.629478501049202,0.0116517499999999,0
36,32,0,4.774907145061224,0.01158375,0
40,32,0,4.871859574402583,0.01160375,0
44,32,0,4.831462728843674,0.011641,0
48,32,0,4.815303990620134,0.01169975,0
52,32,0,4.944573896408571,0.01168425,0
56,32,0,4.984970741967465,0.01162875,0
60,32,0,4.968812003743911,0.01173425,0
64,32,0,5.073843802197039,0.01168275,0
68,32,0,4.952653265520356,0.01168475,0
72,32,0,5.0576850639735,0.01168125,0
76,32,0,5.025367587526374,0.01168025,0
80,32,0,5.041526325749929,0.01167575,0
84,32,0,5.00920884930282,0.0117505,0
88,32,0,4.976891372855696,0.01173525,0
92,32,0,4.912256419961461,0.011745,0
96,32,0,4.928415158185032,0.011742,0
100,32,0,4.888018312626122,0.011771,0
104,32,0,4.944573896408587,0.01167125,0
108,32,0,4.904177050849692,0.0117125,0
112,32,0,4.928415158185016,0.01173875,0
116,32,0,4.815303990620119,0.01162275,0
120,32,0,4.791065883284779,0.01166775,0
124,32,0,4.888018312626122,0.01178475,0
128,32,0,4.912256419961461,0.0116765,0
132,32,0,4.928415158185016,0.01164275,0
136,32,0,4.912256419961461,0.011736,0
140,32,0,5.049605694861715,0.01162475,0
144,32,0,4.896097681737907,0.0117487499999999,0
148,32,0,4.928415158185032,0.01168725,0
152,32,0,4.871859574402583,0.0117255,0
156,32,0,4.799145252396564,0.011681,0
160,32,0,4.904177050849692,0.0117039999999999,0
164,32,0,4.904177050849692,0.011693,0
168,32,0,4.839542097955459,0.01167225,0
172,32,0,4.7506690377259,0.01169775,0
176,32,0,4.823383359731904,0.01161375,0
180,32,0,4.702192823055237,0.01167,0
184,32,0,4.621399131937433,0.011602,0
192,32,0,4.572922917266753,0.011632,0
204,32,0,4.589081655490324,0.01165425,0
0,36,0,5.445494781338856,0.0116654999999999,0
4,36,0,5.364701090221067,0.01162825,0
8,36,0,5.413177304891762,0.0116622499999999,0
12,36,0,5.372780459332852,0.011609,0
16,36,0,5.291986768215065,0.01163775,0
20,36,0,5.22735181532083,0.0116475,0
24,36,0,5.388939197556407,0.0116255,0
28,36,0,5.25158992265617,0.01162125,0
32,36,0,5.22735181532083,0.01164175,0
36,36,0,5.2435105535444,0.01168625,0
40,36,0,5.211193077097276,0.01153575,0
44,36,0,5.26774866087974,0.0116619999999999,0
48,36,0,5.308145506438619,0.01163575,0
52,36,0,5.2435105535444,0.01167675,0
56,36,0,5.203113707985491,0.0116835,0
60,36,0,5.259669291767955,0.0115835,0
64,36,0,5.146558124203057,0.01169375,0
68,36,0,5.332383613773958,0.01170425,0
72,36,0,5.057685063973484,0.01171075,0
76,36,0,5.01728821841459,0.01169825,0
80,36,0,5.065764433085269,0.0116575,0
84,36,0,4.993050111079265,0.01166275,0
88,36,0,4.936494527296801,0.011701,0
92,36,0,4.839542097955459,0.01175225,0
96,36,0,4.75874840683767,0.0117065,0
100,36,0,4.766827775949455,0.01167825,0
104,36,0,4.605240393713878,0.0117695,0
108,36,0,4.7425896686141,0.011761,0
112,36,0,4.702192823055221,0.01172775,0
116,36,0,4.750669037725885,0.0116377499999999,0
120,36,0,4.7506690377259,0.011757,0
124,36,0,4.774907145061224,0.01171675,0
128,36,0,4.76682777594944,0.011688,0
132,36,0,4.77490714506124,0.0117075,0
136,36,0,4.677954715719881,0.0116735,0
140,36,0,4.782986514173009,0.01171125,0
144,36,0,4.782986514173009,0.011722,0
148,36,0,4.863780205290798,0.01166325,0
152,36,0,4.831462728843689,0.01164575,0
156,36,0,4.968812003743911,0.0116925,0
160,36,0,4.815303990620119,0.0117255,0
164,36,0,4.920335789073246,0.01166775,0
168,36,0,4.847621467067228,0.0117375,0
172,36,0,4.928415158185032,0.01166025,0
176,36,0,5.065764433085269,0.01169625,0
180,36,0,4.928415158185032,0.01167975,0
184,36,0,4.944573896408587,0.01167375,0
188,36,0,4.823383359731904,0.0117,0
192,36,0,4.863780205290798,0.01162225,0
196,36,0,4.791065883284779,0.01172,0
200,36,0,4.888018312626122,0.0117135,0
204,36,0,4.888018312626137,0.0117365,0
208,36,0,4.912256419961461,0.01163525,0
212,36,0,4.799145252396564,0.011664,0
0,40,0,5.461653519562411,0.0116595,0
4,40,0,5.518209103344875,0.011729,0
8,40,0,5.47781225778598,0.01169275,0
12,40,0,5.623240901797987,0.0116735,0
16,40,0,5.574764687127324,0.011629,0
20,40,0,5.50205036512132,0.01164575,0
24,40,0,5.566685318015539,0.01160825,0
28,40,0,5.534367841568445,0.01158025,0
32,40,0,5.429336043115302,0.011648,0
36,40,0,5.453574150450656,0.01152725,0
40,40,0,5.47781225778598,0.0116745,0
44,40,0,5.607082163574448,0.0116925,0
48,40,0,5.615161532686202,0.0116985,0
52,40,0,5.437415412227087,0.0116965,0
56,40,0,5.380859828444622,0.01173225,0
60,40,0,5.283907399103295,0.0116964999999999,0
64,40,0,5.219272446209061,0.01157775,0
68,40,0,5.114240647755933,0.01172325,0
72,40,0,5.106161278644148,0.01166225,0
76,40,0,5.01728821841459,0.011671,0
80,40,0,5.073843802197039,0.01169675,0
84,40,0,4.799145252396564,0.011765,0
88,40,0,4.686034084831666,0.01169975,0
92,40,0,4.76682777594944,0.0117825,0
96,40,0,4.694113453943452,0.0118245,0
100,40,0,4.572922917266753,0.011693,0
104,40,0,4.581002286378538,0.0117635,0
108,40,0,4.629478501049218,0.0117559999999999,0
112,40,0,4.548684809931429,0.011753,0
116,40,0,4.556764179043214,0.0118205,0
120,40,0,4.613319762825648,0.0117872499999999,0
124,40,0,4.637557870160987,0.0117555,0
128,40,0,4.589081655490308,0.01179675,0
132,40,0,4.613319762825648,0.011719,0
136,40,0,4.702192823055221,0.011715,0
140,40,0,4.75874840683767,0.0116355,0
144,40,0,4.7506690377259,0.0117295,0
148,40,0,4.597161024602093,0.01170975,0
152,40,0,4.799145252396564,0.0116435,0
156,40,0,4.952653265520372,0.0116815,0
160,40,0,4.952653265520372,0.01170175,0
164,40,0,4.855700836179013,0.0116385,0
168,40,0,5.049605694861715,0.011731,0
172,40,0,5.01728821841459,0.011729,0
176,40,0,4.968812003743926,0.01171125,0
180,40,0,5.009208849302805,0.0116967499999999,0
184,40,0,5.057685063973484,0.0116449999999999,0
188,40,0,5.114240647755933,0.01168275,0
192,40,0,5.001129480191035,0.01164175,0
196,40,0,4.936494527296801,0.0117212499999999,0
200,40,0,4.976891372855696,0.0116645,0
208,40,0,5.025367587526374,0.01165,0
212,40,0,5.001129480191035,0.01170975,0
0,44,0,5.308145506438619,0.01170975,0
4,44,0,5.29198676821508,0.01169825,0
8,44,0,5.397018566668192,0.01171875,0
12,44,0,5.356621721109298,0.0117105,0
16,44,0,5.485891626897765,0.01167975,0
20,44,0,5.413177304891747,0.01177225,0
24,44,0,5.380859828444637,0.01168525,0
28,44,0,5.47781225778598,0.011823,0
32,44,0,5.453574150450641,0.0116765,0
36,44,0,5.300066137326849,0.0116835,0
40,44,0,5.550526579791984,0.0117557499999999,0
44,44,0,5.405097935779978,0.01176475,0
48,44,0,5.275828029991509,0.011712,0
52,44,0,5.332383613773974,0.011711,0
56,44,0,5.154637493314827,0.01169975,0
60,44,0,5.098081909532378,0.0117039999999999,0
64,44,0,5.025367587526359,0.0117515,0
68,44,0,4.879938943514352,0.01171225,0
72,44,0,4.750669037725885,0.0117015,0
76,44,0,4.7425896686141,0.01166425,0
80,44,0,4.694113453943452,0.0117454999999999,0
84,44,0,4.661795977496327,0.011732,0
88,44,0,4.605240393713878,0.01180525,0
92,44,0,4.532526071707875,0.011751,0
96,44,0,4.467891118813641,0.0116727499999999,0
100,44,0,4.451732380590086,0.01178225,0
104,44,0,4.395176796807637,0.011759,0
108,44,0,4.508287964372535,0.011695,0
112,44,0,4.411335535031192,0.01176725,0
116,44,0,4.419414904142977,0.01171275,0
120,44,0,4.467891118813641,0.0116955,0
124,44,0,4.532526071707875,0.01174425,0
128,44,0,4.443653011478301,0.01178275,0
132,44,0,4.459811749701856,0.011755,0
136,44,0,4.500208595260735,0.0117365,0
140,44,0,4.613319762825663,0.01176325,0
144,44,0,4.597161024602093,0.01174475,0
148,44,0,4.605240393713878,0.011652,0
152,44,0,4.572922917266768,0.0117315,0
156,44,0,4.702192823055205,0.01172925,0
160,44,0,4.847621467067243,0.01168675,0
164,44,0,4.863780205290798,0.011754,0
168,44,0,4.976891372855696,0.01163075,0
172,44,0,4.879938943514352,0.011718,0
176,44,0,5.049605694861715,0.01179425,0
180,44,0,5.025367587526359,0.01171425,0
184,44,0,5.081923171308824,0.0117335,0
188,44,0,5.073843802197039,0.0117095,0
192,44,0,5.170796231538397,0.01165475,0
196,44,0,5.073843802197039,0.01183,0
200,44,0,5.154637493314827,0.011666,0
204,44,0,5.122320016867702,0.011682,0
208,44,0,5.146558124203042,0.011672,0
212,44,0,5.090002540420609,0.0117495,0
0,48,0,4.831462728843689,0.01170075,0
4,48,0,4.879938943514352,0.01170125,0
8,48,0,4.976891372855696,0.01180925,0
12,48,0,5.025367587526374,0.0117325,0
16,48,0,4.912256419961477,0.011685,0
20,48,0,5.114240647755933,0.011678,0
24,48,0,5.025367587526374,0.011774,0
28,48,0,5.01728821841459,0.0117675,0
32,48,0,4.99305011107925,0.0117565,0
36,48,0,5.033446956638144,0.0117595,0
40,48,0,5.065764433085269,0.01168475,0
44,48,0,4.904177050849692,0.0116945,0
48,48,0,4.944573896408571,0.01178775,0
52,48,0,4.7425896686141,0.01172775,0
56,48,0,4.734510299502331,0.011707,0
60,48,0,4.702192823055221,0.01173275,0
64,48,0,4.52444670259609,0.0117585,0
68,48,0,4.637557870160987,0.01169725,0
72,48,0,4.532526071707859,0.01170775,0
76,48,0,4.492129226148965,0.01175525,0
80,48,0,4.419414904142962,0.01177425,0
84,48,0,4.427494273254746,0.01175075,0
88,48,0,4.298224367466279,0.01176775,0
92,48,0,4.306303736578049,0.01173625,0
96,48,0,4.338621213025173,0.0117775,0
100,48,0,4.379018058584068,0.011847,0
104,48,0,4.354779951248728,0.0117175,0
108,48,0,4.403256165919407,0.011774,0
112,48,0,4.370938689472283,0.0118195,0
116,48,0,4.419414904142962,0.01173225,0
120,48,0,4.387097427695853,0.0118,0
124,48,0,4.427494273254746,0.011634,0
128,48,0,4.362859320360513,0.01166625,0
132,48,0,4.387097427695853,0.01165425,0
136,48,0,4.330541843913388,0.01172175,0
140,48,0,4.379018058584083,0.0117845,0
144,48,0,4.387097427695853,0.01168575,0
148,48,0,4.403256165919407,0.01178925,0
152,48,0,4.419414904142962,0.01172275,0
156,48,0,4.467891118813625,0.01175075,0
160,48,0,4.52444670259609,0.011677,0
164,48,0,4.710272192166991,0.01173825,0
168,48,0,4.774907145061224,0.01172975,0
172,48,0,4.888018312626137,0.011748,0
176,48,0,4.766827775949455,0.01163475,0
180,48,0,4.944573896408571,0.01171825,0
184,48,0,4.831462728843674,0.01169225,0
188,48,0,5.057685063973484,0.01173,0
192,48,0,5.033446956638144,0.0117025,0
196,48,0,5.098081909532363,0.0117535,0
200,48,0,5.106161278644148,0.0116785,0
204,48,0,5.073843802197039,0.011746,0
208,48,0,5.049605694861699,0.01176025,0
212,48,0,4.952653265520372,0.011711,0
0,52,0,4.589081655490324,0.0118095,0
4,52,0,4.540605440819644,0.01175225,0
8,52,0,4.492129226148981,0.01189425,0
12,52,0,4.572922917266768,0.0117955,0
16,52,0,4.564843548154984,0.0117555,0
20,52,0,4.581002286378538,0.01174,0
24,52,0,4.645637239272772,0.01182225,0
28,52,0,4.621399131937433,0.0116915,0
32,52,0,4.589081655490324,0.0116727499999999,0
36,52,0,4.629478501049218,0.011766,0
40,52,0,4.669875346608112,0.01175675,0
44,52,0,4.605240393713878,0.0116925,0
48,52,0,4.605240393713878,0.01171475,0
52,52,0,4.484049857037196,0.01174825,0
56,52,0,4.540605440819659,0.01184575,0
60,52,0,4.532526071707875,0.011738,0
64,52,0,4.419414904142962,0.01174375,0
68,52,0,4.379018058584068,0.01172325,0
72,52,0,4.387097427695837,0.01176125,0
76,52,0,4.395176796807622,0.0118105,0
80,52,0,4.298224367466279,0.0117825,0
84,52,0,4.330541843913403,0.011689,0
88,52,0,4.322462474801618,0.01173975,0
92,52,0,4.346700582136974,0.011826,0
96,52,0,4.411335535031177,0.0117825,0
100,52,0,4.621399131937433,0.01176725,0
104,52,0,4.799145252396564,0.01177725,0
108,52,0,4.944573896408587,0.0116525,0
112,52,0,4.944573896408587,0.011733,0
116,52,0,5.049605694861715,0.011691,0
120,52,0,4.936494527296801,0.01172775,0
124,52,0,5.090002540420609,0.01178,0
128,52,0,4.936494527296801,0.01172075,0
136,52,0,4.645637239272772,0.01177025,0
140,52,0,4.467891118813625,0.0117522499999999,0
144,52,0,4.419414904142962,0.0117872499999999,0
148,52,0,4.370938689472298,0.01182675,0
152,52,0,4.435573642366516,0.0116765,0
156,52,0,4.387097427695853,0.01177425,0
160,52,0,4.354779951248728,0.0117225,0
168,52,0,4.459811749701856,0.0117645,0
172,52,0,4.564843548154984,0.011707,0
176,52,0,4.556764179043199,0.01167725,0
180,52,0,4.492129226148965,0.0116934999999999,0
184,52,0,4.637557870160987,0.01173225,0
188,52,0,4.758748406837685,0.011746,0
192,52,0,4.694113453943436,0.01175075,0
196,52,0,4.807224621508349,0.0117107499999999,0
200,52,0,4.742589668614115,0.01178175,0
204,52,0,4.791065883284779,0.0117282499999999,0
208,52,0,4.799145252396579,0.01174625,0
212,52,0,4.686034084831666,0.0116825,0
0,56,0,4.613319762825663,0.01176825,0
4,56,0,4.799145252396564,0.01172725,0
8,56,0,4.669875346608112,0.011692,0
12,56,0,4.564843548154984,0.0117454999999999,0
16,56,0,4.621399131937448,0.01177275,0
20,56,0,4.694113453943436,0.0117835,0
24,56,0,4.637557870161003,0.01167975,0
28,56,0,4.484049857037196,0.011763,0
32,56,0,4.532526071707875,0.01180175,0
36,56,0,4.637557870161003,0.01174125,0
40,56,0,4.621399131937433,0.011789,0
44,56,0,4.532526071707859,0.0118525,0
48,56,0,4.51636733348432,0.011706,0
52,56,0,4.564843548154984,0.01174125,0
56,56,0,4.467891118813641,0.01175975,0
60,56,0,4.419414904142977,0.01178275,0
64,56,0,4.370938689472298,0.01167675,0
68,56,0,4.27398626013094,0.0117802499999999,0
72,56,0,4.370938689472298,0.0118465,0
76,56,0,4.354779951248744,0.01180375,0
80,56,0,4.306303736578049,0.0117425,0
84,56,0,4.516367333484305,0.01174125,0
88,56,0,4.831462728843674,0.01179875,0
92,56,0,5.178875600650182,0.0116899999999999,0
96,56,0,5.291986768215065,0.0116905,0
100,56,0,5.518209103344875,0.0116975,0
104,56,0,5.712113962027561,0.01167175,0
108,56,0,6.027209357386945,0.0117594999999999,0
112,56,0,5.954495035380926,0.0117282499999999,0
116,56,0,6.172638001398952,0.0117305,0
120,56,0,6.188796739622506,0.01171375,0
124,56,0,5.655558378245112,0.011705,0
128,56,0,5.97065377360448,0.0118357499999999,0
132,56,0,5.590923425350893,0.01176225,0
136,56,0,5.340462982885743,0.01183375,0
140,56,0,5.227351815320846,0.01187125,0
144,56,0,5.001129480191035,0.01177225,0
152,56,0,4.354779951248728,0.0118,0
156,56,0,4.338621213025188,0.011789,0
160,56,0,4.273986260130955,0.011747,0
164,56,0,4.257827521907385,0.01175375,0
168,56,0,4.330541843913403,0.0118284999999999,0
172,56,0,4.354779951248728,0.01183475,0
176,56,0,4.370938689472283,0.01183725,0
180,56,0,4.338621213025173,0.01176,0
184,56,0,4.427494273254731,0.011787,0
188,56,0,4.419414904142962,0.01174525,0
192,56,0,4.500208595260766,0.011814,0
196,56,0,4.435573642366516,0.011825,0
200,56,0,4.459811749701856,0.01174825,0
204,56,0,4.443653011478301,0.01172225,0
208,56,0,4.484049857037196,0.01174375,0
212,56,0,4.411335535031177,0.0117095,0
0,60,0,4.823383359731904,0.0118315,0
4,60,0,4.912256419961477,0.0117697499999999,0
8,60,0,5.001129480191035,0.01174325,0
12,60,0,4.871859574402583,0.011708,0
16,60,0,4.863780205290798,0.0116975,0
20,60,0,4.831462728843674,0.01177875,0
24,60,0,4.952653265520372,0.0117865,0
28,60,0,4.920335789073246,0.0118077499999999,0
32,60,0,4.855700836179028,0.01172875,0
36,60,0,4.847621467067243,0.011769,0
40,60,0,4.734510299502346,0.01173075,0
44,60,0,4.694113453943452,0.0117415,0
48,60,0,4.750669037725885,0.0117295,0
52,60,0,4.572922917266768,0.01183325,0
56,60,0,4.605240393713878,0.0118265,0
60,60,0,4.50020859526075,0.011764,0
64,60,0,4.379018058584068,0.0117145,0
68,60,0,4.411335535031177,0.01179825,0
72,60,0,4.637557870160987,0.01170925,0
76,60,0,5.186954969761937,0.01182775,0
80,60,0,5.445494781338856,0.01172825,0
84,60,0,5.817145760480673,0.01176575,0
88,60,0,6.140320524951827,0.0117732499999999,0
92,60,0,6.827066899453029,0.01174725,0
96,60,0,7.134082925700612,0.01175975,0
100,60,0,7.578448226848448,0.0116555,0
104,60,0,7.869305514872478,0.0116565,0
108,60,0,7.925861098654942,0.0117285,0
112,60,0,7.958178575102051,0.0117195,0
116,60,0,8.442940721808782,0.011731,0
120,60,0,8.160162802896522,0.0116595,0
124,60,0,7.990496051549176,0.0117285,0
128,60,0,7.610765703295558,0.01170275,0
132,60,0,7.723876870860471,0.011708,0
136,60,0,7.594606965072018,0.01179475,0
140,60,0,7.077527341918164,0.011773,0
144,60,0,6.641241409882112,0.0117207499999999,0
148,60,0,5.841383867816013,0.01169375,0
152,60,0,5.599002794462663,0.011685,0
156,60,0,5.162716862426612,0.01187,0
160,60,0,4.904177050849692,0.0117244999999999,0
164,60,0,4.669875346608112,0.011795,0
168,60,0,4.419414904142962,0.01179125,0
172,60,0,4.346700582136958,0.01185475,0
176,60,0,4.330541843913388,0.01186175,0
180,60,0,4.403256165919407,0.0117854999999999,0
184,60,0,4.298224367466294,0.01172425,0
188,60,0,4.354779951248728,0.01175225,0
192,60,0,4.306303736578064,0.011768,0
196,60,0,4.322462474801618,0.01173,0
200,60,0,4.346700582136958,0.011743,0
204,60,0,4.338621213025173,0.0117635,0
208,60,0,4.330541843913403,0.01180125,0
212,60,0,4.322462474801618,0.01180675,0
0,64,0,4.694113453943436,0.011807,0
4,64,0,4.77490714506124,0.0117885,0
8,64,0,4.888018312626137,0.0117854999999999,0
12,64,0,4.863780205290783,0.01184625,0
16,64,0,4.968812003743926,0.0117145,0
20,64,0,4.904177050849692,0.01183375,0
24,64,0,5.001129480191035,0.01183725,0
28,64,0,4.879938943514352,0.0117755,0
32,64,0,4.936494527296801,0.01177825,0
36,64,0,4.799145252396564,0.0117375,0
40,64,0,4.896097681737907,0.011845,0
44,64,0,4.694113453943436,0.01181975,0
48,64,0,4.653716608384557,0.0118009999999999,0
52,64,0,4.484049857037196,0.011774,0
56,64,0,4.419414904142962,0.0118335,0
60,64,0,4.669875346608096,0.01178075,0
68,64,0,5.615161532686233,0.01166975,0
76,64,0,6.689717624552792,0.011795,0
80,64,0,7.255273462377295,0.0116759999999999,0
84,64,0,7.602686334183788,0.0116512499999999,0
96,64,0,9.978020853046733,0.01155875,0
100,64,0,11.0929737904722,0.0114645,0
104,64,0,12.28872041901546,0.0115162499999999,0
108,64,0,12.86235562595174,0.011431,0
112,64,0,13.25016534331712,0.01140925,1
116,64,0,13.58141947690005,0.01149425,0
120,64,0,13.58949884601182,0.01149775,0
124,64,0,13.10473669930511,0.01159775,0
128,64,0,12.59573644526304,0.0115092499999999,0
136,64,0,10.80211650244815,0.01151825,0
140,64,0,9.541734921010695,0.0117142499999999,0
144,64,0,8.863067915621277,0.0116695,0
148,64,0,8.055131004443394,0.01175425,0
152,64,0,7.562289488624894,0.01182,0
156,64,0,7.109844818365288,0.011784,0
160,64,0,6.891701852347262,0.011724,0
164,64,0,5.510129734233089,0.0117745,0
168,64,0,5.380859828444637,0.01183725,0
172,64,0,5.122320016867718,0.0118245,0
180,64,0,4.435573642366516,0.01180375,0
184,64,0,4.362859320360513,0.0117845,0
188,64,0,4.314383105689834,0.011783,0
192,64,0,4.411335535031192,0.01180975,0
196,64,0,4.314383105689834,0.01176075,0
200,64,0,4.298224367466294,0.01171975,0
204,64,0,4.290144998354509,0.011805,0
208,64,0,4.290144998354509,0.01182025,0
212,64,0,4.475970487925411,0.0117985,0
8,68,0,5.51820910334486,0.01185175,0
16,68,0,4.831462728843674,0.0118322499999999,0
20,68,0,4.556764179043214,0.0118415,0
24,68,0,4.621399131937433,0.0118295,0
28,68,0,4.572922917266753,0.01177425,0
32,68,0,4.516367333484305,0.01178675,0
36,68,0,4.710272192167006,0.01178875,0
40,68,0,4.734510299502331,0.011765,0
44,68,0,5.138478755091272,0.01185,0
48,68,0,5.687875854692221,0.0118085,0
52,68,0,5.631320270909788,0.011744,0
56,68,0,6.221114216069631,0.01172375,0
60,68,0,6.932098697906142,0.01173775,0
64,68,0,7.247194093265525,0.01168775,0
68,68,0,7.740035609084026,0.0117004999999999,0
72,68,0,8.168242172008307,0.0116565,0
76,68,0,8.951940975850837,0.0114625,0
84,68,0,12.36143474102146,0.0114229999999999,1
92,68,0,14.75292799810796,0.01143175,1
96,68,0,15.21345203747935,0.01141775,1
100,68,0,15.52854743283871,0.0113705,1
104,68,0,15.69821418418608,0.01137725,1
108,68,0,15.88403967375698,0.011411,1
112,68,0,15.81132535175097,0.011389,1
120,68,0,16.09410327066323,0.01138425,1
124,68,0,15.98099210309832,0.011363,1
128,68,0,15.90827778109232,0.011295,1
132,68,0,15.97291273398655,0.011364,1
136,68,0,15.7951666135274,0.011486,1
140,68,0,15.30232509770892,0.011442,1
144,68,0,14.81756295100219,0.0115545,0
148,68,0,13.51678452400582,0.0116385,0
152,68,0,12.40991095569212,0.011577,0
156,68,0,10.2527194028472,0.01163075,0
160,68,0,9.267036371210205,0.011766,0
164,68,0,8.208639017567187,0.01178825,0
168,68,0,7.885464253096048,0.01168925,0
172,68,0,6.899781221459032,0.01174775,0
176,68,0,6.73819383922347,0.0117065,0
180,68,0,6.075685572057608,0.0117799999999999,0
184,68,0,5.679796485580436,0.011814,0
188,68,0,5.574764687127324,0.011755,0
192,68,0,5.445494781338856,0.0117247499999999,0
196,68,0,5.47781225778598,0.01180675,0
204,68,0,5.259669291767955,0.01172675,0
208,68,0,5.518209103344875,0.0117247499999999,0
212,68,0,5.76059017669824,0.01168825,0
0,72,0,8.144004064672968,0.0117575,1
8,72,0,7.489575166618891,0.011648,1
12,72,0,6.851305006788353,0.0117885,0
20,72,0,6.406939705640532,0.011738,0
24,72,0,6.56044771876434,0.0116405,0
28,72,0,6.617003302546788,0.011784,0
36,72,0,6.617003302546788,0.01177975,0
40,72,0,7.0290511272475,0.0116635,0
44,72,0,7.400702106389302,0.011753,0
48,72,0,7.562289488624894,0.01178175,0
52,72,0,7.788511823754689,0.0116505,0
64,72,0,10.19616381906476,0.011445,1
68,72,0,11.87667259431474,0.01152425,1
72,72,0,13.20168912864644,0.01141875,1
76,72,0,14.13081657650099,0.01133975,1
80,72,0,14.89027727300819,0.01142125,1
92,72,0,14.05810225449498,0.01154275,1
96,72,0,13.25016534331712,0.01156125,1
104,72,0,10.97178325379552,0.0115625,0
108,72,0,10.03457643682918,0.0115925,0
112,72,0,9.49325870634,0.01159125,0
116,72,0,9.687163565022702,0.01160975,0
120,72,0,9.913385900152496,0.01155475,0
124,72,0,10.47086236886523,0.01143225,0
128,72,0,11.45654540050225,0.01142575,0
132,72,0,12.4987840159217,0.0114192499999999,0
136,72,0,13.62181632245895,0.01144175,1
140,72,0,14.59941998498416,0.0114229999999999,1
144,72,0,15.25384888303824,0.0113809999999999,1
148,72,0,15.62549986218006,0.01143125,1
152,72,0,15.4235156343856,0.0114465,1
156,72,0,14.69637241432551,0.011453,1
160,72,0,13.90459424137118,0.01145725,0
164,72,0,12.3452760027979,0.01160525,0
168,72,0,10.76171965688926,0.0116805,0
172,72,0,9.380147538775102,0.01169,0
176,72,0,8.25711523223785,0.011723,0
180,72,0,8.079369111778734,0.0117275,0
184,72,0,7.853146776648923,0.011772,0
188,72,0,7.643083179742683,0.0117487499999999,0
192,72,0,7.457257690171766,0.0117535,0
196,72,0,7.222955985930185,0.0117855,0
200,72,0,7.319908415271529,0.01168375,0
204,72,0,7.327987784383314,0.01182625,0
208,72,0,7.497654535730659,0.0117065,0
212,72,0,8.079369111778718,0.0116582499999999,0
0,76,0,10.17192571172942,0.0116225,1
4,76,0,9.808354101699384,0.0117015,1
8,76,0,9.339750693216208,0.01170975,1
12,76,0,8.806512331838814,0.0117004999999999,1
16,76,0,8.725718640721025,0.01168475,1
20,76,0,8.354067661579208,0.0116895,1
32,76,0,8.612607473156128,0.0117505,0
36,76,0,8.515655043814785,0.011726,0
40,76,0,8.717639271609256,0.01153475,1
44,76,0,8.879226653844817,0.0115885,1
48,76,0,9.832592209034708,0.011504,1
52,76,0,11.02833883757796,0.0114775,1
56,76,0,12.36143474102146,0.01144575,1
60,76,0,13.32287966532313,0.01149375,1
68,76,0,13.85611802670051,0.011507,1
72,76,0,13.3713558799938,0.01153675,1
76,76,0,12.32103789546256,0.01160475,1
80,76,0,10.63244975110081,0.011641,0
84,76,0,8.071289742666949,0.01181375,0
92,76,0,5.154637493314827,0.01188575,0
96,76,0,4.669875346608096,0.011846,0
100,76,0,4.879938943514352,0.0117825,0
112,76,0,5.970653773604496,0.0118062499999999,0
120,76,0,5.752510807586456,0.0117965,0
124,76,0,5.695955223804006,0.01173425,0
128,76,0,5.186954969761952,0.0119,0
132,76,0,4.815303990620119,0.01183875,0
136,76,0,4.686034084831651,0.01176225,0
140,76,0,5.2435105535444,0.01168125,0
144,76,0,6.382701598305208,0.01160375,0
148,76,0,8.6934011642739,0.0115059999999999,0
152,76,0,10.87483082445417,0.011455,0
156,76,0,13.32287966532312,0.0115075,0
160,76,0,14.52670566297816,0.0114425,1
164,76,0,15.18113456103224,0.0114405,1
168,76,0,15.13265834636156,0.01144825,1
172,76,0,14.69637241432549,0.01152625,0
176,76,0,13.77532433558274,0.0114335,0
180,76,0,13.04818111552264,0.01150775,0
184,76,0,12.29679978812722,0.011594,0
188,76,0,11.19800558892533,0.0116365,0
192,76,0,10.68900533488327,0.01165175,0
196,76,0,10.1800050808412,0.0116517499999999,0
200,76,0,10.55165605998302,0.011593,0
208,76,0,10.74556091866572,0.01158275,0
212,76,0,11.98170439276786,0.01159425,0
0,80,0,11.93322817809718,0.0116155,1
8,80,0,11.86859322520296,0.0115855,1
12,80,0,11.32727549471379,0.01157375,1
16,80,0,10.92330703912484,0.01162225,1
20,80,0,10.6728465966597,0.0116412499999999,1
24,80,0,10.31735435574144,0.01164875,1
28,80,0,10.39814804685923,0.011561,1
32,80,0,10.56781479820659,0.01158275,1
36,80,0,10.77787839511282,0.0115997499999999,1
40,80,0,10.99602136113084,0.01152575,1
44,80,0,11.69892647385561,0.011538,1
48,80,0,12.14329177500343,0.011516,1
52,80,0,12.51494275414525,0.011564,1
56,80,0,11.99786313099141,0.0115485,1
60,80,0,11.36767234027267,0.0115945,1
64,80,0,10.11537012794697,0.011687,1
68,80,0,8.103607219114073,0.01184,0
76,80,0,4.863780205290798,0.011862,0
80,80,0,4.694113453943436,0.011775,0
84,80,0,5.800987022257134,0.0117625,0
96,80,0,4.661795977496327,0.01168125,0
104,80,0,4.629478501049218,0.0117069999999999,0
108,80,0,5.178875600650182,0.01178125,0
116,80,0,5.574764687127324,0.0117465,0
120,80,0,5.510129734233089,0.0117559999999999,0
124,80,0,5.081923171308824,0.01166475,0
140,80,0,5.631320270909772,0.01177825,0
148,80,0,5.615161532686217,0.01178175,0
156,80,0,4.904177050849692,0.0117575,0
160,80,0,6.382701598305192,0.0116035,0
164,80,0,8.927702868515496,0.0115275,0
168,80,0,11.48078350783759,0.01151975,0
172,80,0,13.52486389311759,0.011466,0
180,80,0,14.50246755564284,0.01139875,1
184,80,0,14.5509437703135,0.011479,0
188,80,0,14.63981683054306,0.01142275,0
192,80,0,14.3570389116308,0.01150575,0
196,80,0,14.25200711317767,0.0114645,0
200,80,0,14.37319764985437,0.01138325,0
204,80,0,14.21161026761878,0.01144775,0
208,80,0,14.5105469247546,0.0114335,0
212,80,0,14.971070964126,0.0116379999999999,0
4,84,0,8.604528104044343,0.011606,1
8,84,0,9.549814290122464,0.011676,1
12,84,0,10.45470363064168,0.0116325,1
16,84,0,10.5274179526477,0.011614,1
20,84,0,11.00410073024262,0.0116055,1
24,84,0,11.07681505224863,0.0115175,1
28,84,0,11.3595929711609,0.0115874999999999,1
32,84,0,11.19800558892533,0.0115425,1
36,84,0,11.01218009935439,0.011592,1
40,84,0,11.0525769449133,0.011603,1
44,84,0,10.44662426152989,0.0116137499999999,1
48,84,0,9.82451283992294,0.01171925,1
52,84,0,8.434861352696997,0.01170525,1
56,84,0,7.117924187477057,0.01192075,0
60,84,0,5.308145506438619,0.0119235,0
64,84,0,4.629478501049218,0.01179075,0
96,84,0,9.937624007487836,0.01151325,1
100,84,0,11.83627574875583,0.01141825,1
104,84,0,12.9512286861813,0.01142725,1
108,84,0,13.67837190624138,0.0113935,1
112,84,0,14.17929279117168,0.01140975,1
116,84,0,14.08234036183032,0.01143175,1
120,84,0,13.98538793248898,0.0114675,1
124,84,0,13.64605442979427,0.01140725,1
128,84,0,13.20168912864645,0.0115125,1
132,84,0,12.19984735878588,0.01156525,1
140,84,0,8.903464761180157,0.011764,0
144,84,0,7.416860844612872,0.01177675,0
148,84,0,5.590923425350878,0.01178325,0
152,84,0,4.330541843913403,0.0117729999999999,0
156,84,0,5.081923171308824,0.011694,0
160,84,0,6.366542860081653,0.01181425,0
164,84,0,5.631320270909772,0.0118875,0
168,84,0,4.589081655490324,0.01189775,0
172,84,0,5.049605694861699,0.0117855,0
176,84,0,6.641241409882112,0.0117005,0
180,84,0,8.200559648455402,0.01157,0
184,84,0,9.889147792817171,0.0115515,0
188,84,0,11.10105315958397,0.01159375,0
192,84,0,11.98170439276786,0.0116085,0
196,84,0,12.74116508927506,0.01153025,0
200,84,0,12.59573644526304,0.01142725,0
204,84,0,12.73308572016328,0.01148625,0
212,84,0,11.7312439503027,0.011588,0
4,88,0,4.76682777594944,0.01181575,0
8,88,0,5.235431184432615,0.01180725,0
16,88,0,6.738193839223455,0.01176425,1
24,88,0,7.352225891718653,0.011738,1
28,88,0,7.384543368165748,0.0117939999999999,1
36,88,0,6.722035100999901,0.011873,0
40,88,0,6.116082417616503,0.01186,0
44,88,0,5.283907399103295,0.01189525,0
48,88,0,4.613319762825663,0.011841,0
52,88,0,5.001129480191035,0.0117995,0
68,88,0,4.467891118813625,0.01171975,0
72,88,0,6.01912998827516,0.01161475,0
80,88,0,10.68900533488327,0.01140075,1
84,88,0,12.87043499506351,0.011455,1
88,88,0,14.44591197186037,0.0113185,1
92,88,0,15.51238869461516,0.01132925,1
96,88,0,16.36072245135194,0.0113105,1
100,88,0,16.54654794092284,0.0113225,1
104,88,0,17.37872295943603,0.011382,1
108,88,0,17.33832611387716,0.01131275,1
112,88,0,17.26561179187113,0.0113095,1
116,88,0,17.48375475788916,0.01132725,1
120,88,0,17.20097683897693,0.0112945,1
124,88,0,17.37064359032428,0.01129425,1
128,88,0,17.12018314785913,0.01134925,1
132,88,0,16.56270667914639,0.0113405,1
136,88,0,16.11026200888679,0.011492,1
140,88,0,15.43159500349737,0.01142,1
144,88,0,14.05810225449498,0.011569,1
152,88,0,10.07497328238807,0.0116625,0
156,88,0,7.433019582836426,0.01179375,0
160,88,0,5.582844056239108,0.01182325,0
164,88,0,4.27398626013094,0.01176475,0
168,88,0,5.195034338873721,0.011805,0
172,88,0,6.172638001398952,0.011805,0
176,88,0,5.623240901798003,0.01181375,0
184,88,0,4.669875346608112,0.01192425,0
188,88,0,4.976891372855696,0.011774,0
192,88,0,5.195034338873737,0.0118365,0
196,88,0,5.582844056239108,0.0117985,0
200,88,0,5.615161532686217,0.01173625,0
204,88,0,5.647479009133327,0.011852,0
0,92,0,5.687875854692221,0.01179975,1
4,92,0,6.213034846957846,0.01183475,1
8,92,0,5.994891880939821,0.01177025,1
16,92,0,4.960732634632141,0.01186325,0
20,92,0,4.734510299502331,0.0118445,0
24,92,0,4.572922917266753,0.011832,0
28,92,0,4.686034084831666,0.0118095,0
32,92,0,4.661795977496327,0.01182975,0
36,92,0,4.920335789073246,0.0118355,0
40,92,0,5.275828029991509,0.011819,0
44,92,0,5.962574404492711,0.0117454999999999,0
48,92,0,6.099923679392933,0.0117974999999999,0
52,92,0,4.799145252396564,0.0117645,0
56,92,0,4.290144998354494,0.01177725,0
60,92,0,5.219272446209061,0.01165125,0
64,92,0,6.972495543465036,0.011587,1
68,92,0,9.638687350352022,0.01146375,1
72,92,0,12.37759347924501,0.011391,1
76,92,0,14.45399134097214,0.01138575,1
80,92,0,15.70629355329784,0.0113415,1
84,92,0,16.80508775249974,0.01135375,1
88,92,0,17.40296106677139,0.01128825,1
92,92,0,17.84732636791922,0.0113345,1
96,92,0,17.8150088914721,0.01122075,1
100,92,0,17.8877232134781,0.01127575,1
104,92,0,17.92812005903701,0.01131925,1
108,92,0,17.96043753548411,0.01125225,1
112,92,0,17.87964384436633,0.01134325,1
116,92,0,17.69381835479542,0.0112975,1
120,92,0,17.88772321347812,0.01133825,1
124,92,0,17.86348510614278,0.0112605,1
128,92,0,17.91196132081344,0.01122675,1
132,92,0,17.91196132081346,0.0112615,1
136,92,0,17.928120059037,0.0113125,1
140,92,0,17.7422945694661,0.01132125,1
144,92,0,17.48375475788916,0.01139625,1
148,92,0,17.04746882585312,0.0113225,1
152,92,0,16.23145254556347,0.01141275,1
156,92,0,14.88219790389642,0.01143675,1
160,92,0,13.41983209466446,0.0115905,1
164,92,0,11.09297379047218,0.0117185,0
168,92,0,8.337908923355654,0.01175275,0
172,92,0,6.164558632287167,0.011882,0
176,92,0,4.791065883284794,0.01186975,0
184,92,0,5.195034338873721,0.011749,0
192,92,0,6.067606202945823,0.01173275,0
204,92,0,6.164558632287167,0.0116899999999999,0
0,96,0,4.613319762825663,0.01190225,1
4,96,0,4.605240393713863,0.011726,1
8,96,0,5.090002540420609,0.011682,1
12,96,0,5.687875854692221,0.0117135,1
16,96,0,5.938336297157371,0.01184725,1
20,96,0,6.156479263175397,0.011811,1
24,96,0,5.930256928045586,0.01173425,1
32,96,0,6.051447464722284,0.011758,1
36,96,0,6.108003048504718,0.01172675,1
40,96,0,5.841383867816013,0.011797,0
44,96,0,5.090002540420609,0.011779,0
48,96,0,4.419414904142962,0.011679,0
56,96,0,6.350384121858083,0.011499,1
60,96,0,8.911544130291942,0.0113765,1
64,96,0,11.48886287694936,0.01146975,1
72,96,0,15.4962299563916,0.01130875,1
76,96,0,16.74045279960552,0.0113665,1
80,96,0,17.3221673756536,0.01129025,1
84,96,0,17.73421520035431,0.0113195,1
88,96,0,17.78269141502497,0.0113117499999999,1
92,96,0,17.55646907989518,0.0112355,1
96,96,0,17.27369116098292,0.011401,1
100,96,0,16.95859576562355,0.01140225,1
104,96,0,16.85356396717042,0.01132525,1
108,96,0,16.58694478648172,0.01129475,1
112,96,0,16.74045279960552,0.011379,1
116,96,0,16.72429406138197,0.0113525,1
120,96,0,16.36072245135192,0.01136025,1
124,96,0,16.74853216871731,0.011248,1
128,96,0,16.84548459805865,0.01135975,1
132,96,0,17.07170693318847,0.01133525,1
136,96,0,17.12018314785913,0.0112855,1
140,96,0,17.48375475788918,0.01134475,1
144,96,0,17.57262781811873,0.0113485,1
148,96,0,17.73421520035431,0.01126475,1
152,96,0,17.52415160344805,0.0113875,1
156,96,0,17.33832611387716,0.0114159999999999,1
160,96,0,16.70005595404663,0.01148425,1
164,96,0,15.76284913708031,0.01147325,1
168,96,0,14.59134061587239,0.01152625,1
172,96,0,12.91891120973419,0.01167,1
176,96,0,10.93138640823661,0.0116969999999999,0
180,96,0,8.798432962727029,0.0118357499999999,0
184,96,0,7.303749677047974,0.01188125,0
188,96,0,6.204955477846076,0.01183525,0
192,96,0,5.388939197556407,0.01183675,0
196,96,0,5.162716862426612,0.01183325,0
200,96,0,5.073843802197039,0.01178825,0
212,96,0,7.675400656189807,0.01175225,0
4,100,0,5.138478755091287,0.011832,1
8,100,0,4.645637239272772,0.01181575,1
12,100,0,4.467891118813641,0.01182775,1
16,100,0,4.823383359731904,0.01181375,1
20,100,0,5.437415412227071,0.01181025,1
24,100,0,5.477812257785965,0.01179775,1
28,100,0,5.372780459332868,0.0118252499999999,1
32,100,0,5.291986768215049,0.01186225,1
36,100,0,4.7506690377259,0.0117854999999999,0
40,100,0,4.411335535031177,0.01170875,0
44,100,0,4.661795977496327,0.0117205,0
56,100,0,9.26703637121022,0.0113695,1
60,100,0,12.16752988233877,0.01139375,1
64,100,0,14.10657846916565,0.01134525,1
68,100,0,15.61742049306827,0.01133275,1
72,100,0,16.74853216871729,0.0112675,1
76,100,0,17.41911980499494,0.01130625,1
80,100,0,17.33024674476537,0.0113795,1
84,100,0,17.35448485210071,0.0114159999999999,1
88,100,0,16.70813532315842,0.0113425,1
92,100,0,16.37688118957549,0.01134275,1
96,100,0,16.16681759266925,0.01128125,1
100,100,0,15.74669039885674,0.0114315,1
104,100,0,15.23769014481468,0.0113355,1
108,100,0,15.01954717879666,0.011399,1
112,100,0,15.043785286132,0.01135775,1
116,100,0,14.53478503208993,0.01132725,1
120,100,0,14.86603916567287,0.01138225,1
128,100,0,15.21345203747935,0.01134875,1
132,100,0,15.9890714722101,0.011249,1
136,100,0,16.06178579421611,0.011347,1
140,100,0,16.22337317645169,0.011321,1
144,100,0,16.78892901427621,0.01129525,1
148,100,0,17.13634188608268,0.011259,1
152,100,0,17.31408800654183,0.011281,1
156,100,0,17.61302466367763,0.0113295,1
160,100,0,17.78269141502499,0.01134125,1
164,100,0,17.63726277101297,0.01136175,1
168,100,0,17.10402440963557,0.01145875,1
172,100,0,16.47383361891684,0.01139075,1
176,100,0,15.52046806372694,0.01153,1
180,100,0,14.34088017340724,0.01147275,1
184,100,0,13.54910200045293,0.01152075,1
188,100,0,12.21600609700944,0.0116622499999999,0
192,100,0,11.0929737904722,0.0115365,0
196,100,0,10.50317984531236,0.01159525,0
200,100,0,10.18808444995299,0.0115445,0
204,100,0,10.31735435574144,0.01149275,0
208,100,0,10.96370388468373,0.01159475,0
212,100,0,12.98354616262841,0.01178325,0
0,104,0,6.318066645410958,0.011861,1
8,104,0,4.896097681737907,0.01180225,1
12,104,0,4.484049857037196,0.0118515,1
16,104,0,4.443653011478301,0.01178525,1
20,104,0,4.629478501049218,0.01186425,1
24,104,0,4.661795977496311,0.011841,1
28,104,0,4.686034084831651,0.011847,1
32,104,0,4.51636733348432,0.01177,1
36,104,0,4.443653011478301,0.01175775,1
56,104,0,11.70700584296738,0.0113812499999999,1
60,104,0,13.92075297959475,0.011386,1
64,104,0,15.28616635948537,0.0114015,1
68,104,0,16.47383361891682,0.0112737499999999,1
72,104,0,17.02323071851778,0.011362,1
76,104,0,17.49991349611273,0.01128975,1
80,104,0,17.07978630230022,0.0113285,1
84,104,0,16.78084964516442,0.01129375,1
88,104,0,16.57886541736995,0.01140975,1
92,104,0,15.63357923129184,0.0113984999999999,1
96,104,0,15.58510301662116,0.0113795,1
100,104,0,15.01954717879666,0.01143175,1
104,104,0,14.74484862899617,0.01144625,1
108,104,0,14.45399134097214,0.011408,1
112,104,0,14.34895954251903,0.01146125,1
116,104,0,14.20353089850701,0.01148425,1
120,104,0,14.20353089850701,0.011477,1
124,104,0,14.19545152939522,0.0113905,1
128,104,0,14.39743575718971,0.0113534999999999,1
132,104,0,14.7367692598844,0.01136975,1
136,104,0,15.35080131237958,0.0113844999999999,1
140,104,0,15.65781733862718,0.011294,1
144,104,0,16.15065885444568,0.0113265,1
148,104,0,16.62734163204063,0.01128925,1
156,104,0,17.41104043588316,0.0113525,1
160,104,0,17.62110403278941,0.0113885,1
164,104,0,17.70997709301897,0.01136625,1
168,104,0,17.44335791233028,0.0113675,1
172,104,0,16.9020401818411,0.011446,1
176,104,0,16.4091986660226,0.01139875,1
180,104,0,15.56086490928582,0.011442,1
184,104,0,14.87411853478464,0.01149275,1
188,104,0,14.18737216028345,0.01144925,1
192,104,0,13.68645127535317,0.01147925,1
196,104,0,13.40367335644091,0.01140975,1
200,104,0,13.54910200045293,0.01146425,1
204,104,0,13.79956244291808,0.01132775,1
208,104,0,14.26008648228946,0.01144175,1
0,108,0,5.986812511828051,0.0118265,1
4,108,0,5.348542351997513,0.0118385,1
8,108,0,4.734510299502331,0.011852,1
12,108,0,4.508287964372535,0.0117515,1
16,108,0,4.589081655490324,0.01188125,1
20,108,0,4.702192823055205,0.01178475,1
24,108,0,4.702192823055221,0.011851,1
28,108,0,4.613319762825663,0.01177825,1
32,108,0,4.597161024602093,0.01184775,1
36,108,0,4.492129226148981,0.0118335,1
40,108,0,4.702192823055221,0.01167475,1
44,108,0,5.397018566668192,0.011632,1
52,108,0,8.653004318715022,0.01143575,1
56,108,0,10.6728465966597,0.011348,1
64,108,0,14.47822944830748,0.01134775,1
68,108,0,15.86788093553342,0.011324,1
72,108,0,16.49807172625217,0.01138625,1
76,108,0,17.25753242275936,0.011307,1
80,108,0,17.20097683897692,0.01138875,1
84,108,0,16.70005595404663,0.01137175,1
88,108,0,16.45767488069328,0.0113665,1
92,108,0,15.77900787530386,0.011448,1
96,108,0,15.56894427839761,0.01148425,1
100,108,0,14.94683285679066,0.011373,1
104,108,0,14.72061052166085,0.01146725,1
112,108,0,14.39743575718969,0.0114019999999999,1
116,108,0,14.05810225449498,0.01144975,1
124,108,0,14.17929279117168,0.01143625,1
128,108,0,14.20353089850701,0.01134125,1
132,108,0,14.59134061587239,0.01134775,1
136,108,0,14.89835664211998,0.01135625,1
140,108,0,15.45583311083271,0.01134875,1
144,108,0,15.86788093553342,0.0112755,1
148,108,0,16.39303992779905,0.01130725,1
152,108,0,16.78084964516442,0.01134325,1
156,108,0,16.95051639651177,0.011369,1
160,108,0,17.30600863743003,0.01134825,1
164,108,0,17.37872295943605,0.0112965,1
168,108,0,17.54838971078339,0.01142925,1
172,108,0,17.2009768389769,0.01134675,1
176,108,0,16.86972270539399,0.01143125,1
180,108,0,16.40111929691082,0.011354,1
184,108,0,15.66589670773895,0.01142425,1
188,108,0,15.4962299563916,0.01141525,1
192,108,0,15.09226150080266,0.011398,1
196,108,0,14.56710250853705,0.01144225,1
200,108,0,14.76100736721974,0.01140975,1
204,108,0,14.8498804274493,0.01137575,1
208,108,0,15.49622995639159,0.01149675,1
212,108,0,16.43343677335794,0.01182625,1
0,112,0,4.791065883284794,0.0117865,1
4,112,0,4.564843548154984,0.01180375,1
8,112,0,4.467891118813641,0.011807,1
12,112,0,4.718351561278776,0.01184075,1
16,112,0,5.057685063973484,0.01176725,1
20,112,0,5.049605694861715,0.01185275,1
24,112,0,5.340462982885728,0.01179625,1
28,112,0,5.29198676821508,0.01183025,1
32,112,0,5.049605694861715,0.01183175,1
36,112,0,4.766827775949455,0.011854,1
40,112,0,4.419414904142962,0.01179275,1
44,112,0,4.637557870160987,0.0117345,1
60,112,0,10.406227415971,0.011443,1
64,112,0,12.28064104990367,0.0114825,1
68,112,0,13.9449910869301,0.011325,1
72,112,0,15.18113456103224,0.01131575,1
76,112,0,16.00523021043366,0.01131075,1
80,112,0,16.62734163204061,0.011287,1
84,112,0,16.95859576562357,0.0112175,1
88,112,0,16.88588144361755,0.01132325,1
92,112,0,16.50615109536395,0.0113117499999999,1
96,112,0,16.29608749845769,0.01137125,1
100,112,0,15.93251588842764,0.011508,1
104,112,0,15.54470617106227,0.01142475,1
108,112,0,15.56894427839761,0.0113254999999999,1
112,112,0,15.31848383593247,0.01141775,1
116,112,0,15.4558331108327,0.011373,1
120,112,0,15.3104044668207,0.01135075,1
124,112,0,15.13265834636156,0.01131,1
128,112,0,15.2296107757029,0.011308,1
132,112,0,15.55278554017406,0.0113955,1
136,112,0,15.96483336487478,0.0113435,1
140,112,0,16.27184939112237,0.011346,1
144,112,0,16.27184939112235,0.0114505,1
148,112,0,16.67581784671129,0.0112955,1
152,112,0,16.65965910848774,0.011379,1
156,112,0,17.18481810075335,0.01133025,1
160,112,0,16.92627828917644,0.011307,1
164,112,0,17.24137368453581,0.01133825,1
168,112,0,16.91819892006466,0.0113415,1
172,112,0,16.70005595404663,0.011406,1
176,112,0,16.57886541736995,0.0112615,1
180,112,0,16.11026200888679,0.011444,1
184,112,0,15.54470617106227,0.011422,1
188,112,0,15.03570591702022,0.0113765,1
192,112,0,14.82564232011396,0.011407,1
196,112,0,14.5105469247546,0.0114165,1
200,112,0,14.57518187764882,0.0114635,1
204,112,0,14.77716610544329,0.01135525,1
208,112,0,15.24576951392645,0.0114799999999999,1
212,112,0,16.36880182046371,0.0118475,1
0,116,0,4.912256419961461,0.0117535,1
4,116,0,5.130399385979487,0.011827,1
12,116,0,5.300066137326849,0.01187575,1
16,116,0,5.267748660879724,0.011752,1
20,116,0,5.388939197556407,0.0117974999999999,1
24,116,0,5.429336043115302,0.01178525,1
28,116,0,5.340462982885743,0.0118077499999999,1
32,116,0,5.550526579791984,0.01174375,1
36,116,0,5.502050365121305,0.01178175,1
40,116,0,5.22735181532083,0.01188925,1
44,116,0,4.888018312626122,0.0118322499999999,1
48,116,0,4.467891118813641,0.01183175,1
52,116,0,4.572922917266768,0.011765,1
56,116,0,5.203113707985506,0.01163825,1
60,116,0,6.827066899453029,0.01159325,1
68,116,0,10.09921138972341,0.0114192499999999,1
72,116,0,11.69084710474383,0.0114605,1
76,116,0,13.36327651088201,0.01141975,1
80,116,0,14.48630881741927,0.011393,1
84,116,0,15.55278554017406,0.0113604999999999,1
88,116,0,16.12642074711034,0.0114315,1
92,116,0,15.94059525753944,0.01135975,1
96,116,0,16.2233731764517,0.01134475,1
100,116,0,16.06178579421611,0.01133775,1
104,116,0,15.94059525753943,0.0113675,1
108,116,0,15.6093411239565,0.01132675,1
112,116,0,15.92443651931589,0.01136375,1
116,116,0,15.82748408997453,0.0113235,1
120,116,0,15.60126175484472,0.01129275,1
124,116,0,16.14257948533391,0.0113095,1
128,116,0,16.11834137799857,0.01130025,1
132,116,0,16.15065885444568,0.01126775,1
136,116,0,16.07794453243968,0.01128625,1
140,116,0,16.36880182046371,0.01133775,1
144,116,0,16.44151614246971,0.01123525,1
148,116,0,16.60310352470529,0.01134825,1
152,116,0,16.5950241555935,0.01136875,1
156,116,0,16.82124649072331,0.011327,1
160,116,0,16.66773847759952,0.01138675,1
164,116,0,16.70005595404663,0.011358,1
168,116,0,16.35264308224014,0.011399,1
172,116,0,16.22337317645169,0.01135275,1
176,116,0,15.94059525753944,0.011457,1
180,116,0,15.54470617106227,0.01141725,1
184,116,0,15.07610276257911,0.011449,1
188,116,0,14.4782294483075,0.0114385,1
192,116,0,14.17929279117167,0.0114465,1
196,116,0,13.83995928847696,0.011502,1
200,116,0,13.77532433558274,0.011385,1
204,116,0,13.79148307380629,0.01136825,1
208,116,0,14.5105469247546,0.01154,1
212,116,0,15.73861102974496,0.011848,1
0,120,0,5.081923171308824,0.01186675,1
4,120,0,5.186954969761952,0.01185875,1
8,120,0,4.960732634632141,0.011869,1
12,120,0,4.952653265520356,0.01183525,1
16,120,0,4.799145252396564,0.0118982499999999,1
20,120,0,4.871859574402583,0.0119012499999999,1
24,120,0,4.984970741967465,0.011831,1
28,120,0,4.928415158185032,0.0118085,1
32,120,0,4.936494527296801,0.01184675,1
36,120,0,5.186954969761952,0.01175425,1
40,120,0,5.308145506438619,0.0118685,1
44,120,0,5.405097935779978,0.01180275,1
48,120,0,5.364701090221067,0.011852,1
52,120,0,4.912256419961461,0.011838,1
56,120,0,4.346700582136958,0.011736,1
60,120,0,4.888018312626137,0.0117939999999999,1
64,120,0,5.445494781338856,0.0117115,1
68,120,0,6.544288980540769,0.0115962499999999,1
76,120,0,9.02465529785684,0.0116,1
80,120,0,10.4870211070888,0.01152525,1
84,120,0,11.64237089007315,0.01145675,1
88,120,0,12.38567284835678,0.0115055,1
92,120,0,13.38751461821735,0.01145725,1
96,120,0,13.57334010778827,0.011408,1
100,120,0,14.04194351627143,0.011412,1
104,120,0,13.92883234870653,0.011404,1
108,120,0,14.26816585140124,0.01143325,1
112,120,0,14.37319764985437,0.01133225,1
116,120,0,14.78524547455506,0.011378,1
120,120,0,14.8498804274493,0.011388,1
124,120,0,14.60749935409595,0.011443,1
128,120,0,14.90643601123175,0.0113622499999999,1
132,120,0,14.59134061587238,0.011457,1
136,120,0,14.58326124676061,0.0114515,1
140,120,0,14.47822944830748,0.0114265,1
144,120,0,14.4378326027486,0.0113639999999999,1
148,120,0,14.68829304521374,0.011315,1
152,120,0,14.16313405294811,0.01143575,1
156,120,0,14.47015007919571,0.0114229999999999,1
160,120,0,14.58326124676059,0.0114895,1
164,120,0,14.46207071008393,0.01149075,1
168,120,0,14.34895954251903,0.011491,1
172,120,0,13.83995928847696,0.01148425,1
176,120,0,13.71876875180028,0.0115725,1
180,120,0,12.81387941128106,0.011533,1
184,120,0,12.54726023059236,0.01157875,1
188,120,0,11.71508521207915,0.011584,1
192,120,0,11.34343423293735,0.01156225,1
196,120,0,10.95562451557196,0.01164425,1
200,120,0,10.73748154955392,0.01144575,1
208,120,0,11.61813278273781,0.01161075,1
212,120,0,14.4378326027486,0.0118935,1
0,124,0,5.114240647755933,0.01186775,1
4,124,0,5.324304244662174,0.01181375,1
8,124,0,5.26774866087974,0.0118365,1
12,124,0,5.445494781338856,0.0118435,1
16,124,0,5.300066137326849,0.01184725,1
20,124,0,5.590923425350878,0.0118935,1
24,124,0,5.413177304891747,0.0118445,1
28,124,0,5.154637493314842,0.01189025,1
32,124,0,5.009208849302805,0.01187875,1
36,124,0,5.073843802197054,0.01183425,1
40,124,0,5.049605694861699,0.0119105,1
44,124,0,4.726430930390561,0.01177275,1
48,124,0,4.952653265520356,0.0118355,1
52,124,0,4.960732634632141,0.01174125,1
56,124,0,5.073843802197039,0.01187575,1
60,124,0,5.178875600650182,0.011791,1
64,124,0,5.130399385979502,0.01187425,1
68,124,0,4.564843548154984,0.0118217499999999,1
72,124,0,4.467891118813641,0.011813,1
76,124,0,4.815303990620119,0.0117685,1
80,124,0,5.461653519562411,0.0117705,1
84,124,0,6.116082417616503,0.011781,1
88,124,0,6.762431946558795,0.01174075,1
92,124,0,7.27143220060085,0.0116025,1
96,124,0,7.691559394413346,0.01164625,1
100,124,0,8.240956494014311,0.0116759999999999,1
104,124,0,8.273273970461405,0.01158125,1
108,124,0,8.51565504381477,0.01163775,1
112,124,0,8.709559902497471,0.01164125,1
116,124,0,9.000417190521516,0.0116615,1
124,124,0,9.065052143415734,0.01156975,1
128,124,0,9.04889340519218,0.01166725,1
132,124,0,8.782274224503475,0.011719,1
140,124,0,8.798432962727045,0.0116032499999999,1
144,124,0,8.854988546509478,0.01170275,1
148,124,0,8.895385392068388,0.011578,1
152,124,0,8.774194855391706,0.011632,1
156,124,0,8.903464761180173,0.0116137499999999,1
160,124,0,9.162004572757091,0.01162325,1
164,124,0,9.01657592874507,0.011679,1
168,124,0,9.444782491669336,0.01166725,1
172,124,0,9.162004572757091,0.0116995,1
176,124,0,9.065052143415734,0.0116965,1
180,124,0,8.378305768914547,0.0117345,0
184,124,0,8.087448480890519,0.01167625,0
192,124,0,7.303749677047959,0.01174325,0
196,124,0,7.101765449253503,0.0116689999999999,0
200,124,0,7.03713049635927,0.01170575,0
208,124,0,7.966257944213821,0.01174725,0
212,124,0,10.07497328238807,0.011823,0
0,128,0,6.406939705640532,0.0117995,1
4,128,0,6.043368095610484,0.0118155,1
8,128,0,6.245352323404971,0.01185025,1
12,128,0,6.301907907187404,0.0118424999999999,1
16,128,0,6.503892134981875,0.011859,1
20,128,0,6.641241409882112,0.0117975,1
24,128,0,6.221114216069631,0.0117904999999999,1
28,128,0,6.665479517217452,0.01178625,1
32,128,0,6.463495289422981,0.011831,1
36,128,0,6.285749168963849,0.011925,1
40,128,0,6.132241155840058,0.01185875,1
44,128,0,5.800987022257119,0.0118405,1
48,128,0,5.48589162689775,0.0117834999999999,1
52,128,0,4.960732634632141,0.0117825,1
56,128,0,5.340462982885743,0.0118325,1
60,128,0,5.041526325749914,0.0118775,1
64,128,0,4.871859574402568,0.01177975,1
68,128,0,5.170796231538382,0.011824,1
72,128,0,5.114240647755933,0.01184475,1
76,128,0,5.114240647755933,0.0118855,1
80,128,0,4.896097681737922,0.01179,1
84,128,0,4.540605440819644,0.01179275,1
88,128,0,4.403256165919407,0.011825,1
92,128,0,4.564843548154984,0.01182675,1
96,128,0,4.799145252396564,0.0117872499999999,1
100,128,0,4.912256419961461,0.0118135,1
104,128,0,5.211193077097276,0.01193425,1
108,128,0,5.122320016867718,0.01174775,1
112,128,0,5.26774866087974,0.0117125,1
116,128,0,5.647479009133327,0.01180375,1
120,128,0,5.663637747356897,0.01182825,1
124,128,0,5.429336043115302,0.0118909999999999,0
128,128,0,5.445494781338856,0.0118585,0
132,128,0,5.469732888674196,0.01175925,1
136,128,0,5.356621721109298,0.011777,0
140,128,0,5.267748660879724,0.01189,0
144,128,0,5.114240647755933,0.01180275,0
148,128,0,4.968812003743926,0.011872,0
152,128,0,5.186954969761952,0.01180225,0
156,128,0,5.138478755091272,0.0118045,0
160,128,0,5.372780459332837,0.0117585,0
164,128,0,5.397018566668176,0.0117915,0
168,128,0,5.582844056239108,0.01180975,0
176,128,0,5.728272700251115,0.0118185,0
180,128,0,5.267748660879724,0.011884,0
184,128,0,5.259669291767955,0.01190075,0
188,128,0,4.896097681737907,0.01185525,0
192,128,0,4.855700836179028,0.0118445,0
196,128,0,4.75874840683767,0.01182575,0
200,128,0,4.702192823055221,0.01175575,0
204,128,0,4.653716608384557,0.01182625,0
208,128,0,5.025367587526374,0.01180625,0
212,128,0,6.366542860081623,0.01182075,0
4,132,0,7.764273716419365,0.01182775,1
8,132,0,7.869305514872478,0.0117165,1
12,132,0,7.635003810630898,0.01173025,1
16,132,0,7.610765703295558,0.01176375,1
20,132,0,7.497654535730659,0.01175175,1
24,132,0,7.796591192866474,0.01172425,1
28,132,0,7.942019836878496,0.0117627499999999,1
32,132,0,7.75619434730758,0.01177175,1
36,132,0,7.376463999053993,0.0117905,1
40,132,0,7.174479771259522,0.0117855,1
44,132,0,7.433019582836426,0.01180025,1
52,132,0,6.334225383634529,0.011861,1
56,132,0,6.76243194655881,0.0118335,1
60,132,0,6.213034846957846,0.01183525,1
64,132,0,5.962574404492711,0.0117592499999999,1
68,132,0,5.833304498704243,0.011835,1
72,132,0,5.7363520693629,0.011835,1
76,132,0,5.308145506438634,0.01181875,1
80,132,0,5.372780459332852,0.01187875,1
84,132,0,5.461653519562426,0.01183675,1
88,132,0,5.25158992265617,0.0118287499999999,1
92,132,0,5.52628847245666,0.01176575,1
96,132,0,5.421256674003517,0.011817,1
100,132,0,5.397018566668192,0.01185025,1
104,132,0,5.259669291767939,0.011761,1
108,132,0,5.364701090221083,0.0118325,1
112,132,0,5.429336043115302,0.01187575,1
116,132,0,5.332383613773943,0.01178225,1
120,132,0,5.033446956638159,0.01181875,1
124,132,0,4.863780205290798,0.0117559999999999,1
128,132,0,5.041526325749929,0.011831,1
132,132,0,5.291986768215049,0.0118225,1
136,132,0,5.332383613773958,0.0118042499999999,1
140,132,0,5.316224875550404,0.01174975,1
144,132,0,5.065764433085254,0.01176725,0
148,132,0,4.912256419961461,0.011857,0
152,132,0,5.098081909532378,0.01182025,0
156,132,0,4.920335789073231,0.0117955,0
160,132,0,4.637557870161003,0.01179925,0
164,132,0,4.879938943514352,0.01181575,0
168,132,0,4.718351561278776,0.01184825,0
172,132,0,5.081923171308809,0.0118555,0
176,132,0,4.871859574402568,0.0117985,0
180,132,0,5.025367587526359,0.0117945,0
184,132,0,5.356621721109298,0.01179325,0
188,132,0,5.211193077097276,0.01181725,0
192,132,0,5.405097935779962,0.011948,0
196,132,0,5.599002794462648,0.0118545,0
200,132,0,5.421256674003517,0.01184925,0
204,132,0,5.397018566668192,0.0118155,0
208,132,0,5.235431184432615,0.011767,0
212,132,0,4.637557870160987,0.0117732499999999,0
0,136,0,8.580289996709004,0.01172775,1
4,136,0,8.426781983585228,0.011719,1
8,136,0,8.28135333957319,0.0117244999999999,1
12,136,0,8.394464507138103,0.0117775,1
16,136,0,8.620686842267913,0.011705,1
20,136,0,8.45909946003232,0.011695,1
24,136,0,8.523734412926554,0.01177475,1
28,136,0,7.804670561978259,0.01171825,1
32,136,0,8.846909177397709,0.01172325,1
36,136,0,8.604528104044343,0.01175475,1
40,136,0,8.19248027934363,0.01173825,1
44,136,0,8.111686588225844,0.0117105,1
48,136,0,8.006654789772714,0.01174425,1
52,136,0,7.836988038425368,0.011762,1
56,136,0,7.958178575102036,0.0118175,1
60,136,0,7.75619434730758,0.0118147499999999,1
64,136,0,7.416860844612872,0.01175075,1
68,136,0,6.867463745011923,0.01176775,1
72,136,0,7.150241663924167,0.011859,1
76,136,0,7.222955985930185,0.011708,1
80,136,0,6.883622483235477,0.01172025,1
84,136,0,6.98057491257682,0.01177925,1
88,136,0,6.608923933434988,0.011805,1
92,136,0,6.415019074752317,0.01179225,1
96,136,0,6.633162040770342,0.011786,1
100,136,0,6.447336551199427,0.01171825,1
104,136,0,6.447336551199442,0.0116815,1
108,136,0,6.520050873205445,0.01187675,1
112,136,0,6.487733396758305,0.011722,1
116,136,0,6.649320778993897,0.011771,1
120,136,0,6.213034846957846,0.01179975,1
124,136,0,6.415019074752317,0.0118535,1
128,136,0,6.124161786728273,0.011772,1
132,136,0,6.390780967416977,0.01187975,1
136,136,0,6.358463490969868,0.0118695,1
140,136,0,5.889860082486693,0.01185875,1
144,136,0,5.712113962027561,0.01190325,1
148,136,0,5.679796485580452,0.01182325,1
152,136,0,5.421256674003532,0.0119015,0
156,136,0,5.332383613773958,0.01186425,0
160,136,0,4.968812003743926,0.0118217499999999,0
168,136,0,5.081923171308809,0.011848,0
176,136,0,5.146558124203057,0.011876,0
180,136,0,5.146558124203057,0.01189275,0
184,136,0,5.235431184432615,0.0118025,0
188,136,0,5.146558124203057,0.01183,0
192,136,0,5.130399385979487,0.01175525,0
196,136,0,5.138478755091272,0.0118355,0
200,136,0,5.348542351997528,0.01183,0
204,136,0,5.195034338873721,0.01181925,0
208,136,0,5.235431184432615,0.0118335,0
212,136,0,5.53436784156843,0.01168875,0
0,140,0,8.73379800983281,0.0117405,1
4,140,0,8.79035359361526,0.01178625,1
12,140,0,8.984258452297945,0.0117627499999999,1
16,140,0,8.749956748056364,0.011679,1
20,140,0,8.903464761180157,0.011732,1
24,140,0,9.162004572757091,0.01174075,1
28,140,0,8.968099714074391,0.0117,1
32,140,0,8.596448734932574,0.01171125,1
36,140,0,8.758036117168135,0.011711,1
40,140,0,8.960020344962606,0.01173,1
44,140,0,9.032734666968624,0.01166625,1
48,140,0,8.846909177397709,0.0117835,1
52,140,0,8.653004318715022,0.0117662499999999,1
56,140,0,8.556051889373679,0.0117205,1
60,140,0,8.749956748056364,0.0117732499999999,1
64,140,0,8.717639271609256,0.01182625,1
68,140,0,8.200559648455416,0.011757,1
72,140,0,8.467178829144121,0.011706,1
76,140,0,8.071289742666965,0.0116535,1
80,140,0,8.232877124902526,0.0117265,1
84,140,0,8.507575674703,0.01166375,1
88,140,0,7.26335283148908,0.01177425,1
92,140,0,8.071289742666965,0.01171475,1
96,140,0,7.796591192866474,0.01168025,1
100,140,0,7.933940467766711,0.01176425,1
104,140,0,7.828908669313599,0.011802,1
108,140,0,7.869305514872478,0.01164975,1
112,140,0,7.731956239972241,0.01174075,1
116,140,0,7.77235308553115,0.011806,1
120,140,0,7.748114978195795,0.0117965,1
124,140,0,7.99049605154916,0.0117522499999999,1
128,140,0,7.820829300201813,0.011741,1
132,140,0,7.731956239972241,0.0117235,1
136,140,0,7.659241917966237,0.01181725,1
140,140,0,7.610765703295558,0.011805,1
144,140,0,7.731956239972241,0.01178925,1
148,140,0,7.408781475501102,0.01179725,1
152,140,0,7.400702106389317,0.011858,1
156,140,0,6.713955731888131,0.01184475,1
160,140,0,6.229193585181401,0.01189675,1
164,140,0,6.011050619163375,0.01184,1
168,140,0,5.566685318015539,0.011843,0
172,140,0,5.453574150450626,0.01188725,0
176,140,0,5.340462982885743,0.01184125,0
180,140,0,5.445494781338856,0.011865,0
184,140,0,5.186954969761952,0.0118775,0
188,140,0,5.380859828444637,0.0118325,0
192,140,0,5.324304244662189,0.01187475,0
196,140,0,5.356621721109298,0.01181975,0
200,140,0,5.453574150450641,0.0118755,0
204,140,0,5.332383613773958,0.0118319999999999,0
208,140,0,4.976891372855696,0.0117825,0
212,140,0,4.629478501049202,0.011755,0
0,144,0,8.814591700950599,0.01166525,1
4,144,0,9.162004572757091,0.01174725,1
8,144,0,8.97617908318616,0.01173475,1
12,144,0,9.21856015653954,0.01175,1
16,144,0,9.315512585880883,0.011759,1
20,144,0,9.008496559633285,0.0117484999999999,1
24,144,0,8.903464761180157,0.01174125,1
28,144,0,8.960020344962606,0.011723,1
32,144,0,9.178163310980649,0.011698,1
36,144,0,9.065052143415734,0.011662,1
40,144,0,9.28319510943376,0.01171375,1
44,144,0,9.081210881639304,0.011724,1
48,144,0,8.774194855391706,0.0117385,1
52,144,0,9.07313151252752,0.01167325,1
56,144,0,9.137766465421738,0.0116245,1
60,144,0,9.121607727198198,0.01176725,1
64,144,0,8.927702868515496,0.0117565,1
68,144,0,9.864909685481832,0.01171675,1
72,144,0,9.02465529785684,0.011739,1
76,144,0,9.0004171905215,0.0117045,1
80,144,0,8.927702868515496,0.0117349999999999,1
84,144,0,8.604528104044343,0.0117405,1
88,144,0,8.71763927160924,0.01174925,1
92,144,0,8.669163056938578,0.011663,1
96,144,0,8.208639017567187,0.01166825,1
100,144,0,8.572210627597233,0.01168525,1
104,144,0,8.442940721808766,0.01170875,1
108,144,0,7.950099205990266,0.01164875,1
112,144,0,8.19248027934363,0.011747,1
116,144,0,8.119765957337627,0.0117055,1
120,144,0,8.119765957337613,0.01174175,1
124,144,0,8.418702614473426,0.01170475,1
128,144,0,8.24903586312608,0.011757,1
132,144,0,8.402543876249872,0.011797,1
136,144,0,8.27327397046142,0.0118079999999999,1
140,144,0,8.410623245361657,0.01179475,1
144,144,0,8.677242426050361,0.01184625,1
148,144,0,8.774194855391706,0.01180675,1
152,144,0,8.499496305591231,0.01170175,1
156,144,0,7.893543622207817,0.01176975,1
160,144,0,7.707718132636916,0.011793,1
164,144,0,7.47341642839532,0.01177975,1
168,144,0,7.699638763525116,0.01170025,1
172,144,0,7.513813273954215,0.011772,1
176,144,0,7.546130750401324,0.0117209999999999,1
180,144,0,7.691559394413346,0.0117834999999999,1
184,144,0,7.707718132636901,0.011758,1
188,144,0,7.788511823754689,0.011802,1
192,144,0,7.772353085531135,0.01174875,1
196,144,0,7.942019836878481,0.011804,1
200,144,0,7.75619434730758,0.01175875,1
204,144,0,7.723876870860471,0.011768,1
208,144,0,7.303749677047974,0.011722,1
212,144,0,6.423098443864086,0.0117764999999999,0
0,148,0,8.733798009832796,0.011767,1
4,148,0,8.927702868515496,0.0117305,1
8,148,0,9.02465529785684,0.01166875,1
12,148,0,9.02465529785684,0.01168725,1
16,148,0,8.838829808285938,0.011697,1
20,148,0,9.04889340519218,0.01168325,1
24,148,0,9.162004572757075,0.01173425,1
28,148,0,9.137766465421752,0.01168875,1
32,148,0,9.145845834533535,0.0116975,1
36,148,0,9.194322049204184,0.0116965,1
40,148,0,9.1943220492042,0.01181,1
44,148,0,9.21856015653954,0.01169925,1
48,148,0,8.895385392068388,0.011787,1
52,148,0,8.838829808285938,0.01175225,1
56,148,0,9.339750693216208,0.01175425,1
60,148,0,8.903464761180157,0.011791,1
64,148,0,9.065052143415734,0.0116735,1
68,148,0,9.153925203645308,0.0118007499999999,1
72,148,0,8.822671070062368,0.0116855,1
76,148,0,9.153925203645308,0.0117195,1
80,148,0,8.644924949603237,0.0117825,1
84,148,0,8.895385392068388,0.0117135,1
88,148,0,8.345988292467423,0.0117524999999999,1
92,148,0,7.909702360431372,0.01172975,1
96,148,0,8.103607219114073,0.0118085,1
100,148,0,8.095527850002288,0.0117765,1
104,148,0,7.950099205990266,0.01177625,1
108,148,0,8.459099460032336,0.0117655,1
112,148,0,8.30559144690853,0.01178575,1
116,148,0,8.370226399802762,0.01164725,1
120,148,0,8.200559648455416,0.011715,1
124,148,0,8.087448480890503,0.01173275,1
128,148,0,8.636845580491467,0.0117212499999999,1
132,148,0,8.30559144690853,0.01175675,1
136,148,0,8.74187737894458,0.01168075,1
140,148,0,8.879226653844833,0.011743,1
144,148,0,8.73379800983281,0.011762,1
148,148,0,9.07313151252752,0.011717,1
152,148,0,9.25087763298665,0.0117465,1
156,148,0,8.992337821409714,0.01168275,1
160,148,0,8.943861606739052,0.011642,1
164,148,0,8.782274224503475,0.011702,1
168,148,0,9.186242680092416,0.01161325,1
172,148,0,9.404385646110445,0.011609,1
176,148,0,9.848750947258278,0.011641,1
180,148,0,9.889147792817155,0.01162625,1
184,148,0,10.22848129551188,0.01165225,1
188,148,0,10.51125921442414,0.0116675,1
192,148,0,10.7132434422186,0.01170275,1
196,148,0,10.80211650244815,0.01164675,1
200,148,0,10.73748154955394,0.01172025,1
204,148,0,10.48702110708879,0.011719,1
208,148,0,10.2931162484061,0.01168525,1
212,148,0,9.49325870634,0.011734,1
0,152,0,8.426781983585212,0.01175,1
4,152,0,8.854988546509478,0.01176025,1
8,152,0,8.653004318715022,0.011705,1
12,152,0,8.927702868515496,0.01176225,1
16,152,0,9.097369619862842,0.01171,1
20,152,0,9.056972774303947,0.0116985,1
24,152,0,9.20240141831597,0.01169425,1
28,152,0,9.574052397457804,0.01173025,1
32,152,0,9.008496559633285,0.011752,1
36,152,0,9.242798263874866,0.0116535,1
40,152,0,9.178163310980649,0.01169125,1
44,152,0,9.04889340519218,0.0117115,1
48,152,0,8.887306022956603,0.011774,1
52,152,0,8.838829808285924,0.0117435,1
56,152,0,8.943861606739052,0.0118044999999999,1
60,152,0,8.863067915621263,0.0117915,1
64,152,0,9.113528358086413,0.01170775,1
68,152,0,8.701480533385686,0.0118055,1
72,152,0,8.71763927160924,0.0117915,1
76,152,0,8.588369365820789,0.011772,1
80,152,0,8.459099460032336,0.01173575,1
84,152,0,8.144004064672968,0.01177925,1
88,152,0,7.820829300201813,0.0117837499999999,1
92,152,0,7.812749931090029,0.0118555,1
96,152,0,7.659241917966237,0.0116585,1
100,152,0,7.618845072407343,0.01177725,1
104,152,0,7.667321287078022,0.0117535,1
108,152,0,7.715797501748701,0.01174525,1
112,152,0,7.610765703295558,0.01184325,1
116,152,0,7.788511823754689,0.01170825,1
120,152,0,7.497654535730659,0.01174175,1
124,152,0,8.087448480890519,0.0117615,1
128,152,0,7.917781729543141,0.011688,1
132,152,0,7.635003810630898,0.0118065,1
136,152,0,8.022813527996284,0.011672,1
140,152,0,8.75803611716815,0.011741,1
144,152,0,8.806512331838814,0.01177025,1
148,152,0,8.370226399802762,0.01167675,1
152,152,0,9.04889340519218,0.0118149999999999,1
156,152,0,8.830750439174153,0.01161575,1
160,152,0,9.242798263874866,0.0116245,1
164,152,0,9.66292545768736,0.01164325,1
168,152,0,10.11537012794697,0.01154825,1
172,152,0,10.82635460978349,0.01163125,1
176,152,0,11.23840243448422,0.0115545,1
180,152,0,12.03018060743854,0.01157625,1
184,152,0,11.60197404451425,0.0116295,1
188,152,0,12.05441871477387,0.0116029999999999,1
192,152,0,12.31295852635079,0.0116205,1
196,152,0,11.95746628543252,0.011594,1
200,152,0,12.36951411013323,0.01161475,1
204,152,0,12.07865682210921,0.01163825,1
208,152,0,12.07057745299741,0.01171125,1
212,152,0,11.4727041387258,0.011758,1
0,156,0,8.378305768914547,0.01170575,1
4,156,0,8.547972520261894,0.01167125,1
8,156,0,8.77419485539169,0.01174275,1
12,156,0,8.71763927160924,0.01165725,1
16,156,0,9.460941229892876,0.01166975,1
20,156,0,9.77603662525226,0.01164225,1
24,156,0,10.20424318817654,0.0116015,1
28,156,0,9.929544638376068,0.0116932499999999,1
32,156,0,10.28503687929433,0.01173175,1
36,156,0,10.1800050808412,0.01163125,1
40,156,0,10.26887814107076,0.0116335,1
44,156,0,9.986100222158516,0.01168125,1
48,156,0,9.961862114823177,0.0117557499999999,1
52,156,0,9.33167132410444,0.0117125,1
56,156,0,9.186242680092416,0.01180425,1
60,156,0,8.984258452297945,0.0116785,1
64,156,0,8.774194855391706,0.01168925,1
68,156,0,8.386385138026332,0.01172125,1
72,156,0,8.636845580491451,0.01184425,1
76,156,0,8.47525819825589,0.011847,1
80,156,0,8.3217501851321,0.0117872499999999,1
84,156,0,8.103607219114073,0.011827,1
88,156,0,7.465337059283551,0.0117935,1
92,156,0,7.441098951948196,0.0117575,1
96,156,0,7.327987784383298,0.011761,1
100,156,0,7.109844818365273,0.0118105,1
104,156,0,7.368384629942207,0.01179825,1
108,156,0,7.279511569712635,0.01189175,1
112,156,0,7.295670307936189,0.011782,1
116,156,0,6.956336805241481,0.01181625,1
120,156,0,7.303749677047974,0.011783,1
124,156,0,7.327987784383314,0.0118015,1
128,156,0,7.416860844612872,0.0118175,1
132,156,0,7.521892643066,0.01165825,1
136,156,0,7.723876870860471,0.0116864999999999,1
140,156,0,7.635003810630913,0.011709,1
144,156,0,8.079369111778718,0.01168875,1
148,156,0,8.76611548627992,0.01176175,1
152,156,0,8.774194855391706,0.01171525,1
156,156,0,8.943861606739052,0.01164875,1
160,156,0,9.218560156539526,0.011641,1
164,156,0,9.557893659234232,0.0116135,1
168,156,0,9.961862114823177,0.01156075,1
172,156,0,11.30303738737844,0.0114875,1
176,156,0,11.90091070165007,0.0115955,1
180,156,0,12.73308572016328,0.011549,1
184,156,0,13.1774510213111,0.01147375,1
188,156,0,13.65413379890606,0.01147575,1
192,156,0,13.3309590344349,0.011507,1
196,156,0,13.85611802670051,0.0115495,1
200,156,0,13.92883234870653,0.011573,1
204,156,0,13.89651487225941,0.011633,1
208,156,0,13.76724496647096,0.01164525,1
212,156,0,13.49254641667048,0.01173725,1
0,160,0,8.782274224503475,0.01171675,1
8,160,0,8.782274224503475,0.01166025,1
12,160,0,9.186242680092432,0.01161375,1
16,160,0,10.13152886617052,0.0116622499999999,1
20,160,0,10.93138640823661,0.0116115,1
24,160,0,11.43230729316691,0.0116245,1
28,160,0,11.50502161517291,0.01159475,1
32,160,0,11.49694224606113,0.01162075,1
36,160,0,11.57773593717893,0.0115685,1
40,160,0,11.31919612560201,0.0117355,1
44,160,0,11.27071991093133,0.01173475,1
48,160,0,11.0525769449133,0.0116755,1
52,160,0,10.406227415971,0.01169725,1
56,160,0,9.840671578146493,0.0117025,1
60,160,0,9.178163310980633,0.011656,1
64,160,0,9.07313151252752,0.011853,1
68,160,0,8.410623245361657,0.0117745,1
72,160,0,8.822671070062368,0.0117665,1
76,160,0,8.386385138026318,0.011748,1
80,160,0,8.240956494014311,0.0118105,1
84,160,0,7.982416682437391,0.01176825,1
88,160,0,7.52997201217777,0.0118095,1
92,160,0,7.190638509483077,0.01174175,1
96,160,0,6.827066899453014,0.011854,1
100,160,0,6.843225637676583,0.01183125,1
104,160,0,6.835146268564798,0.01176325,1
108,160,0,6.520050873205445,0.0118079999999999,1
112,160,0,6.713955731888116,0.011824,1
116,160,0,6.859384375900138,0.01176925,1
120,160,0,6.56044771876434,0.0117945,1
124,160,0,7.0290511272475,0.011835,1
128,160,0,6.972495543465051,0.01173125,1
132,160,0,6.956336805241496,0.01178325,1
136,160,0,7.158321033035952,0.011772,1
140,160,0,7.699638763525131,0.01168075,1
144,160,0,7.610765703295574,0.0117939999999999,1
148,160,0,8.30559144690853,0.011774,1
152,160,0,8.701480533385702,0.011609,1
156,160,0,8.968099714074391,0.0115865,1
160,160,0,8.935782237627267,0.0116415,1
164,160,0,9.735639779693363,0.011581,1
168,160,0,10.51125921442412,0.01153425,1
172,160,0,12.08673619122098,0.011474,1
176,160,0,13.05626048463441,0.01147275,1
180,160,0,13.83995928847696,0.01147775,1
184,160,0,14.34088017340724,0.01148475,1
188,160,0,14.67213430699017,0.01141225,1
192,160,0,14.59134061587238,0.01146825,1
196,160,0,14.93875348767887,0.0114895,1
200,160,0,15.01954717879666,0.01153425,1
204,160,0,15.116499608138,0.011539,1
208,160,0,15.06802339346732,0.0117165,1
212,160,0,14.68021367610195,0.011653,1
0,164,0,8.935782237627281,0.011634,1
4,164,0,9.994179591270283,0.01161925,1
8,164,0,10.57589416731836,0.011538,1
12,164,0,11.94130754720896,0.0115695,1
16,164,0,12.60381581437482,0.01148775,1
20,164,0,13.36327651088201,0.01154725,1
24,164,0,13.54910200045293,0.01148425,1
28,164,0,13.71876875180028,0.01154025,1
32,164,0,13.29056218887601,0.01150375,1
36,164,0,13.68645127535317,0.01151225,1
40,164,0,13.62989569157072,0.01151425,1
44,164,0,13.10473669930509,0.011503,1
48,164,0,12.73308572016328,0.0116525,1
52,164,0,11.90091070165007,0.0115715,1
56,164,0,11.03641820668975,0.0116934999999999,1
60,164,0,10.45470363064168,0.01170425,1
64,164,0,9.54173492101068,0.01175125,1
68,164,0,9.07313151252752,0.01168575,1
72,164,0,8.53181378203834,0.01178775,1
76,164,0,8.370226399802762,0.01177075,1
80,164,0,7.836988038425368,0.01187675,1
84,164,0,7.861226145760693,0.0118025,1
88,164,0,7.521892643066,0.0118325,1
92,164,0,7.150241663924167,0.01179775,1
96,164,0,7.077527341918179,0.01177975,1
100,164,0,6.79474942300592,0.01175375,1
104,164,0,6.762431946558779,0.01178825,1
108,164,0,6.503892134981875,0.01183875,1
112,164,0,6.633162040770342,0.011769,1
116,164,0,6.431177812975871,0.01176775,1
120,164,0,6.641241409882112,0.01175575,1
124,164,0,6.625082671658558,0.011805,1
128,164,0,6.98057491257682,0.0117555,1
132,164,0,6.948257436129711,0.01182625,1
136,164,0,7.618845072407343,0.0117305,1
140,164,0,7.675400656189776,0.01175825,1
144,164,0,8.0147341588845,0.0117177499999999,1
148,164,0,8.305591446908544,0.0117295,1
152,164,0,8.588369365820789,0.0116745,1
156,164,0,8.774194855391706,0.011519,1
160,164,0,9.881068423705388,0.01149625,1
164,164,0,11.45654540050223,0.011481,1
168,164,0,12.55533959970416,0.0114905,1
172,164,0,13.99346730160075,0.01146375,1
176,164,0,14.6640549378784,0.01140625,1
180,164,0,15.44775374172093,0.0114142499999999,1
184,164,0,15.75476976796851,0.0114705,1
188,164,0,15.70629355329784,0.01140875,1
192,164,0,15.85980156642164,0.01149625,1
196,164,0,16.36072245135192,0.0113915,1
200,164,0,16.21529380733991,0.011456,1
204,164,0,16.10218263977502,0.0115295,1
208,164,0,15.94867462665121,0.01161175,1
212,164,0,15.77900787530385,0.01164225,1
0,168,0,10.99602136113086,0.0114835,1
4,168,0,12.29679978812722,0.011485,1
8,168,0,13.22592723598178,0.011466,1
12,168,0,14.06618162360677,0.011363,1
16,168,0,14.75292799810796,0.0114585,1
20,168,0,15.20537266836758,0.0114332499999999,1
24,168,0,15.37503941971492,0.0114945,1
28,168,0,15.35888068149137,0.01136425,1
32,168,0,15.33464257415603,0.01143625,1
36,168,0,15.26192825215002,0.01158025,1
40,168,0,14.96299159501421,0.0115125,1
44,168,0,14.52670566297814,0.01153625,1
48,168,0,14.08234036183032,0.01154925,1
52,168,0,13.43599083288803,0.01161,1
56,168,0,12.80580004216928,0.01171975,1
60,168,0,11.33535486382555,0.0116925,1
64,168,0,10.69708470399503,0.0117505,1
68,168,0,9.20240141831597,0.0118065,1
72,168,0,8.99233782140973,0.01179125,1
76,168,0,8.685321795162132,0.01178125,1
80,168,0,8.30559144690853,0.011794,1
84,168,0,7.820829300201798,0.0117209999999999,1
88,168,0,7.788511823754689,0.0117865,1
92,168,0,7.433019582836426,0.011823,1
96,168,0,7.255273462377311,0.0118435,1
100,168,0,6.875543114123692,0.0118249999999999,1
104,168,0,6.940178067017927,0.01177625,1
108,168,0,6.681638255441007,0.011774,1
112,168,0,6.584685826099664,0.01177625,1
116,168,0,6.891701852347262,0.01173625,1
120,168,0,6.560447718764324,0.01176,1
124,168,0,6.835146268564814,0.0118599999999999,1
128,168,0,7.012892389023945,0.0117505,1
132,168,0,7.384543368165763,0.0117745,1
136,168,0,7.75619434730758,0.011741,1
140,168,0,8.216718386678972,0.011807,1
144,168,0,8.152083433784753,0.011814,1
156,168,0,10.43854489241812,0.011421,1
160,168,0,11.67468836652027,0.011397,1
164,168,0,13.40367335644092,0.0113405,1
168,168,0,14.4701500791957,0.01142175,1
172,168,0,15.40735689616203,0.0114124999999999,1
180,168,0,16.37688118957548,0.011398,1
184,168,0,16.50615109536395,0.01142475,1
188,168,0,16.62734163204063,0.0113585,1
196,168,0,16.87780207450576,0.0113497499999999,1
200,168,0,16.95859576562355,0.0113882499999999,1
204,168,0,16.74853216871729,0.01153225,1
208,168,0,16.75661153782908,0.01159825,1
212,168,0,16.40111929691082,0.011566,1
0,172,0,12.91891120973419,0.01139875,1
4,172,0,13.47638767844693,0.0114035,1
12,172,0,15.17305519192045,0.01128425,1
16,172,0,16.03754768688079,0.01134825,1
20,172,0,16.53038920269927,0.01134225,1
24,172,0,16.79700838338798,0.0113359999999999,1
28,172,0,16.97475450384711,0.011384,1
32,172,0,16.84548459805865,0.01140725,1
36,172,0,16.82124649072331,0.01134725,1
40,172,0,16.91011955095289,0.01143025,1
44,172,0,16.72429406138197,0.01141925,1
48,172,0,16.3364843440166,0.01144525,1
52,172,0,15.956753995763,0.01159075,1
60,172,0,14.39743575718971,0.01158325,1
64,172,0,13.77532433558274,0.0116545,1
68,172,0,12.66037139815727,0.0116555,1
72,172,0,11.60197404451425,0.0117285,1
76,172,0,10.22848129551187,0.0117417499999999,1
80,172,0,9.73563977969338,0.01174775,1
84,172,0,8.927702868515496,0.011741,1
88,172,0,8.749956748056364,0.011723,1
92,172,0,8.23287712490254,0.01172025,1
96,172,0,7.942019836878481,0.0118564999999999,1
100,172,0,7.562289488624894,0.01178375,1
104,172,0,7.441098951948196,0.011879,1
108,172,0,7.26335283148908,0.011805,1
112,172,0,7.101765449253503,0.0118357499999999,1
116,172,0,7.327987784383314,0.0118295,1
120,172,0,7.481495797507105,0.01186325,1
124,172,0,7.610765703295558,0.01183875,1
128,172,0,7.311829046159759,0.01174275,1
132,172,0,7.76427371641935,0.01166975,1
136,172,0,8.2086390175672,0.01161175,1
140,172,0,8.22479775579074,0.0116239999999999,1
148,172,0,9.01657592874507,0.01155225,1
152,172,0,9.881068423705388,0.01151925,1
160,172,0,12.82195878039285,0.0113765,1
164,172,0,14.37319764985437,0.0114155,1
168,172,0,15.34272194326781,0.0113285,1
172,172,0,16.24761128378703,0.011294,1
176,172,0,16.70005595404663,0.01128425,1
180,172,0,17.22521494631226,0.01128325,1
184,172,0,17.37872295943605,0.0113895,1
188,172,0,17.6211040327894,0.01130175,1
192,172,0,17.68573898568365,0.0113152499999999,1
196,172,0,17.52415160344805,0.011321,1
200,172,0,17.44335791233028,0.01134225,1
204,172,0,17.63726277101297,0.011363,1
208,172,0,17.3948816976596,0.01148225,1
212,172,0,14.51862629386639,0.01154975,1
