File,MUESTRA_0_16_7.csv,
Date/Time,23-02-17/16:41,

Center Wavelength,1471.1,nm
Span Wavelength,557.6,nm
Start Wavelength,1192.3,nm
Stop Wavelength,1749.9,nm
Value In Air/Vacuum,Vacuum,
Optical Attenuater,Off,
Resolution,0.5,nm
Actual Resolution,0.494,nm
VBW,2000,Hz
Point Average,Off,
Sweep Average,1,
Smooth,Off,
Sampling Points,2001,pt
Trace Type,Write,
Trace Storage Mode,Off,
Trace Calculate Trace 1,-,
Trace Calculate Trace 2,-,
Dynamic Range,Normal,
Ext-Trigger,Off,
Interval Time,Off,
MM Mode,Off,

Trace,A
Start,1192.3,nm
Stop,1749.9,nm
1192.300000,2.1020E-007
1192.578800,2.2700E-007
1192.857600,1.9870E-007
1193.136400,1.6190E-007
1193.415200,2.1030E-007
1193.694000,1.8250E-007
1193.972800,1.6760E-007
1194.251600,1.7600E-007
1194.530400,2.0140E-007
1194.809200,1.6260E-007
1195.088000,1.3690E-007
1195.366800,1.7060E-007
1195.645600,1.7590E-007
1195.924400,1.9590E-007
1196.203200,1.9740E-007
1196.482000,2.1000E-007
1196.760800,1.6200E-007
1197.039600,1.8130E-007
1197.318400,1.8740E-007
1197.597200,1.6310E-007
1197.876000,1.8140E-007
1198.154800,1.9270E-007
1198.433600,2.0980E-007
1198.712400,1.9390E-007
1198.991200,1.4330E-007
1199.270000,1.8530E-007
1199.548800,2.0390E-007
1199.827600,1.8370E-007
1200.106400,2.2160E-007
1200.385200,2.2840E-007
1200.664000,2.0230E-007
1200.942800,2.0500E-007
1201.221600,1.7870E-007
1201.500400,1.3350E-007
1201.779200,1.6670E-007
1202.058000,1.7670E-007
1202.336800,1.7850E-007
1202.615600,2.0720E-007
1202.894400,1.2740E-007
1203.173200,1.8350E-007
1203.452000,1.8430E-007
1203.730800,1.7280E-007
1204.009600,1.9230E-007
1204.288400,2.1450E-007
1204.567200,2.2880E-007
1204.846000,1.6310E-007
1205.124800,1.2850E-007
1205.403600,1.9520E-007
1205.682400,2.1510E-007
1205.961200,2.0770E-007
1206.240000,1.6830E-007
1206.518800,1.8810E-007
1206.797600,1.7270E-007
1207.076400,1.7660E-007
1207.355200,1.4690E-007
1207.634000,1.8320E-007
1207.912800,1.5270E-007
1208.191600,1.6970E-007
1208.470400,2.0920E-007
1208.749200,1.5510E-007
1209.028000,1.4880E-007
1209.306800,1.7450E-007
1209.585600,2.1400E-007
1209.864400,1.4510E-007
1210.143200,1.4150E-007
1210.422000,2.2420E-007
1210.700800,1.9010E-007
1210.979600,1.6060E-007
1211.258400,1.4710E-007
1211.537200,1.9360E-007
1211.816000,1.4490E-007
1212.094800,1.7910E-007
1212.373600,1.6380E-007
1212.652400,1.2300E-007
1212.931200,1.7080E-007
1213.210000,1.3910E-007
1213.488800,1.9620E-007
1213.767600,1.9380E-007
1214.046400,1.9540E-007
1214.325200,1.5850E-007
1214.604000,1.7380E-007
1214.882800,1.5400E-007
1215.161600,2.0110E-007
1215.440400,1.9100E-007
1215.719200,1.7650E-007
1215.998000,1.8190E-007
1216.276800,1.3520E-007
1216.555600,1.7300E-007
1216.834400,1.1720E-007
1217.113200,2.1100E-007
1217.392000,1.7300E-007
1217.670800,1.6740E-007
1217.949600,1.9960E-007
1218.228400,2.2400E-007
1218.507200,1.7340E-007
1218.786000,1.3710E-007
1219.064800,1.6300E-007
1219.343600,1.7280E-007
1219.622400,1.6120E-007
1219.901200,1.8250E-007
1220.180000,2.0670E-007
1220.458800,1.9800E-007
1220.737600,1.3810E-007
1221.016400,1.5940E-007
1221.295200,2.3060E-007
1221.574000,1.3600E-007
1221.852800,1.5910E-007
1222.131600,1.7200E-007
1222.410400,1.4000E-007
1222.689200,2.1600E-007
1222.968000,2.3450E-007
1223.246800,1.9670E-007
1223.525600,1.3890E-007
1223.804400,1.6780E-007
1224.083200,1.4710E-007
1224.362000,2.1550E-007
1224.640800,1.6280E-007
1224.919600,1.7460E-007
1225.198400,1.2510E-007
1225.477200,1.6360E-007
1225.756000,1.4340E-007
1226.034800,1.7820E-007
1226.313600,1.5720E-007
1226.592400,1.5790E-007
1226.871200,1.8140E-007
1227.150000,1.6920E-007
1227.428800,1.7320E-007
1227.707600,1.6380E-007
1227.986400,2.0750E-007
1228.265200,2.4920E-007
1228.544000,2.0270E-007
1228.822800,2.0650E-007
1229.101600,1.8490E-007
1229.380400,1.6350E-007
1229.659200,2.1730E-007
1229.938000,1.3780E-007
1230.216800,1.8110E-007
1230.495600,1.8610E-007
1230.774400,1.5630E-007
1231.053200,1.5470E-007
1231.332000,1.8900E-007
1231.610800,1.5510E-007
1231.889600,1.4560E-007
1232.168400,1.8870E-007
1232.447200,2.2910E-007
1232.726000,1.4850E-007
1233.004800,1.9770E-007
1233.283600,1.2220E-007
1233.562400,1.6660E-007
1233.841200,2.2270E-007
1234.120000,1.3930E-007
1234.398800,1.2710E-007
1234.677600,1.9360E-007
1234.956400,1.9970E-007
1235.235200,1.4300E-007
1235.514000,2.0050E-007
1235.792800,1.9110E-007
1236.071600,1.9000E-007
1236.350400,1.5890E-007
1236.629200,1.8780E-007
1236.908000,1.4890E-007
1237.186800,1.4150E-007
1237.465600,1.8600E-007
1237.744400,1.7630E-007
1238.023200,1.6600E-007
1238.302000,1.6290E-007
1238.580800,1.1090E-007
1238.859600,1.8900E-007
1239.138400,1.6240E-007
1239.417200,1.3040E-007
1239.696000,1.7150E-007
1239.974800,2.0310E-007
1240.253600,1.5100E-007
1240.532400,1.7710E-007
1240.811200,1.4280E-007
1241.090000,1.9080E-007
1241.368800,1.7260E-007
1241.647600,1.3750E-007
1241.926400,1.9140E-007
1242.205200,1.5180E-007
1242.484000,1.6890E-007
1242.762800,1.7270E-007
1243.041600,1.4030E-007
1243.320400,2.0620E-007
1243.599200,1.2760E-007
1243.878000,1.8420E-007
1244.156800,1.8520E-007
1244.435600,1.6160E-007
1244.714400,1.4590E-007
1244.993200,1.9170E-007
1245.272000,1.4330E-007
1245.550800,2.0450E-007
1245.829600,1.3690E-007
1246.108400,1.9750E-007
1246.387200,1.7370E-007
1246.666000,1.2010E-007
1246.944800,1.9300E-007
1247.223600,1.6940E-007
1247.502400,1.5870E-007
1247.781200,1.9820E-007
1248.060000,1.6920E-007
1248.338800,1.2570E-007
1248.617600,1.5520E-007
1248.896400,1.7920E-007
1249.175200,1.6420E-007
1249.454000,1.5170E-007
1249.732800,1.9960E-007
1250.011600,1.8990E-007
1250.290400,2.0150E-007
1250.569200,1.3620E-007
1250.848000,1.8680E-007
1251.126800,1.9640E-007
1251.405600,2.2850E-007
1251.684400,1.3110E-007
1251.963200,1.5340E-007
1252.242000,1.4800E-007
1252.520800,1.7320E-007
1252.799600,1.4300E-007
1253.078400,1.3470E-007
1253.357200,1.5140E-007
1253.636000,1.5270E-007
1253.914800,1.3810E-007
1254.193600,1.8610E-007
1254.472400,1.4770E-007
1254.751200,1.6360E-007
1255.030000,1.3870E-007
1255.308800,1.8320E-007
1255.587600,1.7980E-007
1255.866400,1.4700E-007
1256.145200,1.5130E-007
1256.424000,1.9410E-007
1256.702800,1.2870E-007
1256.981600,1.8930E-007
1257.260400,1.4400E-007
1257.539200,1.6270E-007
1257.818000,1.5620E-007
1258.096800,1.7640E-007
1258.375600,1.4840E-007
1258.654400,1.6200E-007
1258.933200,1.5790E-007
1259.212000,1.4850E-007
1259.490800,1.4060E-007
1259.769600,1.7510E-007
1260.048400,1.6880E-007
1260.327200,1.5550E-007
1260.606000,1.5920E-007
1260.884800,2.1850E-007
1261.163600,1.7270E-007
1261.442400,1.3330E-007
1261.721200,1.5410E-007
1262.000000,1.8190E-007
1262.278800,1.7590E-007
1262.557600,1.2690E-007
1262.836400,1.8090E-007
1263.115200,1.7190E-007
1263.394000,1.5470E-007
1263.672800,1.5010E-007
1263.951600,1.6870E-007
1264.230400,1.6050E-007
1264.509200,1.5300E-007
1264.788000,1.5420E-007
1265.066800,1.5140E-007
1265.345600,1.5030E-007
1265.624400,1.5580E-007
1265.903200,1.9280E-007
1266.182000,1.6160E-007
1266.460800,2.0040E-007
1266.739600,1.3130E-007
1267.018400,1.2000E-007
1267.297200,1.8510E-007
1267.576000,1.7360E-007
1267.854800,1.5110E-007
1268.133600,1.6720E-007
1268.412400,1.2530E-007
1268.691200,1.4880E-007
1268.970000,1.4290E-007
1269.248800,1.7520E-007
1269.527600,1.6390E-007
1269.806400,1.5130E-007
1270.085200,1.3850E-007
1270.364000,1.6390E-007
1270.642800,1.4210E-007
1270.921600,1.8860E-007
1271.200400,1.8390E-007
1271.479200,1.7190E-007
1271.758000,1.6950E-007
1272.036800,1.5500E-007
1272.315600,1.6290E-007
1272.594400,1.6410E-007
1272.873200,1.8280E-007
1273.152000,1.5900E-007
1273.430800,1.6270E-007
1273.709600,1.4900E-007
1273.988400,1.5320E-007
1274.267200,1.5960E-007
1274.546000,1.7020E-007
1274.824800,1.6570E-007
1275.103600,1.4140E-007
1275.382400,1.9060E-007
1275.661200,1.7570E-007
1275.940000,2.1780E-007
1276.218800,1.8140E-007
1276.497600,1.2040E-007
1276.776400,1.7550E-007
1277.055200,1.7970E-007
1277.334000,1.8480E-007
1277.612800,1.7490E-007
1277.891600,1.0900E-007
1278.170400,1.8010E-007
1278.449200,1.6660E-007
1278.728000,1.3710E-007
1279.006800,2.0890E-007
1279.285600,1.5720E-007
1279.564400,1.1230E-007
1279.843200,1.2500E-007
1280.122000,2.1050E-007
1280.400800,1.9140E-007
1280.679600,1.8090E-007
1280.958400,1.8140E-007
1281.237200,1.8160E-007
1281.516000,1.3350E-007
1281.794800,9.7690E-008
1282.073600,1.9570E-007
1282.352400,1.1810E-007
1282.631200,1.5930E-007
1282.910000,1.6640E-007
1283.188800,1.4280E-007
1283.467600,1.9570E-007
1283.746400,1.8990E-007
1284.025200,1.6350E-007
1284.304000,1.7050E-007
1284.582800,1.3040E-007
1284.861600,1.8810E-007
1285.140400,1.3100E-007
1285.419200,2.0080E-007
1285.698000,1.0250E-007
1285.976800,1.8820E-007
1286.255600,1.7670E-007
1286.534400,1.6210E-007
1286.813200,1.8640E-007
1287.092000,1.1970E-007
1287.370800,1.6640E-007
1287.649600,1.5770E-007
1287.928400,1.5770E-007
1288.207200,1.5440E-007
1288.486000,1.3490E-007
1288.764800,1.3560E-007
1289.043600,1.5620E-007
1289.322400,1.1970E-007
1289.601200,1.6520E-007
1289.880000,1.6040E-007
1290.158800,1.8310E-007
1290.437600,1.5960E-007
1290.716400,1.4620E-007
1290.995200,1.1830E-007
1291.274000,1.1860E-007
1291.552800,1.8220E-007
1291.831600,2.2420E-007
1292.110400,1.8160E-007
1292.389200,1.6270E-007
1292.668000,1.3870E-007
1292.946800,1.3210E-007
1293.225600,1.8030E-007
1293.504400,1.5430E-007
1293.783200,1.7820E-007
1294.062000,1.5280E-007
1294.340800,1.6690E-007
1294.619600,1.9460E-007
1294.898400,1.3480E-007
1295.177200,1.4140E-007
1295.456000,1.4870E-007
1295.734800,1.6390E-007
1296.013600,1.4520E-007
1296.292400,1.7410E-007
1296.571200,1.5920E-007
1296.850000,1.7490E-007
1297.128800,1.4100E-007
1297.407600,1.9340E-007
1297.686400,1.0270E-007
1297.965200,1.6860E-007
1298.244000,2.1770E-007
1298.522800,1.6810E-007
1298.801600,1.3480E-007
1299.080400,1.7520E-007
1299.359200,1.4150E-007
1299.638000,1.4890E-007
1299.916800,1.4060E-007
1300.195600,1.4020E-007
1300.474400,1.4570E-007
1300.753200,1.5760E-007
1301.032000,1.5590E-007
1301.310800,1.4270E-007
1301.589600,1.7050E-007
1301.868400,1.5660E-007
1302.147200,1.6050E-007
1302.426000,1.6310E-007
1302.704800,1.4870E-007
1302.983600,1.5650E-007
1303.262400,1.4070E-007
1303.541200,1.8160E-007
1303.820000,1.3010E-007
1304.098800,1.7380E-007
1304.377600,1.5720E-007
1304.656400,1.6570E-007
1304.935200,1.9730E-007
1305.214000,1.2400E-007
1305.492800,1.6290E-007
1305.771600,1.4040E-007
1306.050400,1.6020E-007
1306.329200,1.5340E-007
1306.608000,1.3440E-007
1306.886800,1.2490E-007
1307.165600,1.4420E-007
1307.444400,1.6830E-007
1307.723200,1.3170E-007
1308.002000,1.3250E-007
1308.280800,1.7890E-007
1308.559600,1.8310E-007
1308.838400,1.6220E-007
1309.117200,1.3110E-007
1309.396000,1.3820E-007
1309.674800,1.4960E-007
1309.953600,1.7800E-007
1310.232400,1.1160E-007
1310.511200,1.4530E-007
1310.790000,1.6140E-007
1311.068800,1.6100E-007
1311.347600,1.5880E-007
1311.626400,1.9000E-007
1311.905200,1.3470E-007
1312.184000,1.3800E-007
1312.462800,1.7910E-007
1312.741600,1.4490E-007
1313.020400,1.2280E-007
1313.299200,1.7080E-007
1313.578000,1.1020E-007
1313.856800,1.6340E-007
1314.135600,1.4170E-007
1314.414400,1.5640E-007
1314.693200,1.5330E-007
1314.972000,1.6260E-007
1315.250800,1.4350E-007
1315.529600,1.6540E-007
1315.808400,1.3980E-007
1316.087200,1.2190E-007
1316.366000,1.8220E-007
1316.644800,2.0030E-007
1316.923600,9.5000E-008
1317.202400,1.7760E-007
1317.481200,1.6420E-007
1317.760000,1.1920E-007
1318.038800,1.6940E-007
1318.317600,1.4030E-007
1318.596400,1.7070E-007
1318.875200,1.4950E-007
1319.154000,1.6470E-007
1319.432800,1.9670E-007
1319.711600,1.2060E-007
1319.990400,1.6470E-007
1320.269200,1.4040E-007
1320.548000,1.7100E-007
1320.826800,1.2670E-007
1321.105600,1.8040E-007
1321.384400,1.6300E-007
1321.663200,1.4770E-007
1321.942000,1.6670E-007
1322.220800,1.3440E-007
1322.499600,1.6260E-007
1322.778400,1.2300E-007
1323.057200,1.6770E-007
1323.336000,1.4800E-007
1323.614800,1.4890E-007
1323.893600,1.9130E-007
1324.172400,1.4680E-007
1324.451200,1.3410E-007
1324.730000,1.5820E-007
1325.008800,1.3640E-007
1325.287600,1.4900E-007
1325.566400,1.4310E-007
1325.845200,1.3850E-007
1326.124000,8.7760E-008
1326.402800,2.1040E-007
1326.681600,1.2540E-007
1326.960400,1.6070E-007
1327.239200,1.7310E-007
1327.518000,1.8650E-007
1327.796800,1.6650E-007
1328.075600,1.6060E-007
1328.354400,1.7790E-007
1328.633200,1.5020E-007
1328.912000,1.3070E-007
1329.190800,1.4720E-007
1329.469600,1.0700E-007
1329.748400,1.1900E-007
1330.027200,1.5630E-007
1330.306000,1.3990E-007
1330.584800,1.3910E-007
1330.863600,1.8060E-007
1331.142400,1.4770E-007
1331.421200,1.3950E-007
1331.700000,1.6790E-007
1331.978800,1.4490E-007
1332.257600,1.6960E-007
1332.536400,1.6670E-007
1332.815200,1.4630E-007
1333.094000,1.2930E-007
1333.372800,1.4710E-007
1333.651600,1.1780E-007
1333.930400,1.6280E-007
1334.209200,1.6140E-007
1334.488000,1.1900E-007
1334.766800,1.3260E-007
1335.045600,1.4290E-007
1335.324400,1.5380E-007
1335.603200,1.6680E-007
1335.882000,1.3830E-007
1336.160800,1.3690E-007
1336.439600,1.5580E-007
1336.718400,1.3570E-007
1336.997200,1.5180E-007
1337.276000,1.5540E-007
1337.554800,9.8950E-008
1337.833600,1.6920E-007
1338.112400,1.6960E-007
1338.391200,1.9540E-007
1338.670000,1.2740E-007
1338.948800,2.0430E-007
1339.227600,1.7900E-007
1339.506400,1.4670E-007
1339.785200,1.5650E-007
1340.064000,1.4940E-007
1340.342800,1.6070E-007
1340.621600,1.9190E-007
1340.900400,1.7300E-007
1341.179200,1.7180E-007
1341.458000,1.4760E-007
1341.736800,1.8710E-007
1342.015600,1.7680E-007
1342.294400,1.4900E-007
1342.573200,1.8280E-007
1342.852000,1.8310E-007
1343.130800,1.5870E-007
1343.409600,2.4690E-007
1343.688400,1.9470E-007
1343.967200,1.6810E-007
1344.246000,1.3800E-007
1344.524800,1.9910E-007
1344.803600,1.6510E-007
1345.082400,1.9210E-007
1345.361200,1.8790E-007
1345.640000,1.9280E-007
1345.918800,1.9240E-007
1346.197600,1.9790E-007
1346.476400,1.8390E-007
1346.755200,1.6140E-007
1347.034000,1.7700E-007
1347.312800,1.2830E-007
1347.591600,1.6140E-007
1347.870400,2.0800E-007
1348.149200,2.3260E-007
1348.428000,2.1120E-007
1348.706800,2.0970E-007
1348.985600,1.8330E-007
1349.264400,2.1360E-007
1349.543200,2.1900E-007
1349.822000,2.0740E-007
1350.100800,1.9620E-007
1350.379600,2.3500E-007
1350.658400,2.6120E-007
1350.937200,2.1630E-007
1351.216000,2.2830E-007
1351.494800,2.3130E-007
1351.773600,2.1280E-007
1352.052400,2.8350E-007
1352.331200,3.3070E-007
1352.610000,2.7270E-007
1352.888800,3.1920E-007
1353.167600,3.0590E-007
1353.446400,3.2600E-007
1353.725200,3.1350E-007
1354.004000,3.9230E-007
1354.282800,3.5990E-007
1354.561600,3.5000E-007
1354.840400,3.2880E-007
1355.119200,4.2740E-007
1355.398000,4.9180E-007
1355.676800,4.8330E-007
1355.955600,4.7530E-007
1356.234400,4.7640E-007
1356.513200,5.4040E-007
1356.792000,5.3010E-007
1357.070800,5.4480E-007
1357.349600,5.6010E-007
1357.628400,6.6460E-007
1357.907200,6.3390E-007
1358.186000,7.0760E-007
1358.464800,6.5640E-007
1358.743600,7.0790E-007
1359.022400,7.7450E-007
1359.301200,7.1790E-007
1359.580000,6.8970E-007
1359.858800,7.8420E-007
1360.137600,8.4950E-007
1360.416400,8.9590E-007
1360.695200,9.1580E-007
1360.974000,8.5120E-007
1361.252800,9.0560E-007
1361.531600,8.7680E-007
1361.810400,7.8100E-007
1362.089200,8.8470E-007
1362.368000,8.3150E-007
1362.646800,9.3000E-007
1362.925600,1.1800E-006
1363.204400,1.1180E-006
1363.483200,1.2620E-006
1363.762000,1.3110E-006
1364.040800,1.3460E-006
1364.319600,1.3240E-006
1364.598400,1.1740E-006
1364.877200,1.4160E-006
1365.156000,1.5440E-006
1365.434800,1.5580E-006
1365.713600,1.7810E-006
1365.992400,1.9650E-006
1366.271200,1.9700E-006
1366.550000,1.9880E-006
1366.828800,1.9970E-006
1367.107600,2.1650E-006
1367.386400,2.1630E-006
1367.665200,2.1150E-006
1367.944000,2.3600E-006
1368.222800,2.5150E-006
1368.501600,2.3830E-006
1368.780400,2.6000E-006
1369.059200,3.2120E-006
1369.338000,3.1340E-006
1369.616800,3.5270E-006
1369.895600,2.8860E-006
1370.174400,3.3940E-006
1370.453200,3.6190E-006
1370.732000,3.2210E-006
1371.010800,3.2680E-006
1371.289600,4.0000E-006
1371.568400,4.0120E-006
1371.847200,4.2260E-006
1372.126000,3.8830E-006
1372.404800,4.5300E-006
1372.683600,4.9930E-006
1372.962400,5.4420E-006
1373.241200,5.3690E-006
1373.520000,5.5860E-006
1373.798800,6.0770E-006
1374.077600,5.8720E-006
1374.356400,6.2840E-006
1374.635200,6.3380E-006
1374.914000,6.6910E-006
1375.192800,6.8830E-006
1375.471600,6.8860E-006
1375.750400,6.7040E-006
1376.029200,7.2500E-006
1376.308000,7.6740E-006
1376.586800,7.9370E-006
1376.865600,7.5790E-006
1377.144400,7.7920E-006
1377.423200,8.4590E-006
1377.702000,8.6920E-006
1377.980800,9.4990E-006
1378.259600,9.0660E-006
1378.538400,8.4560E-006
1378.817200,8.8520E-006
1379.096000,9.5610E-006
1379.374800,9.9600E-006
1379.653600,1.0880E-005
1379.932400,1.0720E-005
1380.211200,1.1350E-005
1380.490000,8.5570E-006
1380.768800,8.4550E-006
1381.047600,1.0590E-005
1381.326400,1.2180E-005
1381.605200,1.2940E-005
1381.884000,1.2990E-005
1382.162800,1.2750E-005
1382.441600,1.0680E-005
1382.720400,9.9680E-006
1382.999200,1.2730E-005
1383.278000,1.5350E-005
1383.556800,1.5230E-005
1383.835600,1.5510E-005
1384.114400,1.6060E-005
1384.393200,1.6870E-005
1384.672000,1.7390E-005
1384.950800,1.6270E-005
1385.229600,1.5900E-005
1385.508400,1.7850E-005
1385.787200,1.7980E-005
1386.066000,1.8490E-005
1386.344800,1.8730E-005
1386.623600,1.9100E-005
1386.902400,2.0080E-005
1387.181200,2.0760E-005
1387.460000,2.1220E-005
1387.738800,1.8690E-005
1388.017600,1.7640E-005
1388.296400,1.9550E-005
1388.575200,2.1080E-005
1388.854000,2.3190E-005
1389.132800,2.2670E-005
1389.411600,2.3050E-005
1389.690400,2.2620E-005
1389.969200,2.2940E-005
1390.248000,2.4780E-005
1390.526800,2.5350E-005
1390.805600,2.5160E-005
1391.084400,2.6120E-005
1391.363200,2.6730E-005
1391.642000,2.7480E-005
1391.920800,2.6480E-005
1392.199600,2.4310E-005
1392.478400,2.3150E-005
1392.757200,2.6740E-005
1393.036000,2.8730E-005
1393.314800,2.9840E-005
1393.593600,3.0960E-005
1393.872400,3.0250E-005
1394.151200,3.1390E-005
1394.430000,3.0080E-005
1394.708800,2.7270E-005
1394.987600,2.8010E-005
1395.266400,2.8110E-005
1395.545200,2.9670E-005
1395.824000,3.2300E-005
1396.102800,3.0350E-005
1396.381600,2.6640E-005
1396.660400,3.0270E-005
1396.939200,3.2390E-005
1397.218000,3.4320E-005
1397.496800,3.4250E-005
1397.775600,3.5480E-005
1398.054400,3.6000E-005
1398.333200,3.6840E-005
1398.612000,3.5870E-005
1398.890800,3.6280E-005
1399.169600,3.6100E-005
1399.448400,3.2870E-005
1399.727200,3.4180E-005
1400.006000,3.5580E-005
1400.284800,3.5270E-005
1400.563600,2.9990E-005
1400.842400,3.3320E-005
1401.121200,3.7700E-005
1401.400000,3.6170E-005
1401.678800,3.7280E-005
1401.957600,3.8720E-005
1402.236400,3.9750E-005
1402.515200,3.9740E-005
1402.794000,3.9470E-005
1403.072800,4.1850E-005
1403.351600,4.0540E-005
1403.630400,4.1460E-005
1403.909200,4.0630E-005
1404.188000,3.9270E-005
1404.466800,3.9240E-005
1404.745600,3.3850E-005
1405.024400,3.2230E-005
1405.303200,3.8440E-005
1405.582000,4.0630E-005
1405.860800,4.1460E-005
1406.139600,4.2280E-005
1406.418400,4.1050E-005
1406.697200,4.0200E-005
1406.976000,3.7460E-005
1407.254800,3.6930E-005
1407.533600,3.8990E-005
1407.812400,4.2760E-005
1408.091200,4.2170E-005
1408.370000,4.1550E-005
1408.648800,4.1200E-005
1408.927600,4.0440E-005
1409.206400,3.7800E-005
1409.485200,3.7690E-005
1409.764000,3.8420E-005
1410.042800,4.0120E-005
1410.321600,4.1490E-005
1410.600400,4.1570E-005
1410.879200,4.1200E-005
1411.158000,4.1170E-005
1411.436800,4.1640E-005
1411.715600,4.1990E-005
1411.994400,4.1610E-005
1412.273200,4.0150E-005
1412.552000,4.2210E-005
1412.830800,4.1670E-005
1413.109600,4.1890E-005
1413.388400,4.1390E-005
1413.667200,4.1590E-005
1413.946000,3.8120E-005
1414.224800,3.8000E-005
1414.503600,3.9730E-005
1414.782400,4.0660E-005
1415.061200,4.1800E-005
1415.340000,4.1250E-005
1415.618800,4.3080E-005
1415.897600,4.3700E-005
1416.176400,4.3320E-005
1416.455200,4.3050E-005
1416.734000,4.3060E-005
1417.012800,4.3510E-005
1417.291600,4.2270E-005
1417.570400,4.2130E-005
1417.849200,4.3830E-005
1418.128000,4.3740E-005
1418.406800,4.3930E-005
1418.685600,4.3240E-005
1418.964400,4.2020E-005
1419.243200,4.3950E-005
1419.522000,4.3350E-005
1419.800800,4.2810E-005
1420.079600,4.4400E-005
1420.358400,4.5690E-005
1420.637200,4.3600E-005
1420.916000,4.4670E-005
1421.194800,4.4660E-005
1421.473600,4.4040E-005
1421.752400,4.5310E-005
1422.031200,4.6580E-005
1422.310000,4.6140E-005
1422.588800,4.5200E-005
1422.867600,4.6090E-005
1423.146400,4.6160E-005
1423.425200,4.7120E-005
1423.704000,4.5050E-005
1423.982800,4.5440E-005
1424.261600,4.7680E-005
1424.540400,4.8240E-005
1424.819200,4.9960E-005
1425.098000,4.9350E-005
1425.376800,4.9340E-005
1425.655600,4.9970E-005
1425.934400,4.9710E-005
1426.213200,5.1120E-005
1426.492000,5.1160E-005
1426.770800,5.1880E-005
1427.049600,5.2140E-005
1427.328400,5.1650E-005
1427.607200,5.2860E-005
1427.886000,5.3480E-005
1428.164800,5.3350E-005
1428.443600,5.3780E-005
1428.722400,5.4810E-005
1429.001200,5.4990E-005
1429.280000,5.6720E-005
1429.558800,5.5270E-005
1429.837600,5.5830E-005
1430.116400,5.6870E-005
1430.395200,5.7560E-005
1430.674000,5.6400E-005
1430.952800,5.6150E-005
1431.231600,5.6540E-005
1431.510400,5.7470E-005
1431.789200,5.6030E-005
1432.068000,5.7720E-005
1432.346800,5.6150E-005
1432.625600,5.7250E-005
1432.904400,5.9190E-005
1433.183200,6.1390E-005
1433.462000,6.1290E-005
1433.740800,6.0130E-005
1434.019600,6.1380E-005
1434.298400,6.1470E-005
1434.577200,6.3510E-005
1434.856000,6.5530E-005
1435.134800,6.4480E-005
1435.413600,6.5600E-005
1435.692400,6.6930E-005
1435.971200,6.6620E-005
1436.250000,6.6840E-005
1436.528800,6.8520E-005
1436.807600,6.9060E-005
1437.086400,7.1130E-005
1437.365200,7.0070E-005
1437.644000,6.9300E-005
1437.922800,7.1970E-005
1438.201600,7.3540E-005
1438.480400,7.5010E-005
1438.759200,7.5540E-005
1439.038000,7.5220E-005
1439.316800,7.5880E-005
1439.595600,7.5710E-005
1439.874400,7.5060E-005
1440.153200,7.6980E-005
1440.432000,7.8360E-005
1440.710800,7.6980E-005
1440.989600,7.8240E-005
1441.268400,7.7110E-005
1441.547200,7.7210E-005
1441.826000,8.0950E-005
1442.104800,8.2890E-005
1442.383600,8.2870E-005
1442.662400,8.1820E-005
1442.941200,8.3640E-005
1443.220000,8.5680E-005
1443.498800,8.5960E-005
1443.777600,8.7720E-005
1444.056400,8.7370E-005
1444.335200,8.9660E-005
1444.614000,8.7830E-005
1444.892800,9.0500E-005
1445.171600,8.9140E-005
1445.450400,8.5580E-005
1445.729200,8.6400E-005
1446.008000,9.1250E-005
1446.286800,9.4330E-005
1446.565600,9.5180E-005
1446.844400,9.7960E-005
1447.123200,9.8170E-005
1447.402000,9.9290E-005
1447.680800,1.0330E-004
1447.959600,1.0570E-004
1448.238400,1.0470E-004
1448.517200,1.0620E-004
1448.796000,1.0590E-004
1449.074800,1.0590E-004
1449.353600,1.0790E-004
1449.632400,1.0620E-004
1449.911200,1.0860E-004
1450.190000,1.0990E-004
1450.468800,1.0930E-004
1450.747600,1.0880E-004
1451.026400,1.1260E-004
1451.305200,1.1460E-004
1451.584000,1.1880E-004
1451.862800,1.1780E-004
1452.141600,1.1970E-004
1452.420400,1.2540E-004
1452.699200,1.2770E-004
1452.978000,1.2920E-004
1453.256800,1.2980E-004
1453.535600,1.3390E-004
1453.814400,1.3140E-004
1454.093200,1.3190E-004
1454.372000,1.3010E-004
1454.650800,1.3390E-004
1454.929600,1.3400E-004
1455.208400,1.3210E-004
1455.487200,1.3490E-004
1455.766000,1.4060E-004
1456.044800,1.4530E-004
1456.323600,1.4630E-004
1456.602400,1.4970E-004
1456.881200,1.5370E-004
1457.160000,1.5560E-004
1457.438800,1.5720E-004
1457.717600,1.5490E-004
1457.996400,1.6060E-004
1458.275200,1.5720E-004
1458.554000,1.6040E-004
1458.832800,1.6250E-004
1459.111600,1.6210E-004
1459.390400,1.6750E-004
1459.669200,1.6550E-004
1459.948000,1.6970E-004
1460.226800,1.6830E-004
1460.505600,1.7140E-004
1460.784400,1.7640E-004
1461.063200,1.7950E-004
1461.342000,1.8620E-004
1461.620800,1.8970E-004
1461.899600,2.0040E-004
1462.178400,2.0230E-004
1462.457200,2.1300E-004
1462.736000,2.1330E-004
1463.014800,2.1280E-004
1463.293600,2.0780E-004
1463.572400,2.1370E-004
1463.851200,2.1610E-004
1464.130000,2.1560E-004
1464.408800,2.1310E-004
1464.687600,2.1690E-004
1464.966400,2.1860E-004
1465.245200,2.1930E-004
1465.524000,2.2800E-004
1465.802800,2.3150E-004
1466.081600,2.4120E-004
1466.360400,2.5040E-004
1466.639200,2.5990E-004
1466.918000,2.6300E-004
1467.196800,2.6790E-004
1467.475600,2.6980E-004
1467.754400,2.7580E-004
1468.033200,2.7450E-004
1468.312000,2.7430E-004
1468.590800,2.7120E-004
1468.869600,2.6580E-004
1469.148400,2.7320E-004
1469.427200,2.6990E-004
1469.706000,2.7560E-004
1469.984800,2.7510E-004
1470.263600,2.8050E-004
1470.542400,2.9330E-004
1470.821200,3.0180E-004
1471.100000,3.1220E-004
1471.378800,3.3240E-004
1471.657600,3.4340E-004
1471.936400,3.4300E-004
1472.215200,3.4840E-004
1472.494000,3.6460E-004
1472.772800,3.6150E-004
1473.051600,3.6310E-004
1473.330400,3.5310E-004
1473.609200,3.4320E-004
1473.888000,3.4510E-004
1474.166800,3.4530E-004
1474.445600,3.4480E-004
1474.724400,3.5240E-004
1475.003200,3.7340E-004
1475.282000,3.7570E-004
1475.560800,3.9020E-004
1475.839600,3.9530E-004
1476.118400,4.1430E-004
1476.397200,4.2410E-004
1476.676000,4.4170E-004
1476.954800,4.5550E-004
1477.233600,4.7450E-004
1477.512400,4.5550E-004
1477.791200,4.4920E-004
1478.070000,4.7760E-004
1478.348800,4.3760E-004
1478.627600,4.6010E-004
1478.906400,4.4880E-004
1479.185200,4.3560E-004
1479.464000,4.3160E-004
1479.742800,4.5320E-004
1480.021600,4.3580E-004
1480.300400,4.3600E-004
1480.579200,4.6820E-004
1480.858000,5.0010E-004
1481.136800,5.2010E-004
1481.415600,5.3950E-004
1481.694400,5.4760E-004
1481.973200,5.5560E-004
1482.252000,5.4480E-004
1482.530800,5.4900E-004
1482.809600,5.5920E-004
1483.088400,5.2340E-004
1483.367200,5.2160E-004
1483.646000,5.2110E-004
1483.924800,5.1670E-004
1484.203600,5.1010E-004
1484.482400,5.0120E-004
1484.761200,5.1160E-004
1485.040000,4.9970E-004
1485.318800,5.1910E-004
1485.597600,5.3300E-004
1485.876400,5.6020E-004
1486.155200,6.2310E-004
1486.434000,6.0380E-004
1486.712800,6.6960E-004
1486.991600,7.1110E-004
1487.270400,6.8610E-004
1487.549200,7.1360E-004
1487.828000,7.1060E-004
1488.106800,6.7410E-004
1488.385600,7.0280E-004
1488.664400,6.0700E-004
1488.943200,5.9520E-004
1489.222000,5.8260E-004
1489.500800,5.9460E-004
1489.779600,6.0900E-004
1490.058400,6.0830E-004
1490.337200,6.4020E-004
1490.616000,6.5000E-004
1490.894800,7.5200E-004
1491.173600,7.6220E-004
1491.452400,7.6620E-004
1491.731200,8.3460E-004
1492.010000,7.9140E-004
1492.288800,8.0340E-004
1492.567600,8.7960E-004
1492.846400,8.3640E-004
1493.125200,8.7410E-004
1493.404000,8.5430E-004
1493.682800,8.3030E-004
1493.961600,7.8870E-004
1494.240400,7.6070E-004
1494.519200,7.5700E-004
1494.798000,7.3710E-004
1495.076800,6.7840E-004
1495.355600,6.6800E-004
1495.634400,6.5710E-004
1495.913200,7.2510E-004
1496.192000,7.1760E-004
1496.470800,8.3790E-004
1496.749600,8.7900E-004
1497.028400,9.3550E-004
1497.307200,9.8650E-004
1497.586000,1.0080E-003
1497.864800,9.3790E-004
1498.143600,9.4040E-004
1498.422400,9.5010E-004
1498.701200,8.5240E-004
1498.980000,8.2920E-004
1499.258800,8.3360E-004
1499.537600,8.1920E-004
1499.816400,7.7050E-004
1500.095200,7.5560E-004
1500.374000,7.6390E-004
1500.652800,7.9160E-004
1500.931600,8.1560E-004
1501.210400,8.3210E-004
1501.489200,8.9070E-004
1501.768000,9.2850E-004
1502.046800,9.6550E-004
1502.325600,1.0280E-003
1502.604400,1.2030E-003
1502.883200,1.1200E-003
1503.162000,1.3100E-003
1503.440800,1.2860E-003
1503.719600,1.2080E-003
1503.998400,1.2350E-003
1504.277200,1.1110E-003
1504.556000,1.0420E-003
1504.834800,9.7450E-004
1505.113600,9.1960E-004
1505.392400,8.8820E-004
1505.671200,8.5900E-004
1505.950000,1.0230E-003
1506.228800,1.0220E-003
1506.507600,1.0760E-003
1506.786400,1.2570E-003
1507.065200,1.1960E-003
1507.344000,1.3450E-003
1507.622800,1.4260E-003
1507.901600,1.4160E-003
1508.180400,1.5200E-003
1508.459200,1.4800E-003
1508.738000,1.3490E-003
1509.016800,1.5270E-003
1509.295600,1.2610E-003
1509.574400,1.4000E-003
1509.853200,1.4460E-003
1510.132000,1.3240E-003
1510.410800,1.2300E-003
1510.689600,1.2490E-003
1510.968400,1.2240E-003
1511.247200,1.1300E-003
1511.526000,1.2530E-003
1511.804800,1.3380E-003
1512.083600,1.2190E-003
1512.362400,1.4960E-003
1512.641200,1.5870E-003
1512.920000,1.3540E-003
1513.198800,1.8550E-003
1513.477600,1.6830E-003
1513.756400,1.6870E-003
1514.035200,1.9160E-003
1514.314000,1.6510E-003
1514.592800,1.7320E-003
1514.871600,1.5380E-003
1515.150400,1.5160E-003
1515.429200,1.5340E-003
1515.708000,1.2860E-003
1515.986800,1.4430E-003
1516.265600,1.2960E-003
1516.544400,1.2780E-003
1516.823200,1.4270E-003
1517.102000,1.2940E-003
1517.380800,1.5240E-003
1517.659600,1.7310E-003
1517.938400,1.5790E-003
1518.217200,1.9410E-003
1518.496000,1.7790E-003
1518.774800,2.0720E-003
1519.053600,2.2030E-003
1519.332400,1.9120E-003
1519.611200,2.1390E-003
1519.890000,1.8720E-003
1520.168800,1.7580E-003
1520.447600,1.8290E-003
1520.726400,1.6510E-003
1521.005200,1.7100E-003
1521.284000,1.5750E-003
1521.562800,1.4130E-003
1521.841600,1.7350E-003
1522.120400,1.4050E-003
1522.399200,1.5950E-003
1522.678000,1.6670E-003
1522.956800,1.6420E-003
1523.235600,2.1510E-003
1523.514400,2.0990E-003
1523.793200,1.9590E-003
1524.072000,2.3240E-003
1524.350800,2.2270E-003
1524.629600,2.1880E-003
1524.908400,2.3690E-003
1525.187200,1.9630E-003
1525.466000,2.1210E-003
1525.744800,1.9780E-003
1526.023600,1.8560E-003
1526.302400,1.7960E-003
1526.581200,1.6720E-003
1526.860000,1.6470E-003
1527.138800,1.5970E-003
1527.417600,1.6880E-003
1527.696400,1.8200E-003
1527.975200,1.7470E-003
1528.254000,1.7960E-003
1528.532800,2.2110E-003
1528.811600,2.2490E-003
1529.090400,2.5670E-003
1529.369200,2.8070E-003
1529.648000,2.4910E-003
1529.926800,3.1520E-003
1530.205600,2.6160E-003
1530.484400,2.6010E-003
1530.763200,2.5750E-003
1531.042000,2.3280E-003
1531.320800,2.2720E-003
1531.599600,1.9570E-003
1531.878400,1.9450E-003
1532.157200,2.0190E-003
1532.436000,1.9300E-003
1532.714800,1.9180E-003
1532.993600,2.3250E-003
1533.272400,2.5160E-003
1533.551200,2.3890E-003
1533.830000,2.7250E-003
1534.108800,2.8630E-003
1534.387600,2.4610E-003
1534.666400,2.5530E-003
1534.945200,3.0430E-003
1535.224000,2.3250E-003
1535.502800,2.0990E-003
1535.781600,2.2610E-003
1536.060400,2.1230E-003
1536.339200,1.9120E-003
1536.618000,1.7190E-003
1536.896800,1.8540E-003
1537.175600,1.9160E-003
1537.454400,1.9720E-003
1537.733200,1.9390E-003
1538.012000,2.3150E-003
1538.290800,2.5850E-003
1538.569600,1.8850E-003
1538.848400,2.5570E-003
1539.127200,2.3970E-003
1539.406000,3.2060E-003
1539.684800,3.3320E-003
1539.963600,2.7480E-003
1540.242400,2.6300E-003
1540.521200,3.2970E-003
1540.800000,3.5970E-003
1541.078800,2.3110E-003
1541.357600,2.1830E-003
1541.636400,2.5010E-003
1541.915200,2.9590E-003
1542.194000,3.6050E-003
1542.472800,4.9990E-003
1542.751600,7.7640E-003
1543.030400,6.7710E-003
1543.309200,1.0120E-002
1543.588000,1.3400E-002
1543.866800,1.0260E-002
1544.145600,7.9660E-003
1544.424400,5.1500E-003
1544.703200,3.6700E-003
1544.982000,4.9770E-003
1545.260800,5.7100E-003
1545.539600,4.9520E-003
1545.818400,4.9330E-003
1546.097200,4.1610E-003
1546.376000,3.2000E-003
1546.654800,3.0570E-003
1546.933600,2.6050E-003
1547.212400,2.2410E-003
1547.491200,2.9230E-003
1547.770000,2.9910E-003
1548.048800,3.5450E-003
1548.327600,3.8630E-003
1548.606400,4.1060E-003
1548.885200,5.6090E-003
1549.164000,3.7210E-003
1549.442800,3.1710E-003
1549.721600,3.5900E-003
1550.000400,4.2630E-003
1550.279200,5.4200E-003
1550.558000,5.9590E-003
1550.836800,4.9020E-003
1551.115600,5.3700E-003
1551.394400,3.7150E-003
1551.673200,2.8200E-003
1551.952000,3.1810E-003
1552.230800,3.6460E-003
1552.509600,4.4980E-003
1552.788400,6.0140E-003
1553.067200,4.1850E-003
1553.346000,3.7990E-003
1553.624800,2.7840E-003
1553.903600,3.3780E-003
1554.182400,5.1110E-003
1554.461200,5.5880E-003
1554.740000,5.3800E-003
1555.018800,7.2630E-003
1555.297600,4.7870E-003
1555.576400,5.0610E-003
1555.855200,4.0220E-003
1556.134000,4.0960E-003
1556.412800,4.0910E-003
1556.691600,4.0270E-003
1556.970400,4.3720E-003
1557.249200,4.2290E-003
1557.528000,4.4890E-003
1557.806800,5.7930E-003
1558.085600,6.9650E-003
1558.364400,6.6890E-003
1558.643200,9.7550E-003
1558.922000,9.6760E-003
1559.200800,6.8320E-003
1559.479600,7.6340E-003
1559.758400,5.1530E-003
1560.037200,4.9620E-003
1560.316000,6.2980E-003
1560.594800,6.3190E-003
1560.873600,7.7120E-003
1561.152400,9.3330E-003
1561.431200,7.1820E-003
1561.710000,6.4110E-003
1561.988800,5.3820E-003
1562.267600,4.4730E-003
1562.546400,4.8390E-003
1562.825200,3.9340E-003
1563.104000,3.1800E-003
1563.382800,3.5150E-003
1563.661600,3.0740E-003
1563.940400,5.0660E-003
1564.219200,6.2570E-003
1564.498000,5.2520E-003
1564.776800,7.7010E-003
1565.055600,6.3040E-003
1565.334400,4.1610E-003
1565.613200,4.5730E-003
1565.892000,4.9430E-003
1566.170800,7.8700E-003
1566.449600,1.0000E-002
1566.728400,8.2120E-003
1567.007200,7.7090E-003
1567.286000,7.7940E-003
1567.564800,6.1550E-003
1567.843600,9.4360E-003
1568.122400,9.6070E-003
1568.401200,7.7470E-003
1568.680000,9.0980E-003
1568.958800,5.2830E-003
1569.237600,4.0780E-003
1569.516400,3.2910E-003
1569.795200,3.4530E-003
1570.074000,4.6280E-003
1570.352800,4.5010E-003
1570.631600,3.6270E-003
1570.910400,3.7460E-003
1571.189200,2.9280E-003
1571.468000,3.3070E-003
1571.746800,4.2700E-003
1572.025600,4.7140E-003
1572.304400,4.0520E-003
1572.583200,3.1050E-003
1572.862000,3.5690E-003
1573.140800,3.8730E-003
1573.419600,3.2340E-003
1573.698400,3.0240E-003
1573.977200,2.7130E-003
1574.256000,2.3730E-003
1574.534800,2.2410E-003
1574.813600,2.0350E-003
1575.092400,2.3390E-003
1575.371200,2.4580E-003
1575.650000,2.5290E-003
1575.928800,2.8570E-003
1576.207600,2.7200E-003
1576.486400,3.1990E-003
1576.765200,2.8180E-003
1577.044000,3.0930E-003
1577.322800,2.5540E-003
1577.601600,2.5640E-003
1577.880400,3.1790E-003
1578.159200,2.5140E-003
1578.438000,2.6160E-003
1578.716800,2.9820E-003
1578.995600,2.5530E-003
1579.274400,3.0070E-003
1579.553200,3.1890E-003
1579.832000,2.2500E-003
1580.110800,2.6770E-003
1580.389600,2.8340E-003
1580.668400,2.5890E-003
1580.947200,2.5350E-003
1581.226000,2.8890E-003
1581.504800,2.9560E-003
1581.783600,2.9780E-003
1582.062400,2.9480E-003
1582.341200,3.4710E-003
1582.620000,3.0810E-003
1582.898800,3.3090E-003
1583.177600,3.7720E-003
1583.456400,2.7800E-003
1583.735200,2.8820E-003
1584.014000,3.3110E-003
1584.292800,2.4370E-003
1584.571600,2.4820E-003
1584.850400,2.9760E-003
1585.129200,2.3350E-003
1585.408000,2.4840E-003
1585.686800,2.5240E-003
1585.965600,2.1020E-003
1586.244400,2.1330E-003
1586.523200,2.1530E-003
1586.802000,2.1460E-003
1587.080800,2.2640E-003
1587.359600,2.2820E-003
1587.638400,2.6940E-003
1587.917200,2.8660E-003
1588.196000,2.5540E-003
1588.474800,2.4860E-003
1588.753600,3.1730E-003
1589.032400,2.6790E-003
1589.311200,2.7720E-003
1589.590000,3.0610E-003
1589.868800,2.7290E-003
1590.147600,2.6530E-003
1590.426400,2.5620E-003
1590.705200,2.3040E-003
1590.984000,2.0500E-003
1591.262800,2.2260E-003
1591.541600,1.9370E-003
1591.820400,2.0990E-003
1592.099200,2.1470E-003
1592.378000,2.0430E-003
1592.656800,2.3620E-003
1592.935600,2.7500E-003
1593.214400,2.7350E-003
1593.493200,3.1780E-003
1593.772000,3.1830E-003
1594.050800,3.0980E-003
1594.329600,3.9690E-003
1594.608400,2.8770E-003
1594.887200,2.9180E-003
1595.166000,3.6530E-003
1595.444800,3.1420E-003
1595.723600,2.3290E-003
1596.002400,2.5690E-003
1596.281200,2.4060E-003
1596.560000,1.9630E-003
1596.838800,1.9000E-003
1597.117600,1.7460E-003
1597.396400,1.8190E-003
1597.675200,1.9410E-003
1597.954000,1.8840E-003
1598.232800,2.2570E-003
1598.511600,2.5980E-003
1598.790400,2.4020E-003
1599.069200,2.7340E-003
1599.348000,2.9020E-003
1599.626800,2.7600E-003
1599.905600,3.2990E-003
1600.184400,2.9930E-003
1600.463200,2.7770E-003
1600.742000,3.2870E-003
1601.020800,2.8600E-003
1601.299600,2.7420E-003
1601.578400,2.5070E-003
1601.857200,2.0090E-003
1602.136000,1.9290E-003
1602.414800,1.8190E-003
1602.693600,1.6840E-003
1602.972400,1.6720E-003
1603.251200,1.7490E-003
1603.530000,1.8220E-003
1603.808800,1.8700E-003
1604.087600,2.4940E-003
1604.366400,2.3860E-003
1604.645200,2.5740E-003
1604.924000,2.9050E-003
1605.202800,2.3700E-003
1605.481600,2.5290E-003
1605.760400,2.7500E-003
1606.039200,2.4380E-003
1606.318000,2.6130E-003
1606.596800,2.5640E-003
1606.875600,2.1200E-003
1607.154400,2.2160E-003
1607.433200,1.8570E-003
1607.712000,1.7740E-003
1607.990800,1.7900E-003
1608.269600,1.7080E-003
1608.548400,1.4150E-003
1608.827200,1.7490E-003
1609.106000,1.6610E-003
1609.384800,1.6430E-003
1609.663600,1.7950E-003
1609.942400,1.9070E-003
1610.221200,1.9700E-003
1610.500000,2.2280E-003
1610.778800,2.2700E-003
1611.057600,1.8960E-003
1611.336400,2.1370E-003
1611.615200,1.9580E-003
1611.894000,1.9070E-003
1612.172800,1.8330E-003
1612.451600,1.6100E-003
1612.730400,1.5700E-003
1613.009200,1.5110E-003
1613.288000,1.4590E-003
1613.566800,1.3800E-003
1613.845600,1.4540E-003
1614.124400,1.3830E-003
1614.403200,1.3550E-003
1614.682000,1.5540E-003
1614.960800,1.4260E-003
1615.239600,1.5420E-003
1615.518400,1.9670E-003
1615.797200,1.9400E-003
1616.076000,1.7190E-003
1616.354800,1.8440E-003
1616.633600,1.9890E-003
1616.912400,1.7590E-003
1617.191200,1.8310E-003
1617.470000,1.7310E-003
1617.748800,1.5060E-003
1618.027600,1.4460E-003
1618.306400,1.3310E-003
1618.585200,1.2170E-003
1618.864000,1.2650E-003
1619.142800,1.3730E-003
1619.421600,1.4020E-003
1619.700400,1.3940E-003
1619.979200,1.1720E-003
1620.258000,1.5160E-003
1620.536800,1.5960E-003
1620.815600,1.4360E-003
1621.094400,1.6250E-003
1621.373200,1.7350E-003
1621.652000,1.5970E-003
1621.930800,1.7340E-003
1622.209600,1.8680E-003
1622.488400,1.7160E-003
1622.767200,1.7060E-003
1623.046000,1.6460E-003
1623.324800,1.7110E-003
1623.603600,1.4950E-003
1623.882400,1.4190E-003
1624.161200,1.4040E-003
1624.440000,1.2110E-003
1624.718800,1.3120E-003
1624.997600,1.2730E-003
1625.276400,1.3920E-003
1625.555200,1.4530E-003
1625.834000,1.3570E-003
1626.112800,1.5090E-003
1626.391600,1.6240E-003
1626.670400,1.5200E-003
1626.949200,1.7710E-003
1627.228000,1.6890E-003
1627.506800,1.7180E-003
1627.785600,1.6240E-003
1628.064400,1.8660E-003
1628.343200,1.6410E-003
1628.622000,1.5430E-003
1628.900800,1.7930E-003
1629.179600,1.4480E-003
1629.458400,1.2680E-003
1629.737200,1.5080E-003
1630.016000,1.2510E-003
1630.294800,1.3130E-003
1630.573600,1.3090E-003
1630.852400,1.3160E-003
1631.131200,1.3710E-003
1631.410000,1.5410E-003
1631.688800,1.4470E-003
1631.967600,1.6340E-003
1632.246400,1.7040E-003
1632.525200,1.6040E-003
1632.804000,1.5350E-003
1633.082800,1.7730E-003
1633.361600,1.6530E-003
1633.640400,1.6540E-003
1633.919200,1.7400E-003
1634.198000,1.5330E-003
1634.476800,1.5890E-003
1634.755600,1.7360E-003
1635.034400,1.6730E-003
1635.313200,1.5640E-003
1635.592000,1.6470E-003
1635.870800,1.4660E-003
1636.149600,1.3600E-003
1636.428400,1.2850E-003
1636.707200,1.3620E-003
1636.986000,1.4390E-003
1637.264800,1.4950E-003
1637.543600,1.4330E-003
1637.822400,1.5850E-003
1638.101200,1.7100E-003
1638.380000,1.5580E-003
1638.658800,1.6430E-003
1638.937600,1.7010E-003
1639.216400,1.5860E-003
1639.495200,1.6360E-003
1639.774000,1.6690E-003
1640.052800,1.5760E-003
1640.331600,1.4700E-003
1640.610400,1.5730E-003
1640.889200,1.5080E-003
1641.168000,1.3770E-003
1641.446800,1.4960E-003
1641.725600,1.4880E-003
1642.004400,1.4120E-003
1642.283200,1.4460E-003
1642.562000,1.4730E-003
1642.840800,1.4030E-003
1643.119600,1.4430E-003
1643.398400,1.4840E-003
1643.677200,1.4700E-003
1643.956000,1.6690E-003
1644.234800,1.6780E-003
1644.513600,1.6260E-003
1644.792400,1.5640E-003
1645.071200,1.6780E-003
1645.350000,1.5530E-003
1645.628800,1.5680E-003
1645.907600,1.6610E-003
1646.186400,1.4650E-003
1646.465200,1.3860E-003
1646.744000,1.5400E-003
1647.022800,1.3870E-003
1647.301600,1.4390E-003
1647.580400,1.4980E-003
1647.859200,1.3540E-003
1648.138000,1.3460E-003
1648.416800,1.4130E-003
1648.695600,1.3580E-003
1648.974400,1.4790E-003
1649.253200,1.4890E-003
1649.532000,1.4530E-003
1649.810800,1.3260E-003
1650.089600,1.4600E-003
1650.368400,1.4710E-003
1650.647200,1.5220E-003
1650.926000,1.3830E-003
1651.204800,1.4400E-003
1651.483600,1.4320E-003
1651.762400,1.4180E-003
1652.041200,1.4400E-003
1652.320000,1.3560E-003
1652.598800,1.3600E-003
1652.877600,1.3730E-003
1653.156400,1.2900E-003
1653.435200,1.3440E-003
1653.714000,1.2980E-003
1653.992800,1.3320E-003
1654.271600,1.2580E-003
1654.550400,1.2790E-003
1654.829200,1.2760E-003
1655.108000,1.2780E-003
1655.386800,1.2690E-003
1655.665600,1.2180E-003
1655.944400,1.2310E-003
1656.223200,1.2310E-003
1656.502000,1.2670E-003
1656.780800,1.2520E-003
1657.059600,1.2820E-003
1657.338400,1.1930E-003
1657.617200,1.2120E-003
1657.896000,1.2270E-003
1658.174800,1.1940E-003
1658.453600,1.1910E-003
1658.732400,1.1390E-003
1659.011200,1.1000E-003
1659.290000,1.1000E-003
1659.568800,1.1250E-003
1659.847600,1.1270E-003
1660.126400,1.0370E-003
1660.405200,1.1080E-003
1660.684000,1.0400E-003
1660.962800,1.0420E-003
1661.241600,1.0310E-003
1661.520400,1.0470E-003
1661.799200,1.0690E-003
1662.078000,1.0180E-003
1662.356800,1.0310E-003
1662.635600,9.9680E-004
1662.914400,1.0240E-003
1663.193200,9.9030E-004
1663.472000,9.5690E-004
1663.750800,9.4380E-004
1664.029600,9.6740E-004
1664.308400,9.0620E-004
1664.587200,9.1160E-004
1664.866000,9.2140E-004
1665.144800,8.5290E-004
1665.423600,8.8100E-004
1665.702400,8.8840E-004
1665.981200,8.4340E-004
1666.260000,7.8770E-004
1666.538800,8.3140E-004
1666.817600,8.2540E-004
1667.096400,7.9490E-004
1667.375200,7.9450E-004
1667.654000,8.5560E-004
1667.932800,7.8760E-004
1668.211600,8.1300E-004
1668.490400,7.8410E-004
1668.769200,7.4210E-004
1669.048000,7.7320E-004
1669.326800,7.7260E-004
1669.605600,7.2390E-004
1669.884400,7.2540E-004
1670.163200,7.1690E-004
1670.442000,6.7450E-004
1670.720800,6.8520E-004
1670.999600,6.6260E-004
1671.278400,6.5520E-004
1671.557200,6.3150E-004
1671.836000,6.0690E-004
1672.114800,6.1600E-004
1672.393600,5.7910E-004
1672.672400,5.8690E-004
1672.951200,6.2820E-004
1673.230000,5.9590E-004
1673.508800,6.0800E-004
1673.787600,5.9200E-004
1674.066400,5.6950E-004
1674.345200,5.9040E-004
1674.624000,5.7800E-004
1674.902800,5.7150E-004
1675.181600,5.3600E-004
1675.460400,5.2710E-004
1675.739200,5.4540E-004
1676.018000,5.4620E-004
1676.296800,5.1020E-004
1676.575600,4.7530E-004
1676.854400,4.6380E-004
1677.133200,5.2170E-004
1677.412000,4.6510E-004
1677.690800,4.5720E-004
1677.969600,4.4680E-004
1678.248400,4.5920E-004
1678.527200,4.6140E-004
1678.806000,4.7290E-004
1679.084800,4.4360E-004
1679.363600,4.4240E-004
1679.642400,4.0140E-004
1679.921200,4.4900E-004
1680.200000,4.3270E-004
1680.478800,4.3790E-004
1680.757600,4.2770E-004
1681.036400,4.4540E-004
1681.315200,4.1100E-004
1681.594000,4.0300E-004
1681.872800,3.8620E-004
1682.151600,3.9320E-004
1682.430400,3.6880E-004
1682.709200,3.8370E-004
1682.988000,3.6980E-004
1683.266800,3.5320E-004
1683.545600,3.4750E-004
1683.824400,3.5370E-004
1684.103200,3.4180E-004
1684.382000,3.4160E-004
1684.660800,3.2870E-004
1684.939600,3.1760E-004
1685.218400,3.0910E-004
1685.497200,3.0090E-004
1685.776000,3.1460E-004
1686.054800,3.0890E-004
1686.333600,3.0030E-004
1686.612400,3.0400E-004
1686.891200,3.0140E-004
1687.170000,3.0740E-004
1687.448800,3.0180E-004
1687.727600,3.0030E-004
1688.006400,2.9000E-004
1688.285200,2.7970E-004
1688.564000,2.8950E-004
1688.842800,2.6810E-004
1689.121600,2.7780E-004
1689.400400,2.8250E-004
1689.679200,2.7640E-004
1689.958000,2.5490E-004
1690.236800,2.6760E-004
1690.515600,2.5890E-004
1690.794400,2.4870E-004
1691.073200,2.4370E-004
1691.352000,2.4800E-004
1691.630800,2.3390E-004
1691.909600,2.3410E-004
1692.188400,2.3910E-004
1692.467200,2.2510E-004
1692.746000,2.3000E-004
1693.024800,2.2730E-004
1693.303600,2.2420E-004
1693.582400,2.1730E-004
1693.861200,2.2070E-004
1694.140000,2.2270E-004
1694.418800,2.1060E-004
1694.697600,2.1150E-004
1694.976400,2.1620E-004
1695.255200,2.0240E-004
1695.534000,2.1400E-004
1695.812800,2.0560E-004
1696.091600,1.9320E-004
1696.370400,1.9870E-004
1696.649200,1.8970E-004
1696.928000,1.8410E-004
1697.206800,1.8010E-004
1697.485600,1.8030E-004
1697.764400,1.8650E-004
1698.043200,1.6970E-004
1698.322000,1.7160E-004
1698.600800,1.7450E-004
1698.879600,1.6300E-004
1699.158400,1.7250E-004
1699.437200,1.6230E-004
1699.716000,1.6200E-004
1699.994800,1.6150E-004
1700.273600,1.5920E-004
1700.552400,1.5760E-004
1700.831200,1.6340E-004
1701.110000,1.5280E-004
1701.388800,1.6280E-004
1701.667600,1.5690E-004
1701.946400,1.5640E-004
1702.225200,1.4990E-004
1702.504000,1.4970E-004
1702.782800,1.5380E-004
1703.061600,1.5040E-004
1703.340400,1.4770E-004
1703.619200,1.3900E-004
1703.898000,1.3950E-004
1704.176800,1.3450E-004
1704.455600,1.4020E-004
1704.734400,1.3790E-004
1705.013200,1.3850E-004
1705.292000,1.3090E-004
1705.570800,1.2420E-004
1705.849600,1.2360E-004
1706.128400,1.3240E-004
1706.407200,1.2350E-004
1706.686000,1.1630E-004
1706.964800,1.2670E-004
1707.243600,1.1940E-004
1707.522400,1.1480E-004
1707.801200,1.1640E-004
1708.080000,1.0990E-004
1708.358800,1.0920E-004
1708.637600,1.1420E-004
1708.916400,1.1930E-004
1709.195200,1.0840E-004
1709.474000,1.0960E-004
1709.752800,1.0610E-004
1710.031600,1.0930E-004
1710.310400,1.0400E-004
1710.589200,1.0050E-004
1710.868000,9.6480E-005
1711.146800,1.0100E-004
1711.425600,9.4180E-005
1711.704400,9.7200E-005
1711.983200,9.4160E-005
1712.262000,9.6160E-005
1712.540800,9.2910E-005
1712.819600,8.6720E-005
1713.098400,9.2640E-005
1713.377200,8.6210E-005
1713.656000,8.9800E-005
1713.934800,9.1260E-005
1714.213600,9.0020E-005
1714.492400,8.6890E-005
1714.771200,8.3210E-005
1715.050000,8.5610E-005
1715.328800,8.8450E-005
1715.607600,8.6950E-005
1715.886400,8.3350E-005
1716.165200,8.0950E-005
1716.444000,8.1400E-005
1716.722800,8.0550E-005
1717.001600,8.0800E-005
1717.280400,7.5480E-005
1717.559200,7.6070E-005
1717.838000,7.3360E-005
1718.116800,7.4400E-005
1718.395600,7.3780E-005
1718.674400,7.1920E-005
1718.953200,7.5290E-005
1719.232000,7.3680E-005
1719.510800,6.9130E-005
1719.789600,7.2800E-005
1720.068400,7.4280E-005
1720.347200,7.4670E-005
1720.626000,7.2770E-005
1720.904800,7.4370E-005
1721.183600,6.8740E-005
1721.462400,7.2000E-005
1721.741200,7.0820E-005
1722.020000,6.8170E-005
1722.298800,6.9100E-005
1722.577600,6.6800E-005
1722.856400,6.8610E-005
1723.135200,6.8070E-005
1723.414000,6.2690E-005
1723.692800,6.6920E-005
1723.971600,6.4600E-005
1724.250400,6.2710E-005
1724.529200,6.3730E-005
1724.808000,6.3150E-005
1725.086800,6.4690E-005
1725.365600,6.2140E-005
1725.644400,6.1880E-005
1725.923200,6.0140E-005
1726.202000,6.2670E-005
1726.480800,6.0780E-005
1726.759600,5.8650E-005
1727.038400,6.3210E-005
1727.317200,6.1770E-005
1727.596000,6.0360E-005
1727.874800,6.0330E-005
1728.153600,5.7160E-005
1728.432400,6.0460E-005
1728.711200,5.9040E-005
1728.990000,5.8450E-005
1729.268800,5.9030E-005
1729.547600,5.7760E-005
1729.826400,5.5220E-005
1730.105200,5.9270E-005
1730.384000,5.4050E-005
1730.662800,5.5210E-005
1730.941600,5.2460E-005
1731.220400,5.4790E-005
1731.499200,5.2460E-005
1731.778000,5.2330E-005
1732.056800,5.5580E-005
1732.335600,5.3010E-005
1732.614400,5.1860E-005
1732.893200,5.2430E-005
1733.172000,5.4360E-005
1733.450800,5.3460E-005
1733.729600,5.1840E-005
1734.008400,5.3510E-005
1734.287200,5.2570E-005
1734.566000,5.0180E-005
1734.844800,5.4820E-005
1735.123600,5.4320E-005
1735.402400,5.0630E-005
1735.681200,5.0790E-005
1735.960000,4.7730E-005
1736.238800,5.2330E-005
1736.517600,5.5270E-005
1736.796400,4.8780E-005
1737.075200,4.9580E-005
1737.354000,4.7660E-005
1737.632800,4.9900E-005
1737.911600,5.0580E-005
1738.190400,4.7760E-005
1738.469200,4.8540E-005
1738.748000,4.8160E-005
1739.026800,4.9350E-005
1739.305600,4.6210E-005
1739.584400,4.8170E-005
1739.863200,4.5400E-005
1740.142000,4.4360E-005
1740.420800,4.6830E-005
1740.699600,4.6970E-005
1740.978400,4.4370E-005
1741.257200,4.3100E-005
1741.536000,4.5640E-005
1741.814800,4.7490E-005
1742.093600,4.5080E-005
1742.372400,4.5400E-005
1742.651200,4.9000E-005
1742.930000,4.7710E-005
1743.208800,4.3740E-005
1743.487600,4.3760E-005
1743.766400,4.3250E-005
1744.045200,4.5650E-005
1744.324000,4.4100E-005
1744.602800,4.7480E-005
1744.881600,4.4400E-005
1745.160400,4.3410E-005
1745.439200,4.3420E-005
1745.718000,4.5310E-005
1745.996800,4.5800E-005
1746.275600,4.0350E-005
1746.554400,4.2680E-005
1746.833200,4.1410E-005
1747.112000,4.0480E-005
1747.390800,4.2300E-005
1747.669600,4.2270E-005
1747.948400,4.1560E-005
1748.227200,4.0600E-005
1748.506000,3.9120E-005
1748.784800,4.1500E-005
1749.063600,3.6050E-005
1749.342400,3.6950E-005
1749.621200,3.9300E-005
1749.900000,3.6670E-005
